==== p3 chain start 2026-10-07  2:43:30.39 
W1007 02:43:32.096000 64640 .venv\Lib\site-packages\torch\utils\flop_counter.py:29] triton not found; flop counting will not work for triton kernels
==== stage lr start 02:43:33
  [dense d=1 bp lr=0.3 s0] step 1000/1407 acc 0.0980 loss nan (2s)
  [dense d=1 bp lr=0.3 s0] step 1407/1407 acc 0.0980 loss nan (2s)
  -> results\p3\lr\dense_d1\bp_lr0.3.json final 0.0980 alive 2048/2048 active 1,861,632 (2s)
  [dense d=1 bp lr=0.1 s0] step 1000/1407 acc 0.9752 loss 0.099 (2s)
  [dense d=1 bp lr=0.1 s0] step 1407/1407 acc 0.9783 loss 0.008 (2s)
  -> results\p3\lr\dense_d1\bp_lr0.1.json final 0.9783 alive 2048/2048 active 1,861,632 (2s)
  [dense d=1 bp lr=0.03 s0] step 1000/1407 acc 0.9760 loss 0.118 (2s)
  [dense d=1 bp lr=0.03 s0] step 1407/1407 acc 0.9809 loss 0.020 (2s)
  -> results\p3\lr\dense_d1\bp_lr0.03.json final 0.9809 alive 2048/2048 active 1,861,632 (2s)
  [dense d=1 bp lr=0.01 s0] step 1000/1407 acc 0.9662 loss 0.256 (2s)
  [dense d=1 bp lr=0.01 s0] step 1407/1407 acc 0.9750 loss 0.033 (2s)
  -> results\p3\lr\dense_d1\bp_lr0.01.json final 0.9750 alive 2048/2048 active 1,861,632 (2s)
  [dense d=1 bp lr=0.003 s0] step 1000/1407 acc 0.9398 loss 0.501 (2s)
  [dense d=1 bp lr=0.003 s0] step 1407/1407 acc 0.9527 loss 0.120 (2s)
  -> results\p3\lr\dense_d1\bp_lr0.003.json final 0.9527 alive 2048/2048 active 1,861,632 (2s)
[lr] dense_d1/bp -> (0.03, 0.98)
  [dense d=1 dfa lr=0.3 s0] step 1000/1407 acc 0.9021 loss 3032826194690048.000 (1s)
  [dense d=1 dfa lr=0.3 s0] step 1407/1407 acc 0.9069 loss 1321567476776960.000 (2s)
  -> results\p3\lr\dense_d1\dfa_lr0.3.json final 0.9069 alive 2048/2048 active 1,861,632 (2s)
  [dense d=1 dfa lr=0.1 s0] step 1000/1407 acc 0.9091 loss 2086992871424.000 (1s)
  [dense d=1 dfa lr=0.1 s0] step 1407/1407 acc 0.9163 loss 1446413074432.000 (2s)
  -> results\p3\lr\dense_d1\dfa_lr0.1.json final 0.9163 alive 2048/2048 active 1,861,632 (2s)
  [dense d=1 dfa lr=0.03 s0] step 1000/1407 acc 0.9110 loss 2114096128.000 (1s)
  [dense d=1 dfa lr=0.03 s0] step 1407/1407 acc 0.9268 loss 313819520.000 (2s)
  -> results\p3\lr\dense_d1\dfa_lr0.03.json final 0.9268 alive 2048/2048 active 1,861,632 (2s)
  [dense d=1 dfa lr=0.01 s0] step 1000/1407 acc 0.9061 loss 796492.812 (1s)
  [dense d=1 dfa lr=0.01 s0] step 1407/1407 acc 0.9219 loss 168973.109 (2s)
  -> results\p3\lr\dense_d1\dfa_lr0.01.json final 0.9219 alive 2048/2048 active 1,861,632 (2s)
  [dense d=1 dfa lr=0.003 s0] step 1000/1407 acc 0.9306 loss 98.033 (1s)
  [dense d=1 dfa lr=0.003 s0] step 1407/1407 acc 0.9293 loss 21.254 (2s)
  -> results\p3\lr\dense_d1\dfa_lr0.003.json final 0.9293 alive 2048/2048 active 1,861,632 (2s)
  [dense d=1 dfa lr=0.001 s0] step 1000/1407 acc 0.9372 loss 0.589 (1s)
  [dense d=1 dfa lr=0.001 s0] step 1407/1407 acc 0.9473 loss 0.110 (2s)
  -> results\p3\lr\dense_d1\dfa_lr0.001.json final 0.9473 alive 2048/2048 active 1,861,632 (2s)
[lr] dense_d1/dfa -> (0.001, 0.9475333333333333)
  [dense d=1 fg lr=0.03 s0] step 1000/1407 acc 0.0980 loss nan (15s)
  [dense d=1 fg lr=0.03 s0] step 1407/1407 acc 0.0980 loss nan (20s)
  -> results\p3\lr\dense_d1\fg_lr0.03.json final 0.0980 alive 2048/2048 active 1,861,632 (20s)
  [dense d=1 fg lr=0.01 s0] step 1000/1407 acc 0.0980 loss nan (14s)
  [dense d=1 fg lr=0.01 s0] step 1407/1407 acc 0.0980 loss nan (20s)
  -> results\p3\lr\dense_d1\fg_lr0.01.json final 0.0980 alive 2048/2048 active 1,861,632 (20s)
  [dense d=1 fg lr=0.003 s0] step 1000/1407 acc 0.0980 loss nan (14s)
  [dense d=1 fg lr=0.003 s0] step 1407/1407 acc 0.0980 loss nan (20s)
  -> results\p3\lr\dense_d1\fg_lr0.003.json final 0.0980 alive 2048/2048 active 1,861,632 (20s)
  [dense d=1 fg lr=0.001 s0] step 1000/1407 acc 0.0980 loss nan (16s)
  [dense d=1 fg lr=0.001 s0] step 1407/1407 acc 0.0980 loss nan (21s)
  -> results\p3\lr\dense_d1\fg_lr0.001.json final 0.0980 alive 2048/2048 active 1,861,632 (21s)
  [dense d=1 fg lr=0.0003 s0] step 1000/1407 acc 0.0980 loss nan (15s)
  [dense d=1 fg lr=0.0003 s0] step 1407/1407 acc 0.0980 loss nan (20s)
  -> results\p3\lr\dense_d1\fg_lr0.0003.json final 0.0980 alive 2048/2048 active 1,861,632 (20s)
  [dense d=1 fg lr=0.0001 s0] step 1000/1407 acc 0.7711 loss 1.313 (14s)
  [dense d=1 fg lr=0.0001 s0] step 1407/1407 acc 0.8226 loss 0.776 (21s)
  -> results\p3\lr\dense_d1\fg_lr0.0001.json final 0.8226 alive 2048/2048 active 1,861,632 (21s)
  [dense d=1 fg lr=3e-05 s0] step 1000/1407 acc 0.5473 loss 2.106 (14s)
  [dense d=1 fg lr=3e-05 s0] step 1407/1407 acc 0.6260 loss 2.028 (20s)
  -> results\p3\lr\dense_d1\fg_lr3e-05.json final 0.6260 alive 2048/2048 active 1,861,632 (20s)
[lr] dense_d1/fg -> (0.0001, 0.8170000000000001)
  [dense d=1 wp lr=0.03 s0] step 1000/1407 acc 0.0925 loss 6354383359853035512465451615518720.000 (13s)
  [dense d=1 wp lr=0.03 s0] step 1407/1407 acc 0.0925 loss 6569079300866299013541206729687040.000 (19s)
  -> results\p3\lr\dense_d1\wp_lr0.03.json final 0.0925 alive 2048/2048 active 1,861,632 (19s)
  [dense d=1 wp lr=0.01 s0] step 1000/1407 acc 0.0980 loss nan (13s)
  [dense d=1 wp lr=0.01 s0] step 1407/1407 acc 0.0980 loss nan (19s)
  -> results\p3\lr\dense_d1\wp_lr0.01.json final 0.0980 alive 2048/2048 active 1,861,632 (19s)
  [dense d=1 wp lr=0.003 s0] step 1000/1407 acc 0.0980 loss nan (13s)
  [dense d=1 wp lr=0.003 s0] step 1407/1407 acc 0.0980 loss nan (19s)
  -> results\p3\lr\dense_d1\wp_lr0.003.json final 0.0980 alive 2048/2048 active 1,861,632 (19s)
  [dense d=1 wp lr=0.001 s0] step 1000/1407 acc 0.0752 loss 161369752538104774824288694778724352.000 (13s)
  [dense d=1 wp lr=0.001 s0] step 1407/1407 acc 0.0752 loss 156736311330904939267058659089186816.000 (19s)
  -> results\p3\lr\dense_d1\wp_lr0.001.json final 0.0752 alive 2048/2048 active 1,861,632 (19s)
  [dense d=1 wp lr=0.0003 s0] step 1000/1407 acc 0.0980 loss nan (13s)
  [dense d=1 wp lr=0.0003 s0] step 1407/1407 acc 0.0980 loss nan (18s)
  -> results\p3\lr\dense_d1\wp_lr0.0003.json final 0.0980 alive 2048/2048 active 1,861,632 (18s)
  [dense d=1 wp lr=0.0001 s0] step 1000/1407 acc 0.7686 loss 1.323 (13s)
  [dense d=1 wp lr=0.0001 s0] step 1407/1407 acc 0.8199 loss 0.778 (18s)
  -> results\p3\lr\dense_d1\wp_lr0.0001.json final 0.8199 alive 2048/2048 active 1,861,632 (18s)
  [dense d=1 wp lr=3e-05 s0] step 1000/1407 acc 0.5453 loss 2.107 (13s)
  [dense d=1 wp lr=3e-05 s0] step 1407/1407 acc 0.6244 loss 2.030 (18s)
  -> results\p3\lr\dense_d1\wp_lr3e-05.json final 0.6244 alive 2048/2048 active 1,861,632 (18s)
[lr] dense_d1/wp -> (0.0001, 0.8157666666666666)
  [dense d=1 np lr=0.03 s0] step 1000/1407 acc 0.0980 loss nan (2s)
  [dense d=1 np lr=0.03 s0] step 1407/1407 acc 0.0980 loss nan (2s)
  -> results\p3\lr\dense_d1\np_lr0.03.json final 0.0980 alive 2048/2048 active 1,861,632 (2s)
  [dense d=1 np lr=0.01 s0] step 1000/1407 acc 0.0980 loss nan (2s)
  [dense d=1 np lr=0.01 s0] step 1407/1407 acc 0.0980 loss nan (2s)
  -> results\p3\lr\dense_d1\np_lr0.01.json final 0.0980 alive 2048/2048 active 1,861,632 (2s)
  [dense d=1 np lr=0.003 s0] step 1000/1407 acc 0.0980 loss nan (2s)
  [dense d=1 np lr=0.003 s0] step 1407/1407 acc 0.0980 loss nan (2s)
  -> results\p3\lr\dense_d1\np_lr0.003.json final 0.0980 alive 2048/2048 active 1,861,632 (2s)
  [dense d=1 np lr=0.001 s0] step 1000/1407 acc 0.0980 loss nan (2s)
  [dense d=1 np lr=0.001 s0] step 1407/1407 acc 0.0980 loss nan (2s)
  -> results\p3\lr\dense_d1\np_lr0.001.json final 0.0980 alive 2048/2048 active 1,861,632 (2s)
  [dense d=1 np lr=0.0003 s0] step 1000/1407 acc 0.4725 loss 3.059 (2s)
  [dense d=1 np lr=0.0003 s0] step 1407/1407 acc 0.5388 loss 8.713 (2s)
  -> results\p3\lr\dense_d1\np_lr0.0003.json final 0.5388 alive 2048/2048 active 1,861,632 (2s)
  [dense d=1 np lr=0.0001 s0] step 1000/1407 acc 0.7470 loss 1.479 (2s)
  [dense d=1 np lr=0.0001 s0] step 1407/1407 acc 0.7740 loss 1.176 (2s)
  -> results\p3\lr\dense_d1\np_lr0.0001.json final 0.7740 alive 2048/2048 active 1,861,632 (2s)
  [dense d=1 np lr=3e-05 s0] step 1000/1407 acc 0.5763 loss 2.115 (2s)
  [dense d=1 np lr=3e-05 s0] step 1407/1407 acc 0.6322 loss 2.048 (2s)
  -> results\p3\lr\dense_d1\np_lr3e-05.json final 0.6322 alive 2048/2048 active 1,861,632 (2s)
[lr] dense_d1/np -> (0.0001, 0.7770333333333334)
  [pruned d=0.01 bp lr=0.3 s0] step 1000/1407 acc 0.9785 loss 0.043 (2s)
  [pruned d=0.01 bp lr=0.3 s0] step 1407/1407 acc 0.9806 loss 0.007 (2s)
  -> results\p3\lr\pruned_d0.01\bp_lr0.3.json final 0.9806 alive 1150/2048 active 18,616 (2s)
  [pruned d=0.01 bp lr=0.1 s0] step 1000/1407 acc 0.9791 loss 0.109 (2s)
  [pruned d=0.01 bp lr=0.1 s0] step 1407/1407 acc 0.9815 loss 0.007 (2s)
  -> results\p3\lr\pruned_d0.01\bp_lr0.1.json final 0.9815 alive 1150/2048 active 18,616 (2s)
  [pruned d=0.01 bp lr=0.03 s0] step 1000/1407 acc 0.9718 loss 0.229 (2s)
  [pruned d=0.01 bp lr=0.03 s0] step 1407/1407 acc 0.9772 loss 0.033 (3s)
  -> results\p3\lr\pruned_d0.01\bp_lr0.03.json final 0.9772 alive 1150/2048 active 18,616 (3s)
  [pruned d=0.01 bp lr=0.01 s0] step 1000/1407 acc 0.9436 loss 0.431 (2s)
  [pruned d=0.01 bp lr=0.01 s0] step 1407/1407 acc 0.9577 loss 0.121 (3s)
  -> results\p3\lr\pruned_d0.01\bp_lr0.01.json final 0.9577 alive 1150/2048 active 18,616 (3s)
  [pruned d=0.01 bp lr=0.003 s0] step 1000/1407 acc 0.4630 loss 1.949 (2s)
  [pruned d=0.01 bp lr=0.003 s0] step 1407/1407 acc 0.7956 loss 0.801 (3s)
  -> results\p3\lr\pruned_d0.01\bp_lr0.003.json final 0.7956 alive 1150/2048 active 18,616 (3s)
[lr] pruned_d0.01/bp -> (0.1, 0.9808666666666667)
  [pruned d=0.01 dfa lr=0.3 s0] step 1000/1407 acc 0.9049 loss 273627264.000 (1s)
  [pruned d=0.01 dfa lr=0.3 s0] step 1407/1407 acc 0.9116 loss 152080448.000 (2s)
  -> results\p3\lr\pruned_d0.01\dfa_lr0.3.json final 0.9116 alive 1150/2048 active 18,616 (2s)
  [pruned d=0.01 dfa lr=0.1 s0] step 1000/1407 acc 0.9331 loss 76901.273 (1s)
  [pruned d=0.01 dfa lr=0.1 s0] step 1407/1407 acc 0.8959 loss 62447.875 (2s)
  -> results\p3\lr\pruned_d0.01\dfa_lr0.1.json final 0.8959 alive 1150/2048 active 18,616 (2s)
  [pruned d=0.01 dfa lr=0.03 s0] step 1000/1407 acc 0.9094 loss 14.025 (1s)
  [pruned d=0.01 dfa lr=0.03 s0] step 1407/1407 acc 0.9240 loss 5.122 (2s)
  -> results\p3\lr\pruned_d0.01\dfa_lr0.03.json final 0.9240 alive 1150/2048 active 18,616 (2s)
  [pruned d=0.01 dfa lr=0.01 s0] step 1000/1407 acc 0.9285 loss 0.480 (1s)
  [pruned d=0.01 dfa lr=0.01 s0] step 1407/1407 acc 0.9380 loss 0.157 (2s)
  -> results\p3\lr\pruned_d0.01\dfa_lr0.01.json final 0.9380 alive 1150/2048 active 18,616 (2s)
  [pruned d=0.01 dfa lr=0.003 s0] step 1000/1407 acc 0.9038 loss 0.638 (1s)
  [pruned d=0.01 dfa lr=0.003 s0] step 1407/1407 acc 0.9176 loss 0.261 (2s)
  -> results\p3\lr\pruned_d0.01\dfa_lr0.003.json final 0.9176 alive 1150/2048 active 18,616 (2s)
  [pruned d=0.01 dfa lr=0.001 s0] step 1000/1407 acc 0.8506 loss 0.817 (1s)
  [pruned d=0.01 dfa lr=0.001 s0] step 1407/1407 acc 0.8727 loss 0.410 (2s)
  -> results\p3\lr\pruned_d0.01\dfa_lr0.001.json final 0.8727 alive 1150/2048 active 18,616 (2s)
[lr] pruned_d0.01/dfa -> (0.01, 0.9396333333333334)
  [pruned d=0.01 fg lr=0.03 s0] step 1000/1407 acc 0.0980 loss nan (26s)
  [pruned d=0.01 fg lr=0.03 s0] step 1407/1407 acc 0.0980 loss nan (36s)
  -> results\p3\lr\pruned_d0.01\fg_lr0.03.json final 0.0980 alive 1150/2048 active 18,616 (36s)
  [pruned d=0.01 fg lr=0.01 s0] step 1000/1407 acc 0.0980 loss nan (25s)
  [pruned d=0.01 fg lr=0.01 s0] step 1407/1407 acc 0.0980 loss nan (36s)
  -> results\p3\lr\pruned_d0.01\fg_lr0.01.json final 0.0980 alive 1150/2048 active 18,616 (36s)
  [pruned d=0.01 fg lr=0.003 s0] step 1000/1407 acc 0.4452 loss 1.933 (26s)
  [pruned d=0.01 fg lr=0.003 s0] step 1407/1407 acc 0.8218 loss 0.598 (36s)
  -> results\p3\lr\pruned_d0.01\fg_lr0.003.json final 0.8218 alive 1150/2048 active 18,616 (36s)
  [pruned d=0.01 fg lr=0.001 s0] step 1000/1407 acc 0.1135 loss 2.282 (26s)
  [pruned d=0.01 fg lr=0.001 s0] step 1407/1407 acc 0.1435 loss 2.272 (37s)
  -> results\p3\lr\pruned_d0.01\fg_lr0.001.json final 0.1435 alive 1150/2048 active 18,616 (37s)
  [pruned d=0.01 fg lr=0.0003 s0] step 1000/1407 acc 0.1138 loss 2.292 (26s)
  [pruned d=0.01 fg lr=0.0003 s0] step 1407/1407 acc 0.1135 loss 2.288 (37s)
  -> results\p3\lr\pruned_d0.01\fg_lr0.0003.json final 0.1135 alive 1150/2048 active 18,616 (37s)
  [pruned d=0.01 fg lr=0.0001 s0] step 1000/1407 acc 0.3010 loss 2.295 (27s)
  [pruned d=0.01 fg lr=0.0001 s0] step 1407/1407 acc 0.2654 loss 2.291 (38s)
  -> results\p3\lr\pruned_d0.01\fg_lr0.0001.json final 0.2654 alive 1150/2048 active 18,616 (38s)
  [pruned d=0.01 fg lr=3e-05 s0] step 1000/1407 acc 0.2663 loss 2.296 (26s)
  [pruned d=0.01 fg lr=3e-05 s0] step 1407/1407 acc 0.2985 loss 2.292 (38s)
  -> results\p3\lr\pruned_d0.01\fg_lr3e-05.json final 0.2985 alive 1150/2048 active 18,616 (38s)
[lr] pruned_d0.01/fg -> (0.003, 0.8085666666666667)
  [pruned d=0.01 wp lr=0.03 s0] step 1000/1407 acc 0.0972 loss 219489593016012542513366838542336.000 (14s)
  [pruned d=0.01 wp lr=0.03 s0] step 1407/1407 acc 0.0972 loss 275042055564878413179131061600256.000 (21s)
  -> results\p3\lr\pruned_d0.01\wp_lr0.03.json final 0.0972 alive 1150/2048 active 18,616 (21s)
  [pruned d=0.01 wp lr=0.01 s0] step 1000/1407 acc 0.0980 loss nan (14s)
  [pruned d=0.01 wp lr=0.01 s0] step 1407/1407 acc 0.0980 loss nan (20s)
  -> results\p3\lr\pruned_d0.01\wp_lr0.01.json final 0.0980 alive 1150/2048 active 18,616 (20s)
  [pruned d=0.01 wp lr=0.003 s0] step 1000/1407 acc 0.4485 loss 1.932 (14s)
  [pruned d=0.01 wp lr=0.003 s0] step 1407/1407 acc 0.8192 loss 0.598 (20s)
  -> results\p3\lr\pruned_d0.01\wp_lr0.003.json final 0.8192 alive 1150/2048 active 18,616 (20s)
  [pruned d=0.01 wp lr=0.001 s0] step 1000/1407 acc 0.1135 loss 2.282 (14s)
  [pruned d=0.01 wp lr=0.001 s0] step 1407/1407 acc 0.1426 loss 2.272 (20s)
  -> results\p3\lr\pruned_d0.01\wp_lr0.001.json final 0.1426 alive 1150/2048 active 18,616 (20s)
  [pruned d=0.01 wp lr=0.0003 s0] step 1000/1407 acc 0.1137 loss 2.292 (14s)
  [pruned d=0.01 wp lr=0.0003 s0] step 1407/1407 acc 0.1135 loss 2.288 (20s)
  -> results\p3\lr\pruned_d0.01\wp_lr0.0003.json final 0.1135 alive 1150/2048 active 18,616 (20s)
  [pruned d=0.01 wp lr=0.0001 s0] step 1000/1407 acc 0.3009 loss 2.295 (15s)
  [pruned d=0.01 wp lr=0.0001 s0] step 1407/1407 acc 0.2651 loss 2.291 (21s)
  -> results\p3\lr\pruned_d0.01\wp_lr0.0001.json final 0.2651 alive 1150/2048 active 18,616 (21s)
  [pruned d=0.01 wp lr=3e-05 s0] step 1000/1407 acc 0.2662 loss 2.296 (14s)
  [pruned d=0.01 wp lr=3e-05 s0] step 1407/1407 acc 0.2984 loss 2.292 (20s)
  -> results\p3\lr\pruned_d0.01\wp_lr3e-05.json final 0.2984 alive 1150/2048 active 18,616 (20s)
[lr] pruned_d0.01/wp -> (0.003, 0.8061333333333334)
  [pruned d=0.01 np lr=0.03 s0] step 1000/1407 acc 0.0980 loss nan (2s)
  [pruned d=0.01 np lr=0.03 s0] step 1407/1407 acc 0.0980 loss nan (2s)
  -> results\p3\lr\pruned_d0.01\np_lr0.03.json final 0.0980 alive 1150/2048 active 18,616 (2s)
  [pruned d=0.01 np lr=0.01 s0] step 1000/1407 acc 0.0980 loss nan (2s)
  [pruned d=0.01 np lr=0.01 s0] step 1407/1407 acc 0.0980 loss nan (2s)
  -> results\p3\lr\pruned_d0.01\np_lr0.01.json final 0.0980 alive 1150/2048 active 18,616 (2s)
  [pruned d=0.01 np lr=0.003 s0] step 1000/1407 acc 0.7847 loss 0.742 (2s)
  [pruned d=0.01 np lr=0.003 s0] step 1407/1407 acc 0.8088 loss 0.729 (2s)
  -> results\p3\lr\pruned_d0.01\np_lr0.003.json final 0.8088 alive 1150/2048 active 18,616 (2s)
  [pruned d=0.01 np lr=0.001 s0] step 1000/1407 acc 0.1135 loss 2.294 (2s)
  [pruned d=0.01 np lr=0.001 s0] step 1407/1407 acc 0.1324 loss 2.281 (3s)
  -> results\p3\lr\pruned_d0.01\np_lr0.001.json final 0.1324 alive 1150/2048 active 18,616 (3s)
  [pruned d=0.01 np lr=0.0003 s0] step 1000/1407 acc 0.1135 loss 2.299 (2s)
  [pruned d=0.01 np lr=0.0003 s0] step 1407/1407 acc 0.1135 loss 2.294 (3s)
  -> results\p3\lr\pruned_d0.01\np_lr0.0003.json final 0.1135 alive 1150/2048 active 18,616 (3s)
  [pruned d=0.01 np lr=0.0001 s0] step 1000/1407 acc 0.2430 loss 2.299 (2s)
  [pruned d=0.01 np lr=0.0001 s0] step 1407/1407 acc 0.1185 loss 2.295 (3s)
  -> results\p3\lr\pruned_d0.01\np_lr0.0001.json final 0.1185 alive 1150/2048 active 18,616 (3s)
  [pruned d=0.01 np lr=3e-05 s0] step 1000/1407 acc 0.2907 loss 2.300 (2s)
  [pruned d=0.01 np lr=3e-05 s0] step 1407/1407 acc 0.3070 loss 2.296 (3s)
  -> results\p3\lr\pruned_d0.01\np_lr3e-05.json final 0.3070 alive 1150/2048 active 18,616 (3s)
[lr] pruned_d0.01/np -> (0.003, 0.8140000000000001)
  [random_mask d=0.01 bp lr=0.3 s0] step 1000/1407 acc 0.9229 loss 0.449 (2s)
  [random_mask d=0.01 bp lr=0.3 s0] step 1407/1407 acc 0.9274 loss 0.156 (3s)
  -> results\p3\lr\random_mask_d0.01\bp_lr0.3.json final 0.9274 alive 1696/2048 active 18,616 (3s)
  [random_mask d=0.01 bp lr=0.1 s0] step 1000/1407 acc 0.9000 loss 0.722 (2s)
  [random_mask d=0.01 bp lr=0.1 s0] step 1407/1407 acc 0.9163 loss 0.258 (3s)
  -> results\p3\lr\random_mask_d0.01\bp_lr0.1.json final 0.9163 alive 1696/2048 active 18,616 (3s)
  [random_mask d=0.01 bp lr=0.03 s0] step 1000/1407 acc 0.7756 loss 0.969 (2s)
  [random_mask d=0.01 bp lr=0.03 s0] step 1407/1407 acc 0.8519 loss 0.517 (2s)
  -> results\p3\lr\random_mask_d0.01\bp_lr0.03.json final 0.8519 alive 1696/2048 active 18,616 (2s)
  [random_mask d=0.01 bp lr=0.01 s0] step 1000/1407 acc 0.1135 loss 2.298 (2s)
  [random_mask d=0.01 bp lr=0.01 s0] step 1407/1407 acc 0.1135 loss 2.291 (2s)
  -> results\p3\lr\random_mask_d0.01\bp_lr0.01.json final 0.1135 alive 1696/2048 active 18,616 (2s)
  [random_mask d=0.01 bp lr=0.003 s0] step 1000/1407 acc 0.1135 loss 2.299 (2s)
  [random_mask d=0.01 bp lr=0.003 s0] step 1407/1407 acc 0.1135 loss 2.300 (2s)
  -> results\p3\lr\random_mask_d0.01\bp_lr0.003.json final 0.1135 alive 1696/2048 active 18,616 (2s)
[lr] random_mask_d0.01/bp -> (0.3, 0.9314)
  [random_mask d=0.01 dfa lr=0.3 s0] step 1000/1407 acc 0.8298 loss 462961056.000 (1s)
  [random_mask d=0.01 dfa lr=0.3 s0] step 1407/1407 acc 0.7653 loss 693954560.000 (2s)
  -> results\p3\lr\random_mask_d0.01\dfa_lr0.3.json final 0.7653 alive 1696/2048 active 18,616 (2s)
  [random_mask d=0.01 dfa lr=0.1 s0] step 1000/1407 acc 0.7593 loss 195743.156 (2s)
  [random_mask d=0.01 dfa lr=0.1 s0] step 1407/1407 acc 0.8378 loss 110083.375 (2s)
  -> results\p3\lr\random_mask_d0.01\dfa_lr0.1.json final 0.8378 alive 1696/2048 active 18,616 (2s)
  [random_mask d=0.01 dfa lr=0.03 s0] step 1000/1407 acc 0.8576 loss 26.275 (2s)
  [random_mask d=0.01 dfa lr=0.03 s0] step 1407/1407 acc 0.8417 loss 24.900 (2s)
  -> results\p3\lr\random_mask_d0.01\dfa_lr0.03.json final 0.8417 alive 1696/2048 active 18,616 (2s)
  [random_mask d=0.01 dfa lr=0.01 s0] step 1000/1407 acc 0.8695 loss 0.739 (1s)
  [random_mask d=0.01 dfa lr=0.01 s0] step 1407/1407 acc 0.8754 loss 0.411 (2s)
  -> results\p3\lr\random_mask_d0.01\dfa_lr0.01.json final 0.8754 alive 1696/2048 active 18,616 (2s)
  [random_mask d=0.01 dfa lr=0.003 s0] step 1000/1407 acc 0.8169 loss 0.790 (1s)
  [random_mask d=0.01 dfa lr=0.003 s0] step 1407/1407 acc 0.8504 loss 0.442 (2s)
  -> results\p3\lr\random_mask_d0.01\dfa_lr0.003.json final 0.8504 alive 1696/2048 active 18,616 (2s)
  [random_mask d=0.01 dfa lr=0.001 s0] step 1000/1407 acc 0.5883 loss 1.394 (1s)
  [random_mask d=0.01 dfa lr=0.001 s0] step 1407/1407 acc 0.7057 loss 0.871 (2s)
  -> results\p3\lr\random_mask_d0.01\dfa_lr0.001.json final 0.7057 alive 1696/2048 active 18,616 (2s)
[lr] random_mask_d0.01/dfa -> (0.01, 0.8713000000000001)
  [random_mask d=0.01 fg lr=0.03 s0] step 1000/1407 acc 0.0980 loss nan (27s)
  [random_mask d=0.01 fg lr=0.03 s0] step 1407/1407 acc 0.0980 loss nan (39s)
  -> results\p3\lr\random_mask_d0.01\fg_lr0.03.json final 0.0980 alive 1696/2048 active 18,616 (39s)
  [random_mask d=0.01 fg lr=0.01 s0] step 1000/1407 acc 0.0980 loss nan (26s)
  [random_mask d=0.01 fg lr=0.01 s0] step 1407/1407 acc 0.0980 loss nan (36s)
  -> results\p3\lr\random_mask_d0.01\fg_lr0.01.json final 0.0980 alive 1696/2048 active 18,616 (36s)
  [random_mask d=0.01 fg lr=0.003 s0] step 1000/1407 acc 0.1135 loss 2.297 (25s)
  [random_mask d=0.01 fg lr=0.003 s0] step 1407/1407 acc 0.1135 loss 2.294 (36s)
  -> results\p3\lr\random_mask_d0.01\fg_lr0.003.json final 0.1135 alive 1696/2048 active 18,616 (36s)
  [random_mask d=0.01 fg lr=0.001 s0] step 1000/1407 acc 0.1135 loss 2.299 (26s)
  [random_mask d=0.01 fg lr=0.001 s0] step 1407/1407 acc 0.1135 loss 2.297 (37s)
  -> results\p3\lr\random_mask_d0.01\fg_lr0.001.json final 0.1135 alive 1696/2048 active 18,616 (37s)
  [random_mask d=0.01 fg lr=0.0003 s0] step 1000/1407 acc 0.1135 loss 2.301 (27s)
  [random_mask d=0.01 fg lr=0.0003 s0] step 1407/1407 acc 0.1135 loss 2.298 (37s)
  -> results\p3\lr\random_mask_d0.01\fg_lr0.0003.json final 0.1135 alive 1696/2048 active 18,616 (37s)
  [random_mask d=0.01 fg lr=0.0001 s0] step 1000/1407 acc 0.1135 loss 2.302 (26s)
  [random_mask d=0.01 fg lr=0.0001 s0] step 1407/1407 acc 0.1135 loss 2.299 (36s)
  -> results\p3\lr\random_mask_d0.01\fg_lr0.0001.json final 0.1135 alive 1696/2048 active 18,616 (36s)
  [random_mask d=0.01 fg lr=3e-05 s0] step 1000/1407 acc 0.0958 loss 2.302 (26s)
  [random_mask d=0.01 fg lr=3e-05 s0] step 1407/1407 acc 0.0958 loss 2.299 (36s)
  -> results\p3\lr\random_mask_d0.01\fg_lr3e-05.json final 0.0958 alive 1696/2048 active 18,616 (36s)
[lr] random_mask_d0.01/fg -> (0.003, 0.1135)
  [random_mask d=0.01 wp lr=0.03 s0] step 1000/1407 acc 0.1418 loss 300429683195783209241710428160.000 (15s)
  [random_mask d=0.01 wp lr=0.03 s0] step 1407/1407 acc 0.1418 loss 309332382936618721791474401280.000 (20s)
  -> results\p3\lr\random_mask_d0.01\wp_lr0.03.json final 0.1418 alive 1696/2048 active 18,616 (20s)
  [random_mask d=0.01 wp lr=0.01 s0] step 1000/1407 acc 0.0978 loss 37960564746658686363589214942003200.000 (14s)
  [random_mask d=0.01 wp lr=0.01 s0] step 1407/1407 acc 0.0978 loss 530915324841280409929903007560892416.000 (21s)
  -> results\p3\lr\random_mask_d0.01\wp_lr0.01.json final 0.0978 alive 1696/2048 active 18,616 (21s)
  [random_mask d=0.01 wp lr=0.003 s0] step 1000/1407 acc 0.1135 loss 2.297 (15s)
  [random_mask d=0.01 wp lr=0.003 s0] step 1407/1407 acc 0.1135 loss 2.294 (21s)
  -> results\p3\lr\random_mask_d0.01\wp_lr0.003.json final 0.1135 alive 1696/2048 active 18,616 (21s)
  [random_mask d=0.01 wp lr=0.001 s0] step 1000/1407 acc 0.1135 loss 2.299 (14s)
  [random_mask d=0.01 wp lr=0.001 s0] step 1407/1407 acc 0.1135 loss 2.297 (20s)
  -> results\p3\lr\random_mask_d0.01\wp_lr0.001.json final 0.1135 alive 1696/2048 active 18,616 (20s)
  [random_mask d=0.01 wp lr=0.0003 s0] step 1000/1407 acc 0.1135 loss 2.301 (14s)
  [random_mask d=0.01 wp lr=0.0003 s0] step 1407/1407 acc 0.1135 loss 2.298 (20s)
  -> results\p3\lr\random_mask_d0.01\wp_lr0.0003.json final 0.1135 alive 1696/2048 active 18,616 (20s)
  [random_mask d=0.01 wp lr=0.0001 s0] step 1000/1407 acc 0.1135 loss 2.302 (14s)
  [random_mask d=0.01 wp lr=0.0001 s0] step 1407/1407 acc 0.1135 loss 2.299 (20s)
  -> results\p3\lr\random_mask_d0.01\wp_lr0.0001.json final 0.1135 alive 1696/2048 active 18,616 (20s)
  [random_mask d=0.01 wp lr=3e-05 s0] step 1000/1407 acc 0.0958 loss 2.302 (14s)
  [random_mask d=0.01 wp lr=3e-05 s0] step 1407/1407 acc 0.0958 loss 2.299 (20s)
  -> results\p3\lr\random_mask_d0.01\wp_lr3e-05.json final 0.0958 alive 1696/2048 active 18,616 (20s)
[lr] random_mask_d0.01/wp -> (0.03, 0.1418)
  [random_mask d=0.01 np lr=0.03 s0] step 1000/1407 acc 0.0980 loss nan (2s)
  [random_mask d=0.01 np lr=0.03 s0] step 1407/1407 acc 0.0980 loss nan (3s)
  -> results\p3\lr\random_mask_d0.01\np_lr0.03.json final 0.0980 alive 1696/2048 active 18,616 (3s)
  [random_mask d=0.01 np lr=0.01 s0] step 1000/1407 acc 0.0980 loss nan (2s)
  [random_mask d=0.01 np lr=0.01 s0] step 1407/1407 acc 0.0980 loss nan (3s)
  -> results\p3\lr\random_mask_d0.01\np_lr0.01.json final 0.0980 alive 1696/2048 active 18,616 (3s)
  [random_mask d=0.01 np lr=0.003 s0] step 1000/1407 acc 0.1135 loss 2.302 (2s)
  [random_mask d=0.01 np lr=0.003 s0] step 1407/1407 acc 0.1135 loss 2.281 (3s)
  -> results\p3\lr\random_mask_d0.01\np_lr0.003.json final 0.1135 alive 1696/2048 active 18,616 (3s)
  [random_mask d=0.01 np lr=0.001 s0] step 1000/1407 acc 0.1135 loss 2.308 (2s)
  [random_mask d=0.01 np lr=0.001 s0] step 1407/1407 acc 0.1135 loss 2.301 (2s)
  -> results\p3\lr\random_mask_d0.01\np_lr0.001.json final 0.1135 alive 1696/2048 active 18,616 (2s)
  [random_mask d=0.01 np lr=0.0003 s0] step 1000/1407 acc 0.1135 loss 2.307 (2s)
  [random_mask d=0.01 np lr=0.0003 s0] step 1407/1407 acc 0.1135 loss 2.301 (3s)
  -> results\p3\lr\random_mask_d0.01\np_lr0.0003.json final 0.1135 alive 1696/2048 active 18,616 (3s)
  [random_mask d=0.01 np lr=0.0001 s0] step 1000/1407 acc 0.1135 loss 2.306 (2s)
  [random_mask d=0.01 np lr=0.0001 s0] step 1407/1407 acc 0.1135 loss 2.302 (3s)
  -> results\p3\lr\random_mask_d0.01\np_lr0.0001.json final 0.1135 alive 1696/2048 active 18,616 (3s)
  [random_mask d=0.01 np lr=3e-05 s0] step 1000/1407 acc 0.0958 loss 2.306 (2s)
  [random_mask d=0.01 np lr=3e-05 s0] step 1407/1407 acc 0.0958 loss 2.303 (3s)
  -> results\p3\lr\random_mask_d0.01\np_lr3e-05.json final 0.0958 alive 1696/2048 active 18,616 (3s)
[lr] random_mask_d0.01/np -> (0.003, 0.13153333333333334)
  [dense_small d=0.01 bp lr=0.3 s0] step 1000/1407 acc 0.2065 loss 2.059 (1s)
  [dense_small d=0.01 bp lr=0.3 s0] step 1407/1407 acc 0.2046 loss 1.912 (2s)
  -> results\p3\lr\dense_small_d0.01\bp_lr0.3.json final 0.2046 alive 46/46 active 18,791 (2s)
  [dense_small d=0.01 bp lr=0.1 s0] step 1000/1407 acc 0.9416 loss 0.341 (1s)
  [dense_small d=0.01 bp lr=0.1 s0] step 1407/1407 acc 0.9452 loss 0.127 (2s)
  -> results\p3\lr\dense_small_d0.01\bp_lr0.1.json final 0.9452 alive 46/46 active 18,791 (2s)
  [dense_small d=0.01 bp lr=0.03 s0] step 1000/1407 acc 0.9466 loss 0.335 (2s)
  [dense_small d=0.01 bp lr=0.03 s0] step 1407/1407 acc 0.9619 loss 0.104 (2s)
  -> results\p3\lr\dense_small_d0.01\bp_lr0.03.json final 0.9619 alive 46/46 active 18,791 (2s)
  [dense_small d=0.01 bp lr=0.01 s0] step 1000/1407 acc 0.9427 loss 0.399 (2s)
  [dense_small d=0.01 bp lr=0.01 s0] step 1407/1407 acc 0.9538 loss 0.121 (2s)
  -> results\p3\lr\dense_small_d0.01\bp_lr0.01.json final 0.9538 alive 46/46 active 18,791 (2s)
  [dense_small d=0.01 bp lr=0.003 s0] step 1000/1407 acc 0.9199 loss 0.560 (2s)
  [dense_small d=0.01 bp lr=0.003 s0] step 1407/1407 acc 0.9323 loss 0.190 (2s)
  -> results\p3\lr\dense_small_d0.01\bp_lr0.003.json final 0.9323 alive 46/46 active 18,791 (2s)
[lr] dense_small_d0.01/bp -> (0.03, 0.9563)
  [dense_small d=0.01 dfa lr=0.3 s0] step 1000/1407 acc 0.1009 loss 2.302 (1s)
  [dense_small d=0.01 dfa lr=0.3 s0] step 1407/1407 acc 0.1135 loss 2.305 (2s)
  -> results\p3\lr\dense_small_d0.01\dfa_lr0.3.json final 0.1135 alive 46/46 active 18,791 (2s)
  [dense_small d=0.01 dfa lr=0.1 s0] step 1000/1407 acc 0.1135 loss 2.295 (1s)
  [dense_small d=0.01 dfa lr=0.1 s0] step 1407/1407 acc 0.1135 loss 2.296 (2s)
  -> results\p3\lr\dense_small_d0.01\dfa_lr0.1.json final 0.1135 alive 46/46 active 18,791 (2s)
  [dense_small d=0.01 dfa lr=0.03 s0] step 1000/1407 acc 0.1266 loss 2.232 (1s)
  [dense_small d=0.01 dfa lr=0.03 s0] step 1407/1407 acc 0.1137 loss 2.299 (2s)
  -> results\p3\lr\dense_small_d0.01\dfa_lr0.03.json final 0.1137 alive 46/46 active 18,791 (2s)
  [dense_small d=0.01 dfa lr=0.01 s0] step 1000/1407 acc 0.9141 loss 27.027 (1s)
  [dense_small d=0.01 dfa lr=0.01 s0] step 1407/1407 acc 0.9027 loss 16.612 (2s)
  -> results\p3\lr\dense_small_d0.01\dfa_lr0.01.json final 0.9027 alive 46/46 active 18,791 (2s)
  [dense_small d=0.01 dfa lr=0.003 s0] step 1000/1407 acc 0.9148 loss 0.649 (1s)
  [dense_small d=0.01 dfa lr=0.003 s0] step 1407/1407 acc 0.9109 loss 0.256 (2s)
  -> results\p3\lr\dense_small_d0.01\dfa_lr0.003.json final 0.9109 alive 46/46 active 18,791 (2s)
  [dense_small d=0.01 dfa lr=0.001 s0] step 1000/1407 acc 0.8953 loss 0.744 (1s)
  [dense_small d=0.01 dfa lr=0.001 s0] step 1407/1407 acc 0.9096 loss 0.310 (2s)
  -> results\p3\lr\dense_small_d0.01\dfa_lr0.001.json final 0.9096 alive 46/46 active 18,791 (2s)
[lr] dense_small_d0.01/dfa -> (0.003, 0.9144666666666668)
  [dense_small d=0.01 fg lr=0.03 s0] step 1000/1407 acc 0.0980 loss nan (14s)
  [dense_small d=0.01 fg lr=0.03 s0] step 1407/1407 acc 0.0980 loss nan (20s)
  -> results\p3\lr\dense_small_d0.01\fg_lr0.03.json final 0.0980 alive 46/46 active 18,791 (20s)
  [dense_small d=0.01 fg lr=0.01 s0] step 1000/1407 acc 0.0980 loss nan (14s)
  [dense_small d=0.01 fg lr=0.01 s0] step 1407/1407 acc 0.0980 loss nan (20s)
  -> results\p3\lr\dense_small_d0.01\fg_lr0.01.json final 0.0980 alive 46/46 active 18,791 (20s)
  [dense_small d=0.01 fg lr=0.003 s0] step 1000/1407 acc 0.0980 loss nan (14s)
  [dense_small d=0.01 fg lr=0.003 s0] step 1407/1407 acc 0.0980 loss nan (20s)
  -> results\p3\lr\dense_small_d0.01\fg_lr0.003.json final 0.0980 alive 46/46 active 18,791 (20s)
  [dense_small d=0.01 fg lr=0.001 s0] step 1000/1407 acc 0.6350 loss 1.633 (14s)
  [dense_small d=0.01 fg lr=0.001 s0] step 1407/1407 acc 0.5546 loss 2.361 (20s)
  -> results\p3\lr\dense_small_d0.01\fg_lr0.001.json final 0.5546 alive 46/46 active 18,791 (20s)
  [dense_small d=0.01 fg lr=0.0003 s0] step 1000/1407 acc 0.7808 loss 0.976 (14s)
  [dense_small d=0.01 fg lr=0.0003 s0] step 1407/1407 acc 0.8205 loss 0.650 (20s)
  -> results\p3\lr\dense_small_d0.01\fg_lr0.0003.json final 0.8205 alive 46/46 active 18,791 (20s)
  [dense_small d=0.01 fg lr=0.0001 s0] step 1000/1407 acc 0.3308 loss 2.103 (14s)
  [dense_small d=0.01 fg lr=0.0001 s0] step 1407/1407 acc 0.5021 loss 1.951 (20s)
  -> results\p3\lr\dense_small_d0.01\fg_lr0.0001.json final 0.5021 alive 46/46 active 18,791 (20s)
  [dense_small d=0.01 fg lr=3e-05 s0] step 1000/1407 acc 0.1978 loss 2.271 (14s)
  [dense_small d=0.01 fg lr=3e-05 s0] step 1407/1407 acc 0.2319 loss 2.277 (20s)
  -> results\p3\lr\dense_small_d0.01\fg_lr3e-05.json final 0.2319 alive 46/46 active 18,791 (20s)
[lr] dense_small_d0.01/fg -> (0.0003, 0.8172)
  [dense_small d=0.01 wp lr=0.03 s0] step 1000/1407 acc 0.0980 loss nan (13s)
  [dense_small d=0.01 wp lr=0.03 s0] step 1407/1407 acc 0.0980 loss nan (19s)
  -> results\p3\lr\dense_small_d0.01\wp_lr0.03.json final 0.0980 alive 46/46 active 18,791 (19s)
  [dense_small d=0.01 wp lr=0.01 s0] step 1000/1407 acc 0.0865 loss 78960708044656809755912544345653248.000 (13s)
  [dense_small d=0.01 wp lr=0.01 s0] step 1407/1407 acc 0.0865 loss 78008340965393938144348249694142464.000 (19s)
  -> results\p3\lr\dense_small_d0.01\wp_lr0.01.json final 0.0865 alive 46/46 active 18,791 (19s)
  [dense_small d=0.01 wp lr=0.003 s0] step 1000/1407 acc 0.0980 loss nan (13s)
  [dense_small d=0.01 wp lr=0.003 s0] step 1407/1407 acc 0.0980 loss nan (19s)
  -> results\p3\lr\dense_small_d0.01\wp_lr0.003.json final 0.0980 alive 46/46 active 18,791 (19s)
  [dense_small d=0.01 wp lr=0.001 s0] step 1000/1407 acc 0.6058 loss 1.625 (13s)
  [dense_small d=0.01 wp lr=0.001 s0] step 1407/1407 acc 0.6355 loss 1.646 (19s)
  -> results\p3\lr\dense_small_d0.01\wp_lr0.001.json final 0.6355 alive 46/46 active 18,791 (19s)
  [dense_small d=0.01 wp lr=0.0003 s0] step 1000/1407 acc 0.7818 loss 0.968 (13s)
  [dense_small d=0.01 wp lr=0.0003 s0] step 1407/1407 acc 0.8232 loss 0.649 (19s)
  -> results\p3\lr\dense_small_d0.01\wp_lr0.0003.json final 0.8232 alive 46/46 active 18,791 (19s)
  [dense_small d=0.01 wp lr=0.0001 s0] step 1000/1407 acc 0.3324 loss 2.103 (13s)
  [dense_small d=0.01 wp lr=0.0001 s0] step 1407/1407 acc 0.5020 loss 1.953 (19s)
  -> results\p3\lr\dense_small_d0.01\wp_lr0.0001.json final 0.5020 alive 46/46 active 18,791 (19s)
  [dense_small d=0.01 wp lr=3e-05 s0] step 1000/1407 acc 0.1983 loss 2.271 (13s)
  [dense_small d=0.01 wp lr=3e-05 s0] step 1407/1407 acc 0.2325 loss 2.278 (19s)
  -> results\p3\lr\dense_small_d0.01\wp_lr3e-05.json final 0.2325 alive 46/46 active 18,791 (19s)
[lr] dense_small_d0.01/wp -> (0.0003, 0.8186)
  [dense_small d=0.01 np lr=0.03 s0] step 1000/1407 acc 0.0980 loss nan (2s)
  [dense_small d=0.01 np lr=0.03 s0] step 1407/1407 acc 0.0980 loss nan (2s)
  -> results\p3\lr\dense_small_d0.01\np_lr0.03.json final 0.0980 alive 46/46 active 18,791 (2s)
  [dense_small d=0.01 np lr=0.01 s0] step 1000/1407 acc 0.0980 loss nan (2s)
  [dense_small d=0.01 np lr=0.01 s0] step 1407/1407 acc 0.0980 loss nan (2s)
  -> results\p3\lr\dense_small_d0.01\np_lr0.01.json final 0.0980 alive 46/46 active 18,791 (2s)
  [dense_small d=0.01 np lr=0.003 s0] step 1000/1407 acc 0.8180 loss 0.651 (2s)
  [dense_small d=0.01 np lr=0.003 s0] step 1407/1407 acc 0.7766 loss 0.956 (2s)
  -> results\p3\lr\dense_small_d0.01\np_lr0.003.json final 0.7766 alive 46/46 active 18,791 (2s)
  [dense_small d=0.01 np lr=0.001 s0] step 1000/1407 acc 0.8144 loss 0.608 (2s)
  [dense_small d=0.01 np lr=0.001 s0] step 1407/1407 acc 0.8660 loss 0.498 (2s)
  -> results\p3\lr\dense_small_d0.01\np_lr0.001.json final 0.8660 alive 46/46 active 18,791 (2s)
  [dense_small d=0.01 np lr=0.0003 s0] step 1000/1407 acc 0.7258 loss 1.077 (2s)
  [dense_small d=0.01 np lr=0.0003 s0] step 1407/1407 acc 0.8038 loss 0.740 (2s)
  -> results\p3\lr\dense_small_d0.01\np_lr0.0003.json final 0.8038 alive 46/46 active 18,791 (2s)
  [dense_small d=0.01 np lr=0.0001 s0] step 1000/1407 acc 0.3123 loss 2.138 (2s)
  [dense_small d=0.01 np lr=0.0001 s0] step 1407/1407 acc 0.4987 loss 1.894 (2s)
  -> results\p3\lr\dense_small_d0.01\np_lr0.0001.json final 0.4987 alive 46/46 active 18,791 (2s)
  [dense_small d=0.01 np lr=3e-05 s0] step 1000/1407 acc 0.1966 loss 2.307 (2s)
  [dense_small d=0.01 np lr=3e-05 s0] step 1407/1407 acc 0.2284 loss 2.231 (2s)
  -> results\p3\lr\dense_small_d0.01\np_lr3e-05.json final 0.2284 alive 46/46 active 18,791 (2s)
[lr] dense_small_d0.01/np -> (0.001, 0.8646666666666666)
  [pruned d=0.005 bp lr=0.3 s0] step 1000/1407 acc 0.9741 loss 0.119 (2s)
  [pruned d=0.005 bp lr=0.3 s0] step 1407/1407 acc 0.9766 loss 0.038 (3s)
  -> results\p3\lr\pruned_d0.005\bp_lr0.3.json final 0.9766 alive 861/2048 active 9,308 (3s)
  [pruned d=0.005 bp lr=0.1 s0] step 1000/1407 acc 0.9731 loss 0.234 (2s)
  [pruned d=0.005 bp lr=0.1 s0] step 1407/1407 acc 0.9765 loss 0.061 (3s)
  -> results\p3\lr\pruned_d0.005\bp_lr0.1.json final 0.9765 alive 861/2048 active 9,308 (3s)
  [pruned d=0.005 bp lr=0.03 s0] step 1000/1407 acc 0.9608 loss 0.323 (2s)
  [pruned d=0.005 bp lr=0.03 s0] step 1407/1407 acc 0.9710 loss 0.062 (2s)
  -> results\p3\lr\pruned_d0.005\bp_lr0.03.json final 0.9710 alive 861/2048 active 9,308 (2s)
  [pruned d=0.005 bp lr=0.01 s0] step 1000/1407 acc 0.8841 loss 0.647 (2s)
  [pruned d=0.005 bp lr=0.01 s0] step 1407/1407 acc 0.9324 loss 0.198 (2s)
  -> results\p3\lr\pruned_d0.005\bp_lr0.01.json final 0.9324 alive 861/2048 active 9,308 (2s)
  [pruned d=0.005 bp lr=0.003 s0] step 1000/1407 acc 0.1135 loss 2.282 (2s)
  [pruned d=0.005 bp lr=0.003 s0] step 1407/1407 acc 0.3384 loss 2.220 (2s)
  -> results\p3\lr\pruned_d0.005\bp_lr0.003.json final 0.3384 alive 861/2048 active 9,308 (2s)
[lr] pruned_d0.005/bp -> (0.1, 0.9762666666666667)
  [pruned d=0.005 dfa lr=0.3 s0] step 1000/1407 acc 0.8864 loss 819374720.000 (1s)
  [pruned d=0.005 dfa lr=0.3 s0] step 1407/1407 acc 0.8754 loss 292638624.000 (2s)
  -> results\p3\lr\pruned_d0.005\dfa_lr0.3.json final 0.8754 alive 861/2048 active 9,308 (2s)
  [pruned d=0.005 dfa lr=0.1 s0] step 1000/1407 acc 0.8878 loss 183300.766 (1s)
  [pruned d=0.005 dfa lr=0.1 s0] step 1407/1407 acc 0.8881 loss 204140.750 (2s)
  -> results\p3\lr\pruned_d0.005\dfa_lr0.1.json final 0.8881 alive 861/2048 active 9,308 (2s)
  [pruned d=0.005 dfa lr=0.03 s0] step 1000/1407 acc 0.8727 loss 65.403 (1s)
  [pruned d=0.005 dfa lr=0.03 s0] step 1407/1407 acc 0.8984 loss 12.647 (2s)
  -> results\p3\lr\pruned_d0.005\dfa_lr0.03.json final 0.8984 alive 861/2048 active 9,308 (2s)
  [pruned d=0.005 dfa lr=0.01 s0] step 1000/1407 acc 0.9082 loss 0.697 (1s)
  [pruned d=0.005 dfa lr=0.01 s0] step 1407/1407 acc 0.9240 loss 0.212 (2s)
  -> results\p3\lr\pruned_d0.005\dfa_lr0.01.json final 0.9240 alive 861/2048 active 9,308 (2s)
  [pruned d=0.005 dfa lr=0.003 s0] step 1000/1407 acc 0.8742 loss 0.792 (1s)
  [pruned d=0.005 dfa lr=0.003 s0] step 1407/1407 acc 0.8947 loss 0.297 (2s)
  -> results\p3\lr\pruned_d0.005\dfa_lr0.003.json final 0.8947 alive 861/2048 active 9,308 (2s)
  [pruned d=0.005 dfa lr=0.001 s0] step 1000/1407 acc 0.7991 loss 1.020 (1s)
  [pruned d=0.005 dfa lr=0.001 s0] step 1407/1407 acc 0.8347 loss 0.536 (2s)
  -> results\p3\lr\pruned_d0.005\dfa_lr0.001.json final 0.8347 alive 861/2048 active 9,308 (2s)
[lr] pruned_d0.005/dfa -> (0.01, 0.9190999999999999)
  [pruned d=0.005 fg lr=0.03 s0] step 1000/1407 acc 0.0980 loss nan (26s)
  [pruned d=0.005 fg lr=0.03 s0] step 1407/1407 acc 0.0980 loss nan (36s)
  -> results\p3\lr\pruned_d0.005\fg_lr0.03.json final 0.0980 alive 861/2048 active 9,308 (36s)
  [pruned d=0.005 fg lr=0.01 s0] step 1000/1407 acc 0.0980 loss nan (27s)
  [pruned d=0.005 fg lr=0.01 s0] step 1407/1407 acc 0.0980 loss nan (37s)
  -> results\p3\lr\pruned_d0.005\fg_lr0.01.json final 0.0980 alive 861/2048 active 9,308 (37s)
  [pruned d=0.005 fg lr=0.003 s0] step 1000/1407 acc 0.1789 loss 2.270 (26s)
  [pruned d=0.005 fg lr=0.003 s0] step 1407/1407 acc 0.3421 loss 2.088 (36s)
  -> results\p3\lr\pruned_d0.005\fg_lr0.003.json final 0.3421 alive 861/2048 active 9,308 (36s)
  [pruned d=0.005 fg lr=0.001 s0] step 1000/1407 acc 0.1135 loss 2.295 (26s)
  [pruned d=0.005 fg lr=0.001 s0] step 1407/1407 acc 0.1135 loss 2.292 (37s)
  -> results\p3\lr\pruned_d0.005\fg_lr0.001.json final 0.1135 alive 861/2048 active 9,308 (37s)
  [pruned d=0.005 fg lr=0.0003 s0] step 1000/1407 acc 0.1135 loss 2.298 (26s)
  [pruned d=0.005 fg lr=0.0003 s0] step 1407/1407 acc 0.1135 loss 2.295 (37s)
  -> results\p3\lr\pruned_d0.005\fg_lr0.0003.json final 0.1135 alive 861/2048 active 9,308 (37s)
  [pruned d=0.005 fg lr=0.0001 s0] step 1000/1407 acc 0.2070 loss 2.299 (26s)
  [pruned d=0.005 fg lr=0.0001 s0] step 1407/1407 acc 0.1248 loss 2.296 (37s)
  -> results\p3\lr\pruned_d0.005\fg_lr0.0001.json final 0.1248 alive 861/2048 active 9,308 (37s)
  [pruned d=0.005 fg lr=3e-05 s0] step 1000/1407 acc 0.1059 loss 2.300 (26s)
  [pruned d=0.005 fg lr=3e-05 s0] step 1407/1407 acc 0.1085 loss 2.297 (37s)
  -> results\p3\lr\pruned_d0.005\fg_lr3e-05.json final 0.1085 alive 861/2048 active 9,308 (37s)
[lr] pruned_d0.005/fg -> (0.003, 0.3443666666666667)
  [pruned d=0.005 wp lr=0.03 s0] step 1000/1407 acc 0.0784 loss 308132660566557347786260480.000 (14s)
  [pruned d=0.005 wp lr=0.03 s0] step 1407/1407 acc 0.0784 loss 294257351715706349832634368.000 (20s)
  -> results\p3\lr\pruned_d0.005\wp_lr0.03.json final 0.0784 alive 861/2048 active 9,308 (20s)
  [pruned d=0.005 wp lr=0.01 s0] step 1000/1407 acc 0.1189 loss 8597548042198694565906513297145856.000 (14s)
  [pruned d=0.005 wp lr=0.01 s0] step 1407/1407 acc 0.1189 loss 10013789204312367804489495832690688.000 (20s)
  -> results\p3\lr\pruned_d0.005\wp_lr0.01.json final 0.1189 alive 861/2048 active 9,308 (20s)
  [pruned d=0.005 wp lr=0.003 s0] step 1000/1407 acc 0.1786 loss 2.270 (14s)
  [pruned d=0.005 wp lr=0.003 s0] step 1407/1407 acc 0.3418 loss 2.089 (20s)
  -> results\p3\lr\pruned_d0.005\wp_lr0.003.json final 0.3418 alive 861/2048 active 9,308 (20s)
  [pruned d=0.005 wp lr=0.001 s0] step 1000/1407 acc 0.1135 loss 2.295 (15s)
  [pruned d=0.005 wp lr=0.001 s0] step 1407/1407 acc 0.1135 loss 2.292 (20s)
  -> results\p3\lr\pruned_d0.005\wp_lr0.001.json final 0.1135 alive 861/2048 active 9,308 (20s)
  [pruned d=0.005 wp lr=0.0003 s0] step 1000/1407 acc 0.1135 loss 2.298 (14s)
  [pruned d=0.005 wp lr=0.0003 s0] step 1407/1407 acc 0.1135 loss 2.295 (20s)
  -> results\p3\lr\pruned_d0.005\wp_lr0.0003.json final 0.1135 alive 861/2048 active 9,308 (20s)
  [pruned d=0.005 wp lr=0.0001 s0] step 1000/1407 acc 0.2066 loss 2.299 (15s)
  [pruned d=0.005 wp lr=0.0001 s0] step 1407/1407 acc 0.1242 loss 2.296 (20s)
  -> results\p3\lr\pruned_d0.005\wp_lr0.0001.json final 0.1242 alive 861/2048 active 9,308 (20s)
  [pruned d=0.005 wp lr=3e-05 s0] step 1000/1407 acc 0.1058 loss 2.300 (14s)
  [pruned d=0.005 wp lr=3e-05 s0] step 1407/1407 acc 0.1085 loss 2.297 (20s)
  -> results\p3\lr\pruned_d0.005\wp_lr3e-05.json final 0.1085 alive 861/2048 active 9,308 (20s)
[lr] pruned_d0.005/wp -> (0.003, 0.34393333333333337)
  [pruned d=0.005 np lr=0.03 s0] step 1000/1407 acc 0.0980 loss nan (2s)
  [pruned d=0.005 np lr=0.03 s0] step 1407/1407 acc 0.0980 loss nan (2s)
  -> results\p3\lr\pruned_d0.005\np_lr0.03.json final 0.0980 alive 861/2048 active 9,308 (2s)
  [pruned d=0.005 np lr=0.01 s0] step 1000/1407 acc 0.0980 loss nan (2s)
  [pruned d=0.005 np lr=0.01 s0] step 1407/1407 acc 0.0980 loss nan (2s)
  -> results\p3\lr\pruned_d0.005\np_lr0.01.json final 0.0980 alive 861/2048 active 9,308 (2s)
  [pruned d=0.005 np lr=0.003 s0] step 1000/1407 acc 0.5432 loss 1.525 (2s)
  [pruned d=0.005 np lr=0.003 s0] step 1407/1407 acc 0.7763 loss 0.828 (3s)
  -> results\p3\lr\pruned_d0.005\np_lr0.003.json final 0.7763 alive 861/2048 active 9,308 (3s)
  [pruned d=0.005 np lr=0.001 s0] step 1000/1407 acc 0.1135 loss 2.305 (2s)
  [pruned d=0.005 np lr=0.001 s0] step 1407/1407 acc 0.1135 loss 2.297 (3s)
  -> results\p3\lr\pruned_d0.005\np_lr0.001.json final 0.1135 alive 861/2048 active 9,308 (3s)
  [pruned d=0.005 np lr=0.0003 s0] step 1000/1407 acc 0.1135 loss 2.304 (2s)
  [pruned d=0.005 np lr=0.0003 s0] step 1407/1407 acc 0.1135 loss 2.299 (3s)
  -> results\p3\lr\pruned_d0.005\np_lr0.0003.json final 0.1135 alive 861/2048 active 9,308 (3s)
  [pruned d=0.005 np lr=0.0001 s0] step 1000/1407 acc 0.1136 loss 2.304 (2s)
  [pruned d=0.005 np lr=0.0001 s0] step 1407/1407 acc 0.1135 loss 2.300 (3s)
  -> results\p3\lr\pruned_d0.005\np_lr0.0001.json final 0.1135 alive 861/2048 active 9,308 (3s)
  [pruned d=0.005 np lr=3e-05 s0] step 1000/1407 acc 0.1197 loss 2.304 (2s)
  [pruned d=0.005 np lr=3e-05 s0] step 1407/1407 acc 0.0996 loss 2.300 (2s)
  -> results\p3\lr\pruned_d0.005\np_lr3e-05.json final 0.0996 alive 861/2048 active 9,308 (2s)
[lr] pruned_d0.005/np -> (0.003, 0.7502333333333334)
  [random_mask d=0.005 bp lr=0.3 s0] step 1000/1407 acc 0.8740 loss 0.905 (2s)
  [random_mask d=0.005 bp lr=0.3 s0] step 1407/1407 acc 0.8776 loss 0.387 (2s)
  -> results\p3\lr\random_mask_d0.005\bp_lr0.3.json final 0.8776 alive 1508/2048 active 9,308 (2s)
  [random_mask d=0.005 bp lr=0.1 s0] step 1000/1407 acc 0.8346 loss 0.957 (2s)
  [random_mask d=0.005 bp lr=0.1 s0] step 1407/1407 acc 0.8575 loss 0.475 (2s)
  -> results\p3\lr\random_mask_d0.005\bp_lr0.1.json final 0.8575 alive 1508/2048 active 9,308 (2s)
  [random_mask d=0.005 bp lr=0.03 s0] step 1000/1407 acc 0.3256 loss 2.052 (2s)
  [random_mask d=0.005 bp lr=0.03 s0] step 1407/1407 acc 0.5959 loss 1.065 (2s)
  -> results\p3\lr\random_mask_d0.005\bp_lr0.03.json final 0.5959 alive 1508/2048 active 9,308 (2s)
  [random_mask d=0.005 bp lr=0.01 s0] step 1000/1407 acc 0.1135 loss 2.299 (2s)
  [random_mask d=0.005 bp lr=0.01 s0] step 1407/1407 acc 0.1135 loss 2.299 (3s)
  -> results\p3\lr\random_mask_d0.005\bp_lr0.01.json final 0.1135 alive 1508/2048 active 9,308 (3s)
  [random_mask d=0.005 bp lr=0.003 s0] step 1000/1407 acc 0.1135 loss 2.299 (2s)
  [random_mask d=0.005 bp lr=0.003 s0] step 1407/1407 acc 0.1135 loss 2.300 (3s)
  -> results\p3\lr\random_mask_d0.005\bp_lr0.003.json final 0.1135 alive 1508/2048 active 9,308 (3s)
[lr] random_mask_d0.005/bp -> (0.3, 0.8750333333333334)
  [random_mask d=0.005 dfa lr=0.3 s0] step 1000/1407 acc 0.5875 loss 335318876160.000 (2s)
  [random_mask d=0.005 dfa lr=0.3 s0] step 1407/1407 acc 0.5780 loss 537208684544.000 (2s)
  -> results\p3\lr\random_mask_d0.005\dfa_lr0.3.json final 0.5780 alive 1508/2048 active 9,308 (2s)
  [random_mask d=0.005 dfa lr=0.1 s0] step 1000/1407 acc 0.5363 loss 564840704.000 (1s)
  [random_mask d=0.005 dfa lr=0.1 s0] step 1407/1407 acc 0.4952 loss 4691860992.000 (2s)
  -> results\p3\lr\random_mask_d0.005\dfa_lr0.1.json final 0.4952 alive 1508/2048 active 9,308 (2s)
  [random_mask d=0.005 dfa lr=0.03 s0] step 1000/1407 acc 0.5056 loss 98040.031 (1s)
  [random_mask d=0.005 dfa lr=0.03 s0] step 1407/1407 acc 0.6113 loss 132552.438 (2s)
  -> results\p3\lr\random_mask_d0.005\dfa_lr0.03.json final 0.6113 alive 1508/2048 active 9,308 (2s)
  [random_mask d=0.005 dfa lr=0.01 s0] step 1000/1407 acc 0.6295 loss 135.905 (1s)
  [random_mask d=0.005 dfa lr=0.01 s0] step 1407/1407 acc 0.5986 loss 244.068 (2s)
  -> results\p3\lr\random_mask_d0.005\dfa_lr0.01.json final 0.5986 alive 1508/2048 active 9,308 (2s)
  [random_mask d=0.005 dfa lr=0.003 s0] step 1000/1407 acc 0.6457 loss 1.278 (1s)
  [random_mask d=0.005 dfa lr=0.003 s0] step 1407/1407 acc 0.6874 loss 0.804 (2s)
  -> results\p3\lr\random_mask_d0.005\dfa_lr0.003.json final 0.6874 alive 1508/2048 active 9,308 (2s)
  [random_mask d=0.005 dfa lr=0.001 s0] step 1000/1407 acc 0.2628 loss 2.146 (1s)
  [random_mask d=0.005 dfa lr=0.001 s0] step 1407/1407 acc 0.3926 loss 1.743 (2s)
  -> results\p3\lr\random_mask_d0.005\dfa_lr0.001.json final 0.3926 alive 1508/2048 active 9,308 (2s)
[lr] random_mask_d0.005/dfa -> (0.003, 0.6786666666666666)
  [random_mask d=0.005 fg lr=0.03 s0] step 1000/1407 acc 0.0980 loss nan (26s)
  [random_mask d=0.005 fg lr=0.03 s0] step 1407/1407 acc 0.0980 loss nan (36s)
  -> results\p3\lr\random_mask_d0.005\fg_lr0.03.json final 0.0980 alive 1508/2048 active 9,308 (36s)
  [random_mask d=0.005 fg lr=0.01 s0] step 1000/1407 acc 0.4444 loss 1.874 (26s)
  [random_mask d=0.005 fg lr=0.01 s0] step 1407/1407 acc 0.6764 loss 0.821 (37s)
  -> results\p3\lr\random_mask_d0.005\fg_lr0.01.json final 0.6764 alive 1508/2048 active 9,308 (37s)
  [random_mask d=0.005 fg lr=0.003 s0] step 1000/1407 acc 0.1135 loss 2.299 (26s)
  [random_mask d=0.005 fg lr=0.003 s0] step 1407/1407 acc 0.1135 loss 2.297 (37s)
  -> results\p3\lr\random_mask_d0.005\fg_lr0.003.json final 0.1135 alive 1508/2048 active 9,308 (37s)
  [random_mask d=0.005 fg lr=0.001 s0] step 1000/1407 acc 0.1135 loss 2.299 (26s)
  [random_mask d=0.005 fg lr=0.001 s0] step 1407/1407 acc 0.1135 loss 2.298 (37s)
  -> results\p3\lr\random_mask_d0.005\fg_lr0.001.json final 0.1135 alive 1508/2048 active 9,308 (37s)
  [random_mask d=0.005 fg lr=0.0003 s0] step 1000/1407 acc 0.1135 loss 2.301 (26s)
  [random_mask d=0.005 fg lr=0.0003 s0] step 1407/1407 acc 0.1135 loss 2.298 (37s)
  -> results\p3\lr\random_mask_d0.005\fg_lr0.0003.json final 0.1135 alive 1508/2048 active 9,308 (37s)
  [random_mask d=0.005 fg lr=0.0001 s0] step 1000/1407 acc 0.1135 loss 2.302 (26s)
  [random_mask d=0.005 fg lr=0.0001 s0] step 1407/1407 acc 0.1135 loss 2.299 (36s)
  -> results\p3\lr\random_mask_d0.005\fg_lr0.0001.json final 0.1135 alive 1508/2048 active 9,308 (36s)
  [random_mask d=0.005 fg lr=3e-05 s0] step 1000/1407 acc 0.0958 loss 2.302 (27s)
  [random_mask d=0.005 fg lr=3e-05 s0] step 1407/1407 acc 0.0958 loss 2.299 (37s)
  -> results\p3\lr\random_mask_d0.005\fg_lr3e-05.json final 0.0958 alive 1508/2048 active 9,308 (37s)
[lr] random_mask_d0.005/fg -> (0.01, 0.6678999999999999)
  [random_mask d=0.005 wp lr=0.03 s0] step 1000/1407 acc 0.0980 loss nan (15s)
  [random_mask d=0.005 wp lr=0.03 s0] step 1407/1407 acc 0.0980 loss nan (21s)
  -> results\p3\lr\random_mask_d0.005\wp_lr0.03.json final 0.0980 alive 1508/2048 active 9,308 (21s)
  [random_mask d=0.005 wp lr=0.01 s0] step 1000/1407 acc 0.4397 loss 1.882 (14s)
  [random_mask d=0.005 wp lr=0.01 s0] step 1407/1407 acc 0.6653 loss 0.832 (20s)
  -> results\p3\lr\random_mask_d0.005\wp_lr0.01.json final 0.6653 alive 1508/2048 active 9,308 (20s)
  [random_mask d=0.005 wp lr=0.003 s0] step 1000/1407 acc 0.1135 loss 2.299 (14s)
  [random_mask d=0.005 wp lr=0.003 s0] step 1407/1407 acc 0.1135 loss 2.297 (21s)
  -> results\p3\lr\random_mask_d0.005\wp_lr0.003.json final 0.1135 alive 1508/2048 active 9,308 (21s)
  [random_mask d=0.005 wp lr=0.001 s0] step 1000/1407 acc 0.1135 loss 2.299 (14s)
  [random_mask d=0.005 wp lr=0.001 s0] step 1407/1407 acc 0.1135 loss 2.298 (20s)
  -> results\p3\lr\random_mask_d0.005\wp_lr0.001.json final 0.1135 alive 1508/2048 active 9,308 (20s)
  [random_mask d=0.005 wp lr=0.0003 s0] step 1000/1407 acc 0.1135 loss 2.301 (14s)
  [random_mask d=0.005 wp lr=0.0003 s0] step 1407/1407 acc 0.1135 loss 2.298 (21s)
  -> results\p3\lr\random_mask_d0.005\wp_lr0.0003.json final 0.1135 alive 1508/2048 active 9,308 (21s)
  [random_mask d=0.005 wp lr=0.0001 s0] step 1000/1407 acc 0.1135 loss 2.302 (14s)
  [random_mask d=0.005 wp lr=0.0001 s0] step 1407/1407 acc 0.1135 loss 2.299 (21s)
  -> results\p3\lr\random_mask_d0.005\wp_lr0.0001.json final 0.1135 alive 1508/2048 active 9,308 (21s)
  [random_mask d=0.005 wp lr=3e-05 s0] step 1000/1407 acc 0.0958 loss 2.302 (14s)
  [random_mask d=0.005 wp lr=3e-05 s0] step 1407/1407 acc 0.0958 loss 2.299 (21s)
  -> results\p3\lr\random_mask_d0.005\wp_lr3e-05.json final 0.0958 alive 1508/2048 active 9,308 (21s)
[lr] random_mask_d0.005/wp -> (0.01, 0.6598666666666667)
  [random_mask d=0.005 np lr=0.03 s0] step 1000/1407 acc 0.0980 loss nan (2s)
  [random_mask d=0.005 np lr=0.03 s0] step 1407/1407 acc 0.0980 loss nan (3s)
  -> results\p3\lr\random_mask_d0.005\np_lr0.03.json final 0.0980 alive 1508/2048 active 9,308 (3s)
  [random_mask d=0.005 np lr=0.01 s0] step 1000/1407 acc 0.5945 loss 1.527 (2s)
  [random_mask d=0.005 np lr=0.01 s0] step 1407/1407 acc 0.5427 loss 2.002 (3s)
  -> results\p3\lr\random_mask_d0.005\np_lr0.01.json final 0.5427 alive 1508/2048 active 9,308 (3s)
  [random_mask d=0.005 np lr=0.003 s0] step 1000/1407 acc 0.1135 loss 2.309 (2s)
  [random_mask d=0.005 np lr=0.003 s0] step 1407/1407 acc 0.1135 loss 2.302 (2s)
  -> results\p3\lr\random_mask_d0.005\np_lr0.003.json final 0.1135 alive 1508/2048 active 9,308 (2s)
  [random_mask d=0.005 np lr=0.001 s0] step 1000/1407 acc 0.1135 loss 2.308 (2s)
  [random_mask d=0.005 np lr=0.001 s0] step 1407/1407 acc 0.1135 loss 2.301 (3s)
  -> results\p3\lr\random_mask_d0.005\np_lr0.001.json final 0.1135 alive 1508/2048 active 9,308 (3s)
  [random_mask d=0.005 np lr=0.0003 s0] step 1000/1407 acc 0.1135 loss 2.307 (2s)
  [random_mask d=0.005 np lr=0.0003 s0] step 1407/1407 acc 0.1135 loss 2.301 (3s)
  -> results\p3\lr\random_mask_d0.005\np_lr0.0003.json final 0.1135 alive 1508/2048 active 9,308 (3s)
  [random_mask d=0.005 np lr=0.0001 s0] step 1000/1407 acc 0.1135 loss 2.306 (2s)
  [random_mask d=0.005 np lr=0.0001 s0] step 1407/1407 acc 0.1135 loss 2.302 (3s)
  -> results\p3\lr\random_mask_d0.005\np_lr0.0001.json final 0.1135 alive 1508/2048 active 9,308 (3s)
  [random_mask d=0.005 np lr=3e-05 s0] step 1000/1407 acc 0.0958 loss 2.306 (2s)
  [random_mask d=0.005 np lr=3e-05 s0] step 1407/1407 acc 0.0958 loss 2.303 (3s)
  -> results\p3\lr\random_mask_d0.005\np_lr3e-05.json final 0.0958 alive 1508/2048 active 9,308 (3s)
[lr] random_mask_d0.005/np -> (0.01, 0.5378666666666666)
  [dense_small d=0.005 bp lr=0.3 s0] step 1000/1407 acc 0.1009 loss 2.302 (1s)
  [dense_small d=0.005 bp lr=0.3 s0] step 1407/1407 acc 0.1135 loss 2.305 (2s)
  -> results\p3\lr\dense_small_d0.005\bp_lr0.3.json final 0.1135 alive 24/24 active 9,672 (2s)
  [dense_small d=0.005 bp lr=0.1 s0] step 1000/1407 acc 0.9047 loss 0.539 (2s)
  [dense_small d=0.005 bp lr=0.1 s0] step 1407/1407 acc 0.9189 loss 0.308 (2s)
  -> results\p3\lr\dense_small_d0.005\bp_lr0.1.json final 0.9189 alive 24/24 active 9,672 (2s)
  [dense_small d=0.005 bp lr=0.03 s0] step 1000/1407 acc 0.9212 loss 0.481 (2s)
  [dense_small d=0.005 bp lr=0.03 s0] step 1407/1407 acc 0.9128 loss 0.162 (2s)
  -> results\p3\lr\dense_small_d0.005\bp_lr0.03.json final 0.9128 alive 24/24 active 9,672 (2s)
  [dense_small d=0.005 bp lr=0.01 s0] step 1000/1407 acc 0.9187 loss 0.592 (2s)
  [dense_small d=0.005 bp lr=0.01 s0] step 1407/1407 acc 0.9309 loss 0.201 (2s)
  -> results\p3\lr\dense_small_d0.005\bp_lr0.01.json final 0.9309 alive 24/24 active 9,672 (2s)
  [dense_small d=0.005 bp lr=0.003 s0] step 1000/1407 acc 0.9045 loss 0.641 (1s)
  [dense_small d=0.005 bp lr=0.003 s0] step 1407/1407 acc 0.9179 loss 0.261 (2s)
  -> results\p3\lr\dense_small_d0.005\bp_lr0.003.json final 0.9179 alive 24/24 active 9,672 (2s)
[lr] dense_small_d0.005/bp -> (0.01, 0.9294666666666666)
  [dense_small d=0.005 dfa lr=0.3 s0] step 1000/1407 acc 0.1009 loss 2.302 (1s)
  [dense_small d=0.005 dfa lr=0.3 s0] step 1407/1407 acc 0.1135 loss 2.305 (2s)
  -> results\p3\lr\dense_small_d0.005\dfa_lr0.3.json final 0.1135 alive 24/24 active 9,672 (2s)
  [dense_small d=0.005 dfa lr=0.1 s0] step 1000/1407 acc 0.1135 loss 2.295 (1s)
  [dense_small d=0.005 dfa lr=0.1 s0] step 1407/1407 acc 0.1135 loss 2.296 (2s)
  -> results\p3\lr\dense_small_d0.005\dfa_lr0.1.json final 0.1135 alive 24/24 active 9,672 (2s)
  [dense_small d=0.005 dfa lr=0.03 s0] step 1000/1407 acc 0.1229 loss 2.278 (1s)
  [dense_small d=0.005 dfa lr=0.03 s0] step 1407/1407 acc 0.1177 loss 2.274 (2s)
  -> results\p3\lr\dense_small_d0.005\dfa_lr0.03.json final 0.1177 alive 24/24 active 9,672 (2s)
  [dense_small d=0.005 dfa lr=0.01 s0] step 1000/1407 acc 0.1311 loss 2.210 (1s)
  [dense_small d=0.005 dfa lr=0.01 s0] step 1407/1407 acc 0.1169 loss 2.297 (2s)
  -> results\p3\lr\dense_small_d0.005\dfa_lr0.01.json final 0.1169 alive 24/24 active 9,672 (2s)
  [dense_small d=0.005 dfa lr=0.003 s0] step 1000/1407 acc 0.8886 loss 0.826 (1s)
  [dense_small d=0.005 dfa lr=0.003 s0] step 1407/1407 acc 0.8801 loss 0.464 (2s)
  -> results\p3\lr\dense_small_d0.005\dfa_lr0.003.json final 0.8801 alive 24/24 active 9,672 (2s)
  [dense_small d=0.005 dfa lr=0.001 s0] step 1000/1407 acc 0.8502 loss 1.040 (1s)
  [dense_small d=0.005 dfa lr=0.001 s0] step 1407/1407 acc 0.8722 loss 0.368 (2s)
  -> results\p3\lr\dense_small_d0.005\dfa_lr0.001.json final 0.8722 alive 24/24 active 9,672 (2s)
[lr] dense_small_d0.005/dfa -> (0.003, 0.8793666666666667)
  [dense_small d=0.005 fg lr=0.03 s0] step 1000/1407 acc 0.0980 loss nan (13s)
  [dense_small d=0.005 fg lr=0.03 s0] step 1407/1407 acc 0.0980 loss nan (19s)
  -> results\p3\lr\dense_small_d0.005\fg_lr0.03.json final 0.0980 alive 24/24 active 9,672 (19s)
  [dense_small d=0.005 fg lr=0.01 s0] step 1000/1407 acc 0.1522 loss 2.213 (14s)
  [dense_small d=0.005 fg lr=0.01 s0] step 1407/1407 acc 0.1401 loss 2.264 (19s)
  -> results\p3\lr\dense_small_d0.005\fg_lr0.01.json final 0.1401 alive 24/24 active 9,672 (19s)
  [dense_small d=0.005 fg lr=0.003 s0] step 1000/1407 acc 0.5352 loss 1.580 (13s)
  [dense_small d=0.005 fg lr=0.003 s0] step 1407/1407 acc 0.5081 loss 1.499 (19s)
  -> results\p3\lr\dense_small_d0.005\fg_lr0.003.json final 0.5081 alive 24/24 active 9,672 (19s)
  [dense_small d=0.005 fg lr=0.001 s0] step 1000/1407 acc 0.7306 loss 1.041 (14s)
  [dense_small d=0.005 fg lr=0.001 s0] step 1407/1407 acc 0.6931 loss 1.156 (19s)
  -> results\p3\lr\dense_small_d0.005\fg_lr0.001.json final 0.6931 alive 24/24 active 9,672 (19s)
  [dense_small d=0.005 fg lr=0.0003 s0] step 1000/1407 acc 0.6902 loss 1.278 (14s)
  [dense_small d=0.005 fg lr=0.0003 s0] step 1407/1407 acc 0.7777 loss 0.832 (20s)
  -> results\p3\lr\dense_small_d0.005\fg_lr0.0003.json final 0.7777 alive 24/24 active 9,672 (20s)
  [dense_small d=0.005 fg lr=0.0001 s0] step 1000/1407 acc 0.3013 loss 2.152 (13s)
  [dense_small d=0.005 fg lr=0.0001 s0] step 1407/1407 acc 0.3496 loss 2.003 (19s)
  -> results\p3\lr\dense_small_d0.005\fg_lr0.0001.json final 0.3496 alive 24/24 active 9,672 (19s)
  [dense_small d=0.005 fg lr=3e-05 s0] step 1000/1407 acc 0.1758 loss 2.265 (13s)
  [dense_small d=0.005 fg lr=3e-05 s0] step 1407/1407 acc 0.1930 loss 2.254 (19s)
  -> results\p3\lr\dense_small_d0.005\fg_lr3e-05.json final 0.1930 alive 24/24 active 9,672 (19s)
[lr] dense_small_d0.005/fg -> (0.0003, 0.7709666666666667)
  [dense_small d=0.005 wp lr=0.03 s0] step 1000/1407 acc 0.0980 loss nan (13s)
  [dense_small d=0.005 wp lr=0.03 s0] step 1407/1407 acc 0.0980 loss nan (19s)
  -> results\p3\lr\dense_small_d0.005\wp_lr0.03.json final 0.0980 alive 24/24 active 9,672 (19s)
  [dense_small d=0.005 wp lr=0.01 s0] step 1000/1407 acc 0.1298 loss 2.225 (13s)
  [dense_small d=0.005 wp lr=0.01 s0] step 1407/1407 acc 0.1257 loss 2.343 (19s)
  -> results\p3\lr\dense_small_d0.005\wp_lr0.01.json final 0.1257 alive 24/24 active 9,672 (19s)
  [dense_small d=0.005 wp lr=0.003 s0] step 1000/1407 acc 0.3384 loss 1.990 (13s)
  [dense_small d=0.005 wp lr=0.003 s0] step 1407/1407 acc 0.2639 loss 2.016 (19s)
  -> results\p3\lr\dense_small_d0.005\wp_lr0.003.json final 0.2639 alive 24/24 active 9,672 (19s)
  [dense_small d=0.005 wp lr=0.001 s0] step 1000/1407 acc 0.7257 loss 1.065 (13s)
  [dense_small d=0.005 wp lr=0.001 s0] step 1407/1407 acc 0.7184 loss 1.106 (19s)
  -> results\p3\lr\dense_small_d0.005\wp_lr0.001.json final 0.7184 alive 24/24 active 9,672 (19s)
  [dense_small d=0.005 wp lr=0.0003 s0] step 1000/1407 acc 0.6887 loss 1.279 (13s)
  [dense_small d=0.005 wp lr=0.0003 s0] step 1407/1407 acc 0.7767 loss 0.832 (19s)
  -> results\p3\lr\dense_small_d0.005\wp_lr0.0003.json final 0.7767 alive 24/24 active 9,672 (19s)
  [dense_small d=0.005 wp lr=0.0001 s0] step 1000/1407 acc 0.3011 loss 2.151 (13s)
  [dense_small d=0.005 wp lr=0.0001 s0] step 1407/1407 acc 0.3534 loss 1.999 (19s)
  -> results\p3\lr\dense_small_d0.005\wp_lr0.0001.json final 0.3534 alive 24/24 active 9,672 (19s)
  [dense_small d=0.005 wp lr=3e-05 s0] step 1000/1407 acc 0.1761 loss 2.265 (13s)
  [dense_small d=0.005 wp lr=3e-05 s0] step 1407/1407 acc 0.1936 loss 2.254 (19s)
  -> results\p3\lr\dense_small_d0.005\wp_lr3e-05.json final 0.1936 alive 24/24 active 9,672 (19s)
[lr] dense_small_d0.005/wp -> (0.0003, 0.7706666666666666)
  [dense_small d=0.005 np lr=0.03 s0] step 1000/1407 acc 0.0980 loss nan (2s)
  [dense_small d=0.005 np lr=0.03 s0] step 1407/1407 acc 0.0980 loss nan (2s)
  -> results\p3\lr\dense_small_d0.005\np_lr0.03.json final 0.0980 alive 24/24 active 9,672 (2s)
  [dense_small d=0.005 np lr=0.01 s0] step 1000/1407 acc 0.3884 loss 1.786 (2s)
  [dense_small d=0.005 np lr=0.01 s0] step 1407/1407 acc 0.2312 loss 3.814 (2s)
  -> results\p3\lr\dense_small_d0.005\np_lr0.01.json final 0.2312 alive 24/24 active 9,672 (2s)
  [dense_small d=0.005 np lr=0.003 s0] step 1000/1407 acc 0.7634 loss 0.886 (2s)
  [dense_small d=0.005 np lr=0.003 s0] step 1407/1407 acc 0.7805 loss 0.681 (2s)
  -> results\p3\lr\dense_small_d0.005\np_lr0.003.json final 0.7805 alive 24/24 active 9,672 (2s)
  [dense_small d=0.005 np lr=0.001 s0] step 1000/1407 acc 0.8154 loss 0.668 (2s)
  [dense_small d=0.005 np lr=0.001 s0] step 1407/1407 acc 0.8409 loss 0.636 (2s)
  -> results\p3\lr\dense_small_d0.005\np_lr0.001.json final 0.8409 alive 24/24 active 9,672 (2s)
  [dense_small d=0.005 np lr=0.0003 s0] step 1000/1407 acc 0.6770 loss 1.398 (2s)
  [dense_small d=0.005 np lr=0.0003 s0] step 1407/1407 acc 0.7709 loss 0.951 (2s)
  -> results\p3\lr\dense_small_d0.005\np_lr0.0003.json final 0.7709 alive 24/24 active 9,672 (2s)
  [dense_small d=0.005 np lr=0.0001 s0] step 1000/1407 acc 0.2972 loss 2.216 (2s)
  [dense_small d=0.005 np lr=0.0001 s0] step 1407/1407 acc 0.3331 loss 2.049 (2s)
  -> results\p3\lr\dense_small_d0.005\np_lr0.0001.json final 0.3331 alive 24/24 active 9,672 (2s)
  [dense_small d=0.005 np lr=3e-05 s0] step 1000/1407 acc 0.1805 loss 2.315 (2s)
  [dense_small d=0.005 np lr=3e-05 s0] step 1407/1407 acc 0.1913 loss 2.277 (2s)
  -> results\p3\lr\dense_small_d0.005\np_lr3e-05.json final 0.1913 alive 24/24 active 9,672 (2s)
[lr] dense_small_d0.005/np -> (0.001, 0.8374333333333333)
==== stage lr end 03:28:45
==== stage h1 start 03:28:45
  [h1 dense s0] epoch 5/15 acc 0.9763 (3s)
  [h1 dense s0] epoch 10/15 acc 0.9795 (7s)
  [h1 dense s0] epoch 15/15 acc 0.9801 (11s)
  [h1 s0] dense acc 0.9801
  [h1 s0] one-shot d=0.02: magnitude=0.415 rank1_pre=0.443 rank1_prepost=0.550 rank1_now=0.516 conn_drive=0.674 rank1_reward=0.465 rank1_conf=0.444 random=0.097 (1s)
  [h1 s0] one-shot d=0.01: magnitude=0.510 rank1_pre=0.452 rank1_prepost=0.789 rank1_now=0.313 conn_drive=0.722 rank1_reward=0.435 rank1_conf=0.453 random=0.097 (1s)
  [h1 s0] one-shot d=0.005: magnitude=0.303 rank1_pre=0.326 rank1_prepost=0.564 rank1_now=0.214 conn_drive=0.566 rank1_reward=0.352 rank1_conf=0.360 random=0.097 (1s)
  [h1 s0] gradual d=0.01: magnitude=0.510 rank1_pre=0.388 rank1_prepost=0.610 rank1_now=0.301 conn_drive=0.529 rank1_reward=0.451 rank1_conf=0.467 random=0.097 (14s)
  [h1 s0] gradual d=0.005: magnitude=0.303 rank1_pre=0.303 rank1_prepost=0.412 rank1_now=0.238 conn_drive=0.372 rank1_reward=0.372 rank1_conf=0.403 random=0.097 (27s)
  [h1 dense s1] epoch 5/15 acc 0.9799 (4s)
  [h1 dense s1] epoch 10/15 acc 0.9797 (7s)
  [h1 dense s1] epoch 15/15 acc 0.9816 (10s)
  [h1 s1] dense acc 0.9816
  [h1 s1] one-shot d=0.02: magnitude=0.323 rank1_pre=0.590 rank1_prepost=0.773 rank1_now=0.418 conn_drive=0.466 rank1_reward=0.541 rank1_conf=0.513 random=0.097 (1s)
  [h1 s1] one-shot d=0.01: magnitude=0.555 rank1_pre=0.437 rank1_prepost=0.831 rank1_now=0.421 conn_drive=0.704 rank1_reward=0.590 rank1_conf=0.563 random=0.097 (1s)
  [h1 s1] one-shot d=0.005: magnitude=0.217 rank1_pre=0.268 rank1_prepost=0.612 rank1_now=0.311 conn_drive=0.543 rank1_reward=0.316 rank1_conf=0.358 random=0.097 (1s)
  [h1 s1] gradual d=0.01: magnitude=0.555 rank1_pre=0.487 rank1_prepost=0.709 rank1_now=0.342 conn_drive=0.545 rank1_reward=0.632 rank1_conf=0.497 random=0.097 (14s)
  [h1 s1] gradual d=0.005: magnitude=0.217 rank1_pre=0.251 rank1_prepost=0.581 rank1_now=0.248 conn_drive=0.334 rank1_reward=0.434 rank1_conf=0.392 random=0.097 (27s)
  [h1 dense s2] epoch 5/15 acc 0.9804 (3s)
  [h1 dense s2] epoch 10/15 acc 0.9798 (7s)
  [h1 dense s2] epoch 15/15 acc 0.9825 (11s)
  [h1 s2] dense acc 0.9825
  [h1 s2] one-shot d=0.02: magnitude=0.433 rank1_pre=0.436 rank1_prepost=0.558 rank1_now=0.272 conn_drive=0.600 rank1_reward=0.190 rank1_conf=0.465 random=0.097 (0s)
  [h1 s2] one-shot d=0.01: magnitude=0.530 rank1_pre=0.356 rank1_prepost=0.709 rank1_now=0.272 conn_drive=0.744 rank1_reward=0.455 rank1_conf=0.448 random=0.097 (1s)
  [h1 s2] one-shot d=0.005: magnitude=0.326 rank1_pre=0.234 rank1_prepost=0.491 rank1_now=0.130 conn_drive=0.518 rank1_reward=0.150 rank1_conf=0.223 random=0.097 (1s)
  [h1 s2] gradual d=0.01: magnitude=0.530 rank1_pre=0.416 rank1_prepost=0.626 rank1_now=0.267 conn_drive=0.532 rank1_reward=0.467 rank1_conf=0.450 random=0.097 (14s)
  [h1 s2] gradual d=0.005: magnitude=0.326 rank1_pre=0.261 rank1_prepost=0.450 rank1_now=0.163 conn_drive=0.353 rank1_reward=0.321 rank1_conf=0.395 random=0.097 (27s)
==== stage h1 end 03:30:39
==== stage h2 start 03:30:39
  [dense d=1 bp lr=0.03 s0] step 1000/7035 acc 0.9760 loss 0.118 (2s)
  [dense d=1 bp lr=0.03 s0] step 2000/7035 acc 0.9822 loss 0.013 (3s)
  [dense d=1 bp lr=0.03 s0] step 3000/7035 acc 0.9836 loss 0.004 (5s)
  [dense d=1 bp lr=0.03 s0] step 4000/7035 acc 0.9837 loss 0.001 (7s)
  [dense d=1 bp lr=0.03 s0] step 5000/7035 acc 0.9846 loss 0.000 (8s)
  [dense d=1 bp lr=0.03 s0] step 6000/7035 acc 0.9846 loss 0.000 (9s)
  [dense d=1 bp lr=0.03 s0] step 7000/7035 acc 0.9847 loss 0.000 (11s)
  [dense d=1 bp lr=0.03 s0] step 7035/7035 acc 0.9848 loss 0.000 (11s)
  -> results\p3\h2\dense_d1\bp\seed0.json final 0.9848 alive 2048/2048 active 1,861,632 (11s)
  [dense d=1 dfa lr=0.001 s0] step 1000/7035 acc 0.9372 loss 0.589 (1s)
  [dense d=1 dfa lr=0.001 s0] step 2000/7035 acc 0.9589 loss 0.128 (2s)
  [dense d=1 dfa lr=0.001 s0] step 3000/7035 acc 0.9690 loss 0.158 (3s)
  [dense d=1 dfa lr=0.001 s0] step 4000/7035 acc 0.9694 loss 0.055 (5s)
  [dense d=1 dfa lr=0.001 s0] step 5000/7035 acc 0.9712 loss 0.025 (6s)
  [dense d=1 dfa lr=0.001 s0] step 6000/7035 acc 0.9744 loss 0.012 (7s)
  [dense d=1 dfa lr=0.001 s0] step 7000/7035 acc 0.9770 loss 0.145 (8s)
  [dense d=1 dfa lr=0.001 s0] step 7035/7035 acc 0.9764 loss 0.015 (8s)
  -> results\p3\h2\dense_d1\dfa\seed0.json final 0.9764 alive 2048/2048 active 1,861,632 (8s)
  [dense d=1 fg lr=0.0001 s0] step 1000/7035 acc 0.7826 loss 1.312 (14s)
  [dense d=1 fg lr=0.0001 s0] step 2000/7035 acc 0.8651 loss 0.725 (28s)
  [dense d=1 fg lr=0.0001 s0] step 3000/7035 acc 0.8790 loss 0.452 (42s)
  [dense d=1 fg lr=0.0001 s0] step 4000/7035 acc 0.8711 loss 0.597 (57s)
  [dense d=1 fg lr=0.0001 s0] step 5000/7035 acc 0.5720 loss 4.401 (71s)
  [dense d=1 fg lr=0.0001 s0] step 6000/7035 acc 0.0980 loss nan (86s)
  [dense d=1 fg lr=0.0001 s0] step 7000/7035 acc 0.0980 loss nan (100s)
  [dense d=1 fg lr=0.0001 s0] step 7035/7035 acc 0.0980 loss nan (100s)
  -> results\p3\h2\dense_d1\fg\seed0.json final 0.0980 alive 2048/2048 active 1,861,632 (100s)
  [dense d=1 wp lr=0.0001 s0] step 1000/7035 acc 0.7815 loss 1.316 (14s)
  [dense d=1 wp lr=0.0001 s0] step 2000/7035 acc 0.8664 loss 0.722 (27s)
  [dense d=1 wp lr=0.0001 s0] step 3000/7035 acc 0.8807 loss 0.460 (40s)
  [dense d=1 wp lr=0.0001 s0] step 4000/7035 acc 0.8675 loss 0.587 (54s)
  [dense d=1 wp lr=0.0001 s0] step 5000/7035 acc 0.7414 loss 1.250 (68s)
  [dense d=1 wp lr=0.0001 s0] step 6000/7035 acc 0.0729 loss 385939722420095422484947880902656.000 (81s)
  [dense d=1 wp lr=0.0001 s0] step 7000/7035 acc 0.0729 loss 370569188092944547314865220354048.000 (94s)
  [dense d=1 wp lr=0.0001 s0] step 7035/7035 acc 0.0729 loss 367837596025008900402033121558528.000 (94s)
  -> results\p3\h2\dense_d1\wp\seed0.json final 0.0729 alive 2048/2048 active 1,861,632 (94s)
  [dense d=1 np lr=0.0001 s0] step 1000/7035 acc 0.7524 loss 1.483 (2s)
  [dense d=1 np lr=0.0001 s0] step 2000/7035 acc 0.8216 loss 0.832 (3s)
  [dense d=1 np lr=0.0001 s0] step 3000/7035 acc 0.8569 loss 0.684 (5s)
  [dense d=1 np lr=0.0001 s0] step 4000/7035 acc 0.8623 loss 0.537 (7s)
  [dense d=1 np lr=0.0001 s0] step 5000/7035 acc 0.8649 loss 0.379 (9s)
  [dense d=1 np lr=0.0001 s0] step 6000/7035 acc 0.8762 loss 0.420 (10s)
  [dense d=1 np lr=0.0001 s0] step 7000/7035 acc 0.8461 loss 0.374 (12s)
  [dense d=1 np lr=0.0001 s0] step 7035/7035 acc 0.8883 loss 0.428 (12s)
  -> results\p3\h2\dense_d1\np\seed0.json final 0.8883 alive 2048/2048 active 1,861,632 (12s)
  [pruned d=0.01 bp lr=0.1 s0] step 1000/7035 acc 0.9791 loss 0.109 (2s)
  [pruned d=0.01 bp lr=0.1 s0] step 2000/7035 acc 0.9823 loss 0.037 (4s)
  [pruned d=0.01 bp lr=0.1 s0] step 3000/7035 acc 0.9815 loss 0.011 (6s)
  [pruned d=0.01 bp lr=0.1 s0] step 4000/7035 acc 0.9817 loss 0.008 (7s)
  [pruned d=0.01 bp lr=0.1 s0] step 5000/7035 acc 0.9820 loss 0.003 (9s)
  [pruned d=0.01 bp lr=0.1 s0] step 6000/7035 acc 0.9826 loss 0.002 (11s)
  [pruned d=0.01 bp lr=0.1 s0] step 7000/7035 acc 0.9820 loss 0.004 (13s)
  [pruned d=0.01 bp lr=0.1 s0] step 7035/7035 acc 0.9813 loss 0.001 (13s)
  -> results\p3\h2\pruned_d0.01\bp\seed0.json final 0.9813 alive 1150/2048 active 18,616 (13s)
  [pruned d=0.01 dfa lr=0.01 s0] step 1000/7035 acc 0.9285 loss 0.480 (1s)
  [pruned d=0.01 dfa lr=0.01 s0] step 2000/7035 acc 0.9494 loss 0.213 (3s)
  [pruned d=0.01 dfa lr=0.01 s0] step 3000/7035 acc 0.9524 loss 0.189 (4s)
  [pruned d=0.01 dfa lr=0.01 s0] step 4000/7035 acc 0.9565 loss 0.067 (6s)
  [pruned d=0.01 dfa lr=0.01 s0] step 5000/7035 acc 0.9577 loss 0.092 (7s)
  [pruned d=0.01 dfa lr=0.01 s0] step 6000/7035 acc 0.9654 loss 0.084 (9s)
  [pruned d=0.01 dfa lr=0.01 s0] step 7000/7035 acc 0.9623 loss 0.137 (10s)
  [pruned d=0.01 dfa lr=0.01 s0] step 7035/7035 acc 0.9609 loss 0.030 (10s)
  -> results\p3\h2\pruned_d0.01\dfa\seed0.json final 0.9609 alive 1150/2048 active 18,616 (10s)
  [pruned d=0.01 fg lr=0.003 s0] step 1000/7035 acc 0.4889 loss 1.909 (27s)
  [pruned d=0.01 fg lr=0.003 s0] step 2000/7035 acc 0.8372 loss 0.758 (54s)
  [pruned d=0.01 fg lr=0.003 s0] step 3000/7035 acc 0.0980 loss nan (81s)
  [pruned d=0.01 fg lr=0.003 s0] step 4000/7035 acc 0.0980 loss nan (108s)
  [pruned d=0.01 fg lr=0.003 s0] step 5000/7035 acc 0.0980 loss nan (135s)
  [pruned d=0.01 fg lr=0.003 s0] step 6000/7035 acc 0.0980 loss nan (162s)
  [pruned d=0.01 fg lr=0.003 s0] step 7000/7035 acc 0.0980 loss nan (190s)
  [pruned d=0.01 fg lr=0.003 s0] step 7035/7035 acc 0.0980 loss nan (191s)
  -> results\p3\h2\pruned_d0.01\fg\seed0.json final 0.0980 alive 1150/2048 active 18,616 (191s)
  [pruned d=0.01 wp lr=0.003 s0] step 1000/7035 acc 0.4905 loss 1.909 (15s)
  [pruned d=0.01 wp lr=0.003 s0] step 2000/7035 acc 0.8452 loss 0.715 (31s)
  [pruned d=0.01 wp lr=0.003 s0] step 3000/7035 acc 0.0980 loss nan (46s)
  [pruned d=0.01 wp lr=0.003 s0] step 4000/7035 acc 0.0980 loss nan (61s)
  [pruned d=0.01 wp lr=0.003 s0] step 5000/7035 acc 0.0980 loss nan (75s)
  [pruned d=0.01 wp lr=0.003 s0] step 6000/7035 acc 0.0980 loss nan (91s)
  [pruned d=0.01 wp lr=0.003 s0] step 7000/7035 acc 0.0980 loss nan (106s)
  [pruned d=0.01 wp lr=0.003 s0] step 7035/7035 acc 0.0980 loss nan (107s)
  -> results\p3\h2\pruned_d0.01\wp\seed0.json final 0.0980 alive 1150/2048 active 18,616 (107s)
  [pruned d=0.01 np lr=0.003 s0] step 1000/7035 acc 0.6987 loss 1.102 (2s)
  [pruned d=0.01 np lr=0.003 s0] step 2000/7035 acc 0.7923 loss 0.690 (4s)
  [pruned d=0.01 np lr=0.003 s0] step 3000/7035 acc 0.0980 loss nan (5s)
  [pruned d=0.01 np lr=0.003 s0] step 4000/7035 acc 0.0980 loss nan (7s)
  [pruned d=0.01 np lr=0.003 s0] step 5000/7035 acc 0.0980 loss nan (9s)
  [pruned d=0.01 np lr=0.003 s0] step 6000/7035 acc 0.0980 loss nan (11s)
  [pruned d=0.01 np lr=0.003 s0] step 7000/7035 acc 0.0980 loss nan (14s)
  [pruned d=0.01 np lr=0.003 s0] step 7035/7035 acc 0.0980 loss nan (14s)
  -> results\p3\h2\pruned_d0.01\np\seed0.json final 0.0980 alive 1150/2048 active 18,616 (14s)
  [random_mask d=0.01 bp lr=0.3 s0] step 1000/7035 acc 0.9229 loss 0.449 (2s)
  [random_mask d=0.01 bp lr=0.3 s0] step 2000/7035 acc 0.9432 loss 0.186 (3s)
  [random_mask d=0.01 bp lr=0.3 s0] step 3000/7035 acc 0.9507 loss 0.315 (5s)
  [random_mask d=0.01 bp lr=0.3 s0] step 4000/7035 acc 0.9542 loss 0.055 (7s)
  [random_mask d=0.01 bp lr=0.3 s0] step 5000/7035 acc 0.9468 loss 0.045 (9s)
  [random_mask d=0.01 bp lr=0.3 s0] step 6000/7035 acc 0.9527 loss 0.049 (10s)
  [random_mask d=0.01 bp lr=0.3 s0] step 7000/7035 acc 0.9577 loss 0.200 (12s)
  [random_mask d=0.01 bp lr=0.3 s0] step 7035/7035 acc 0.9593 loss 0.088 (12s)
  -> results\p3\h2\random_mask_d0.01\bp\seed0.json final 0.9593 alive 1696/2048 active 18,616 (12s)
  [random_mask d=0.01 dfa lr=0.01 s0] step 1000/7035 acc 0.8695 loss 0.739 (1s)
  [random_mask d=0.01 dfa lr=0.01 s0] step 2000/7035 acc 0.8818 loss 0.476 (3s)
  [random_mask d=0.01 dfa lr=0.01 s0] step 3000/7035 acc 0.8602 loss 0.818 (4s)
  [random_mask d=0.01 dfa lr=0.01 s0] step 4000/7035 acc 0.8716 loss 1.052 (5s)
  [random_mask d=0.01 dfa lr=0.01 s0] step 5000/7035 acc 0.8046 loss 1.195 (7s)
  [random_mask d=0.01 dfa lr=0.01 s0] step 6000/7035 acc 0.8202 loss 1.109 (8s)
  [random_mask d=0.01 dfa lr=0.01 s0] step 7000/7035 acc 0.8717 loss 2.082 (10s)
  [random_mask d=0.01 dfa lr=0.01 s0] step 7035/7035 acc 0.8769 loss 2.380 (10s)
  -> results\p3\h2\random_mask_d0.01\dfa\seed0.json final 0.8769 alive 1696/2048 active 18,616 (10s)
  [random_mask d=0.01 fg lr=0.003 s0] step 1000/7035 acc 0.1135 loss 2.302 (27s)
  [random_mask d=0.01 fg lr=0.003 s0] step 2000/7035 acc 0.1135 loss 2.295 (54s)
  [random_mask d=0.01 fg lr=0.003 s0] step 3000/7035 acc 0.3650 loss 2.151 (81s)
  [random_mask d=0.01 fg lr=0.003 s0] step 4000/7035 acc 0.5979 loss 1.425 (108s)
  [random_mask d=0.01 fg lr=0.003 s0] step 5000/7035 acc 0.7832 loss 0.638 (135s)
  [random_mask d=0.01 fg lr=0.003 s0] step 6000/7035 acc 0.8225 loss 0.665 (163s)
  [random_mask d=0.01 fg lr=0.003 s0] step 7000/7035 acc 0.8403 loss 0.456 (189s)
  [random_mask d=0.01 fg lr=0.003 s0] step 7035/7035 acc 0.8379 loss 0.874 (190s)
  -> results\p3\h2\random_mask_d0.01\fg\seed0.json final 0.8379 alive 1696/2048 active 18,616 (190s)
  [random_mask d=0.01 wp lr=0.03 s0] step 1000/7035 acc 0.0980 loss nan (15s)
  [random_mask d=0.01 wp lr=0.03 s0] step 2000/7035 acc 0.0980 loss nan (30s)
  [random_mask d=0.01 wp lr=0.03 s0] step 3000/7035 acc 0.0980 loss nan (45s)
  [random_mask d=0.01 wp lr=0.03 s0] step 4000/7035 acc 0.0980 loss nan (60s)
  [random_mask d=0.01 wp lr=0.03 s0] step 5000/7035 acc 0.0980 loss nan (75s)
  [random_mask d=0.01 wp lr=0.03 s0] step 6000/7035 acc 0.0980 loss nan (90s)
  [random_mask d=0.01 wp lr=0.03 s0] step 7000/7035 acc 0.0980 loss nan (105s)
  [random_mask d=0.01 wp lr=0.03 s0] step 7035/7035 acc 0.0980 loss nan (106s)
  -> results\p3\h2\random_mask_d0.01\wp\seed0.json final 0.0980 alive 1696/2048 active 18,616 (106s)
  [random_mask d=0.01 np lr=0.003 s0] step 1000/7035 acc 0.1564 loss 2.288 (2s)
  [random_mask d=0.01 np lr=0.003 s0] step 2000/7035 acc 0.4101 loss 1.844 (4s)
  [random_mask d=0.01 np lr=0.003 s0] step 3000/7035 acc 0.7324 loss 1.024 (6s)
  [random_mask d=0.01 np lr=0.003 s0] step 4000/7035 acc 0.7865 loss 0.801 (8s)
  [random_mask d=0.01 np lr=0.003 s0] step 5000/7035 acc 0.7758 loss 0.530 (10s)
  [random_mask d=0.01 np lr=0.003 s0] step 6000/7035 acc 0.7649 loss 0.717 (11s)
  [random_mask d=0.01 np lr=0.003 s0] step 7000/7035 acc 0.6744 loss 2.030 (13s)
  [random_mask d=0.01 np lr=0.003 s0] step 7035/7035 acc 0.5787 loss 2.287 (14s)
  -> results\p3\h2\random_mask_d0.01\np\seed0.json final 0.5787 alive 1696/2048 active 18,616 (14s)
  [dense_small d=0.01 bp lr=0.03 s0] step 1000/7035 acc 0.9466 loss 0.335 (2s)
  [dense_small d=0.01 bp lr=0.03 s0] step 2000/7035 acc 0.9596 loss 0.112 (3s)
  [dense_small d=0.01 bp lr=0.03 s0] step 3000/7035 acc 0.9596 loss 0.192 (4s)
  [dense_small d=0.01 bp lr=0.03 s0] step 4000/7035 acc 0.9615 loss 0.063 (6s)
  [dense_small d=0.01 bp lr=0.03 s0] step 5000/7035 acc 0.9620 loss 0.057 (7s)
  [dense_small d=0.01 bp lr=0.03 s0] step 6000/7035 acc 0.9667 loss 0.061 (8s)
  [dense_small d=0.01 bp lr=0.03 s0] step 7000/7035 acc 0.9626 loss 0.132 (10s)
  [dense_small d=0.01 bp lr=0.03 s0] step 7035/7035 acc 0.9625 loss 0.026 (10s)
  -> results\p3\h2\dense_small_d0.01\bp\seed0.json final 0.9625 alive 46/46 active 18,791 (10s)
  [dense_small d=0.01 dfa lr=0.003 s0] step 1000/7035 acc 0.9148 loss 0.649 (1s)
  [dense_small d=0.01 dfa lr=0.003 s0] step 2000/7035 acc 0.9295 loss 0.219 (2s)
  [dense_small d=0.01 dfa lr=0.003 s0] step 3000/7035 acc 0.9260 loss 0.269 (4s)
  [dense_small d=0.01 dfa lr=0.003 s0] step 4000/7035 acc 0.9379 loss 0.146 (5s)
  [dense_small d=0.01 dfa lr=0.003 s0] step 5000/7035 acc 0.9418 loss 0.131 (6s)
  [dense_small d=0.01 dfa lr=0.003 s0] step 6000/7035 acc 0.9449 loss 0.087 (7s)
  [dense_small d=0.01 dfa lr=0.003 s0] step 7000/7035 acc 0.9502 loss 0.203 (8s)
  [dense_small d=0.01 dfa lr=0.003 s0] step 7035/7035 acc 0.9445 loss 0.112 (8s)
  -> results\p3\h2\dense_small_d0.01\dfa\seed0.json final 0.9445 alive 46/46 active 18,791 (8s)
  [dense_small d=0.01 fg lr=0.0003 s0] step 1000/7035 acc 0.7473 loss 1.048 (15s)
  [dense_small d=0.01 fg lr=0.0003 s0] step 2000/7035 acc 0.8411 loss 0.453 (29s)
  [dense_small d=0.01 fg lr=0.0003 s0] step 3000/7035 acc 0.8619 loss 0.487 (43s)
  [dense_small d=0.01 fg lr=0.0003 s0] step 4000/7035 acc 0.8691 loss 0.353 (58s)
  [dense_small d=0.01 fg lr=0.0003 s0] step 5000/7035 acc 0.8666 loss 0.528 (72s)
  [dense_small d=0.01 fg lr=0.0003 s0] step 6000/7035 acc 0.8600 loss 0.290 (87s)
  [dense_small d=0.01 fg lr=0.0003 s0] step 7000/7035 acc 0.8678 loss 0.479 (101s)
  [dense_small d=0.01 fg lr=0.0003 s0] step 7035/7035 acc 0.8680 loss 0.535 (101s)
  -> results\p3\h2\dense_small_d0.01\fg\seed0.json final 0.8680 alive 46/46 active 18,791 (101s)
  [dense_small d=0.01 wp lr=0.0003 s0] step 1000/7035 acc 0.7449 loss 1.052 (14s)
  [dense_small d=0.01 wp lr=0.0003 s0] step 2000/7035 acc 0.8404 loss 0.466 (28s)
  [dense_small d=0.01 wp lr=0.0003 s0] step 3000/7035 acc 0.8627 loss 0.480 (42s)
  [dense_small d=0.01 wp lr=0.0003 s0] step 4000/7035 acc 0.8687 loss 0.346 (56s)
  [dense_small d=0.01 wp lr=0.0003 s0] step 5000/7035 acc 0.8651 loss 0.529 (70s)
  [dense_small d=0.01 wp lr=0.0003 s0] step 6000/7035 acc 0.8578 loss 0.299 (84s)
  [dense_small d=0.01 wp lr=0.0003 s0] step 7000/7035 acc 0.8669 loss 0.461 (98s)
  [dense_small d=0.01 wp lr=0.0003 s0] step 7035/7035 acc 0.8676 loss 0.548 (98s)
  -> results\p3\h2\dense_small_d0.01\wp\seed0.json final 0.8676 alive 46/46 active 18,791 (98s)
  [dense_small d=0.01 np lr=0.001 s0] step 1000/7035 acc 0.8278 loss 0.671 (2s)
  [dense_small d=0.01 np lr=0.001 s0] step 2000/7035 acc 0.8654 loss 0.414 (4s)
  [dense_small d=0.01 np lr=0.001 s0] step 3000/7035 acc 0.8767 loss 0.539 (5s)
  [dense_small d=0.01 np lr=0.001 s0] step 4000/7035 acc 0.8877 loss 0.287 (7s)
  [dense_small d=0.01 np lr=0.001 s0] step 5000/7035 acc 0.8841 loss 0.293 (9s)
  [dense_small d=0.01 np lr=0.001 s0] step 6000/7035 acc 0.8870 loss 0.329 (10s)
  [dense_small d=0.01 np lr=0.001 s0] step 7000/7035 acc 0.8938 loss 0.089 (12s)
  [dense_small d=0.01 np lr=0.001 s0] step 7035/7035 acc 0.9097 loss 0.262 (12s)
  -> results\p3\h2\dense_small_d0.01\np\seed0.json final 0.9097 alive 46/46 active 18,791 (12s)
  [pruned d=0.005 bp lr=0.1 s0] step 1000/7035 acc 0.9731 loss 0.234 (2s)
  [pruned d=0.005 bp lr=0.1 s0] step 2000/7035 acc 0.9779 loss 0.079 (4s)
  [pruned d=0.005 bp lr=0.1 s0] step 3000/7035 acc 0.9773 loss 0.042 (6s)
  [pruned d=0.005 bp lr=0.1 s0] step 4000/7035 acc 0.9773 loss 0.011 (7s)
  [pruned d=0.005 bp lr=0.1 s0] step 5000/7035 acc 0.9784 loss 0.003 (9s)
  [pruned d=0.005 bp lr=0.1 s0] step 6000/7035 acc 0.9783 loss 0.007 (11s)
  [pruned d=0.005 bp lr=0.1 s0] step 7000/7035 acc 0.9785 loss 0.036 (13s)
  [pruned d=0.005 bp lr=0.1 s0] step 7035/7035 acc 0.9774 loss 0.009 (13s)
  -> results\p3\h2\pruned_d0.005\bp\seed0.json final 0.9774 alive 861/2048 active 9,308 (13s)
  [pruned d=0.005 dfa lr=0.01 s0] step 1000/7035 acc 0.9082 loss 0.697 (2s)
  [pruned d=0.005 dfa lr=0.01 s0] step 2000/7035 acc 0.9221 loss 0.214 (3s)
  [pruned d=0.005 dfa lr=0.01 s0] step 3000/7035 acc 0.9330 loss 0.414 (4s)
  [pruned d=0.005 dfa lr=0.01 s0] step 4000/7035 acc 0.9398 loss 0.204 (6s)
  [pruned d=0.005 dfa lr=0.01 s0] step 5000/7035 acc 0.9202 loss 0.111 (7s)
  [pruned d=0.005 dfa lr=0.01 s0] step 6000/7035 acc 0.9268 loss 0.174 (9s)
  [pruned d=0.005 dfa lr=0.01 s0] step 7000/7035 acc 0.9091 loss 0.529 (10s)
  [pruned d=0.005 dfa lr=0.01 s0] step 7035/7035 acc 0.9294 loss 0.310 (10s)
  -> results\p3\h2\pruned_d0.005\dfa\seed0.json final 0.9294 alive 861/2048 active 9,308 (10s)
  [pruned d=0.005 fg lr=0.003 s0] step 1000/7035 acc 0.1419 loss 2.278 (27s)
  [pruned d=0.005 fg lr=0.003 s0] step 2000/7035 acc 0.6989 loss 0.996 (54s)
  [pruned d=0.005 fg lr=0.003 s0] step 3000/7035 acc 0.8660 loss 0.431 (80s)
  [pruned d=0.005 fg lr=0.003 s0] step 4000/7035 acc 0.8672 loss 0.429 (107s)
  [pruned d=0.005 fg lr=0.003 s0] step 5000/7035 acc 0.6614 loss 2.807 (134s)
  [pruned d=0.005 fg lr=0.003 s0] step 6000/7035 acc 0.0980 loss nan (161s)
  [pruned d=0.005 fg lr=0.003 s0] step 7000/7035 acc 0.0980 loss nan (188s)
  [pruned d=0.005 fg lr=0.003 s0] step 7035/7035 acc 0.0980 loss nan (189s)
  -> results\p3\h2\pruned_d0.005\fg\seed0.json final 0.0980 alive 861/2048 active 9,308 (189s)
  [pruned d=0.005 wp lr=0.003 s0] step 1000/7035 acc 0.1421 loss 2.278 (14s)
  [pruned d=0.005 wp lr=0.003 s0] step 2000/7035 acc 0.7004 loss 0.995 (29s)
  [pruned d=0.005 wp lr=0.003 s0] step 3000/7035 acc 0.8636 loss 0.437 (45s)
  [pruned d=0.005 wp lr=0.003 s0] step 4000/7035 acc 0.8718 loss 0.428 (60s)
  [pruned d=0.005 wp lr=0.003 s0] step 5000/7035 acc 0.7816 loss 0.944 (74s)
  [pruned d=0.005 wp lr=0.003 s0] step 6000/7035 acc 0.0980 loss nan (89s)
  [pruned d=0.005 wp lr=0.003 s0] step 7000/7035 acc 0.0980 loss nan (104s)
  [pruned d=0.005 wp lr=0.003 s0] step 7035/7035 acc 0.0980 loss nan (104s)
  -> results\p3\h2\pruned_d0.005\wp\seed0.json final 0.0980 alive 861/2048 active 9,308 (104s)
  [pruned d=0.005 np lr=0.003 s0] step 1000/7035 acc 0.6607 loss 1.225 (2s)
  [pruned d=0.005 np lr=0.003 s0] step 2000/7035 acc 0.8202 loss 0.551 (4s)
  [pruned d=0.005 np lr=0.003 s0] step 3000/7035 acc 0.8288 loss 0.699 (5s)
  [pruned d=0.005 np lr=0.003 s0] step 4000/7035 acc 0.8651 loss 0.468 (8s)
  [pruned d=0.005 np lr=0.003 s0] step 5000/7035 acc 0.8543 loss 0.268 (10s)
  [pruned d=0.005 np lr=0.003 s0] step 6000/7035 acc 0.8095 loss 0.609 (12s)
  [pruned d=0.005 np lr=0.003 s0] step 7000/7035 acc 0.6061 loss 3.627 (14s)
  [pruned d=0.005 np lr=0.003 s0] step 7035/7035 acc 0.7021 loss 2.189 (14s)
  -> results\p3\h2\pruned_d0.005\np\seed0.json final 0.7021 alive 861/2048 active 9,308 (14s)
  [random_mask d=0.005 bp lr=0.3 s0] step 1000/7035 acc 0.8740 loss 0.905 (2s)
  [random_mask d=0.005 bp lr=0.3 s0] step 2000/7035 acc 0.8843 loss 0.481 (3s)
  [random_mask d=0.005 bp lr=0.3 s0] step 3000/7035 acc 0.9094 loss 0.537 (5s)
  [random_mask d=0.005 bp lr=0.3 s0] step 4000/7035 acc 0.9121 loss 0.245 (7s)
  [random_mask d=0.005 bp lr=0.3 s0] step 5000/7035 acc 0.9206 loss 0.199 (9s)
  [random_mask d=0.005 bp lr=0.3 s0] step 6000/7035 acc 0.9177 loss 0.164 (11s)
  [random_mask d=0.005 bp lr=0.3 s0] step 7000/7035 acc 0.9225 loss 0.328 (13s)
  [random_mask d=0.005 bp lr=0.3 s0] step 7035/7035 acc 0.9210 loss 0.251 (13s)
  -> results\p3\h2\random_mask_d0.005\bp\seed0.json final 0.9210 alive 1508/2048 active 9,308 (13s)
  [random_mask d=0.005 dfa lr=0.003 s0] step 1000/7035 acc 0.6457 loss 1.278 (1s)
  [random_mask d=0.005 dfa lr=0.003 s0] step 2000/7035 acc 0.7116 loss 0.974 (3s)
  [random_mask d=0.005 dfa lr=0.003 s0] step 3000/7035 acc 0.7417 loss 8.064 (4s)
  [random_mask d=0.005 dfa lr=0.003 s0] step 4000/7035 acc 0.6722 loss 33.483 (5s)
  [random_mask d=0.005 dfa lr=0.003 s0] step 5000/7035 acc 0.6435 loss 32.567 (7s)
  [random_mask d=0.005 dfa lr=0.003 s0] step 6000/7035 acc 0.6754 loss 121.739 (8s)
  [random_mask d=0.005 dfa lr=0.003 s0] step 7000/7035 acc 0.3365 loss 15.214 (10s)
  [random_mask d=0.005 dfa lr=0.003 s0] step 7035/7035 acc 0.6712 loss 145.260 (10s)
  -> results\p3\h2\random_mask_d0.005\dfa\seed0.json final 0.6712 alive 1508/2048 active 9,308 (10s)
  [random_mask d=0.005 fg lr=0.01 s0] step 1000/7035 acc 0.4610 loss 1.732 (27s)
  [random_mask d=0.005 fg lr=0.01 s0] step 2000/7035 acc 0.0980 loss nan (54s)
  [random_mask d=0.005 fg lr=0.01 s0] step 3000/7035 acc 0.0980 loss nan (81s)
  [random_mask d=0.005 fg lr=0.01 s0] step 4000/7035 acc 0.0980 loss nan (107s)
  [random_mask d=0.005 fg lr=0.01 s0] step 5000/7035 acc 0.0980 loss nan (134s)
  [random_mask d=0.005 fg lr=0.01 s0] step 6000/7035 acc 0.0980 loss nan (161s)
  [random_mask d=0.005 fg lr=0.01 s0] step 7000/7035 acc 0.0980 loss nan (188s)
  [random_mask d=0.005 fg lr=0.01 s0] step 7035/7035 acc 0.0980 loss nan (189s)
  -> results\p3\h2\random_mask_d0.005\fg\seed0.json final 0.0980 alive 1508/2048 active 9,308 (189s)
  [random_mask d=0.005 wp lr=0.01 s0] step 1000/7035 acc 0.4636 loss 1.775 (15s)
  [random_mask d=0.005 wp lr=0.01 s0] step 2000/7035 acc 0.1711 loss 571713206068019852180631668654080.000 (30s)
  [random_mask d=0.005 wp lr=0.01 s0] step 3000/7035 acc 0.1711 loss 507434871695680498804372629618688.000 (45s)
  [random_mask d=0.005 wp lr=0.01 s0] step 4000/7035 acc 0.1711 loss 590513956187151833088059030634496.000 (60s)
  [random_mask d=0.005 wp lr=0.01 s0] step 5000/7035 acc 0.1711 loss 604070482814861121805944977620992.000 (75s)
  [random_mask d=0.005 wp lr=0.01 s0] step 6000/7035 acc 0.1711 loss 544869714256155666299719058980864.000 (90s)
  [random_mask d=0.005 wp lr=0.01 s0] step 7000/7035 acc 0.1711 loss 538560475474685270392428491177984.000 (105s)
  [random_mask d=0.005 wp lr=0.01 s0] step 7035/7035 acc 0.1711 loss 526597216363162493756471307665408.000 (106s)
  -> results\p3\h2\random_mask_d0.005\wp\seed0.json final 0.1711 alive 1508/2048 active 9,308 (106s)
  [random_mask d=0.005 np lr=0.01 s0] step 1000/7035 acc 0.5841 loss 1.363 (2s)
  [random_mask d=0.005 np lr=0.01 s0] step 2000/7035 acc 0.0980 loss nan (4s)
  [random_mask d=0.005 np lr=0.01 s0] step 3000/7035 acc 0.0980 loss nan (6s)
  [random_mask d=0.005 np lr=0.01 s0] step 4000/7035 acc 0.0980 loss nan (8s)
  [random_mask d=0.005 np lr=0.01 s0] step 5000/7035 acc 0.0980 loss nan (9s)
  [random_mask d=0.005 np lr=0.01 s0] step 6000/7035 acc 0.0980 loss nan (11s)
  [random_mask d=0.005 np lr=0.01 s0] step 7000/7035 acc 0.0980 loss nan (13s)
  [random_mask d=0.005 np lr=0.01 s0] step 7035/7035 acc 0.0980 loss nan (13s)
  -> results\p3\h2\random_mask_d0.005\np\seed0.json final 0.0980 alive 1508/2048 active 9,308 (13s)
  [dense_small d=0.005 bp lr=0.01 s0] step 1000/7035 acc 0.9187 loss 0.592 (2s)
  [dense_small d=0.005 bp lr=0.01 s0] step 2000/7035 acc 0.9367 loss 0.250 (3s)
  [dense_small d=0.005 bp lr=0.01 s0] step 3000/7035 acc 0.9423 loss 0.236 (5s)
  [dense_small d=0.005 bp lr=0.01 s0] step 4000/7035 acc 0.9421 loss 0.125 (6s)
  [dense_small d=0.005 bp lr=0.01 s0] step 5000/7035 acc 0.9397 loss 0.076 (7s)
  [dense_small d=0.005 bp lr=0.01 s0] step 6000/7035 acc 0.9393 loss 0.140 (9s)
  [dense_small d=0.005 bp lr=0.01 s0] step 7000/7035 acc 0.9468 loss 0.221 (10s)
  [dense_small d=0.005 bp lr=0.01 s0] step 7035/7035 acc 0.9451 loss 0.206 (10s)
  -> results\p3\h2\dense_small_d0.005\bp\seed0.json final 0.9451 alive 24/24 active 9,672 (10s)
  [dense_small d=0.005 dfa lr=0.003 s0] step 1000/7035 acc 0.8886 loss 0.826 (1s)
  [dense_small d=0.005 dfa lr=0.003 s0] step 2000/7035 acc 0.8680 loss 1.214 (2s)
  [dense_small d=0.005 dfa lr=0.003 s0] step 3000/7035 acc 0.8869 loss 1.289 (4s)
  [dense_small d=0.005 dfa lr=0.003 s0] step 4000/7035 acc 0.7947 loss 2.239 (5s)
  [dense_small d=0.005 dfa lr=0.003 s0] step 5000/7035 acc 0.8569 loss 1.266 (6s)
  [dense_small d=0.005 dfa lr=0.003 s0] step 6000/7035 acc 0.6435 loss 8.441 (7s)
  [dense_small d=0.005 dfa lr=0.003 s0] step 7000/7035 acc 0.8776 loss 12.156 (8s)
  [dense_small d=0.005 dfa lr=0.003 s0] step 7035/7035 acc 0.8778 loss 5.272 (8s)
  -> results\p3\h2\dense_small_d0.005\dfa\seed0.json final 0.8778 alive 24/24 active 9,672 (8s)
  [dense_small d=0.005 fg lr=0.0003 s0] step 1000/7035 acc 0.6602 loss 1.313 (14s)
  [dense_small d=0.005 fg lr=0.0003 s0] step 2000/7035 acc 0.7977 loss 0.564 (28s)
  [dense_small d=0.005 fg lr=0.0003 s0] step 3000/7035 acc 0.8223 loss 0.552 (42s)
  [dense_small d=0.005 fg lr=0.0003 s0] step 4000/7035 acc 0.8384 loss 0.489 (57s)
  [dense_small d=0.005 fg lr=0.0003 s0] step 5000/7035 acc 0.8443 loss 0.559 (71s)
  [dense_small d=0.005 fg lr=0.0003 s0] step 6000/7035 acc 0.8530 loss 0.367 (85s)
  [dense_small d=0.005 fg lr=0.0003 s0] step 7000/7035 acc 0.8607 loss 0.388 (99s)
  [dense_small d=0.005 fg lr=0.0003 s0] step 7035/7035 acc 0.8620 loss 0.633 (99s)
  -> results\p3\h2\dense_small_d0.005\fg\seed0.json final 0.8620 alive 24/24 active 9,672 (99s)
  [dense_small d=0.005 wp lr=0.0003 s0] step 1000/7035 acc 0.6606 loss 1.320 (14s)
  [dense_small d=0.005 wp lr=0.0003 s0] step 2000/7035 acc 0.7981 loss 0.564 (28s)
  [dense_small d=0.005 wp lr=0.0003 s0] step 3000/7035 acc 0.8234 loss 0.557 (41s)
  [dense_small d=0.005 wp lr=0.0003 s0] step 4000/7035 acc 0.8410 loss 0.497 (55s)
  [dense_small d=0.005 wp lr=0.0003 s0] step 5000/7035 acc 0.8424 loss 0.569 (70s)
  [dense_small d=0.005 wp lr=0.0003 s0] step 6000/7035 acc 0.8515 loss 0.368 (83s)
  [dense_small d=0.005 wp lr=0.0003 s0] step 7000/7035 acc 0.8591 loss 0.389 (97s)
  [dense_small d=0.005 wp lr=0.0003 s0] step 7035/7035 acc 0.8612 loss 0.626 (97s)
  -> results\p3\h2\dense_small_d0.005\wp\seed0.json final 0.8612 alive 24/24 active 9,672 (97s)
  [dense_small d=0.005 np lr=0.001 s0] step 1000/7035 acc 0.8356 loss 0.648 (2s)
  [dense_small d=0.005 np lr=0.001 s0] step 2000/7035 acc 0.8618 loss 0.494 (3s)
  [dense_small d=0.005 np lr=0.001 s0] step 3000/7035 acc 0.8728 loss 0.630 (5s)
  [dense_small d=0.005 np lr=0.001 s0] step 4000/7035 acc 0.8916 loss 0.371 (7s)
  [dense_small d=0.005 np lr=0.001 s0] step 5000/7035 acc 0.8989 loss 0.262 (9s)
  [dense_small d=0.005 np lr=0.001 s0] step 6000/7035 acc 0.9063 loss 0.286 (10s)
  [dense_small d=0.005 np lr=0.001 s0] step 7000/7035 acc 0.9052 loss 0.190 (12s)
  [dense_small d=0.005 np lr=0.001 s0] step 7035/7035 acc 0.9038 loss 0.270 (12s)
  -> results\p3\h2\dense_small_d0.005\np\seed0.json final 0.9038 alive 24/24 active 9,672 (12s)
  [dense d=1 bp lr=0.03 s1] step 1000/7035 acc 0.9769 loss 0.034 (1s)
  [dense d=1 bp lr=0.03 s1] step 2000/7035 acc 0.9793 loss 0.046 (3s)
  [dense d=1 bp lr=0.03 s1] step 3000/7035 acc 0.9826 loss 0.003 (4s)
  [dense d=1 bp lr=0.03 s1] step 4000/7035 acc 0.9842 loss 0.001 (6s)
  [dense d=1 bp lr=0.03 s1] step 5000/7035 acc 0.9841 loss 0.001 (7s)
  [dense d=1 bp lr=0.03 s1] step 6000/7035 acc 0.9845 loss 0.001 (8s)
  [dense d=1 bp lr=0.03 s1] step 7000/7035 acc 0.9843 loss 0.001 (10s)
  [dense d=1 bp lr=0.03 s1] step 7035/7035 acc 0.9842 loss 0.000 (10s)
  -> results\p3\h2\dense_d1\bp\seed1.json final 0.9842 alive 2048/2048 active 1,861,632 (10s)
  [dense d=1 dfa lr=0.001 s1] step 1000/7035 acc 0.9411 loss 0.222 (1s)
  [dense d=1 dfa lr=0.001 s1] step 2000/7035 acc 0.9577 loss 0.182 (2s)
  [dense d=1 dfa lr=0.001 s1] step 3000/7035 acc 0.9674 loss 0.095 (4s)
  [dense d=1 dfa lr=0.001 s1] step 4000/7035 acc 0.9725 loss 0.028 (5s)
  [dense d=1 dfa lr=0.001 s1] step 5000/7035 acc 0.9726 loss 0.080 (6s)
  [dense d=1 dfa lr=0.001 s1] step 6000/7035 acc 0.9732 loss 0.043 (8s)
  [dense d=1 dfa lr=0.001 s1] step 7000/7035 acc 0.9765 loss 0.047 (9s)
  [dense d=1 dfa lr=0.001 s1] step 7035/7035 acc 0.9755 loss 0.045 (9s)
  -> results\p3\h2\dense_d1\dfa\seed1.json final 0.9755 alive 2048/2048 active 1,861,632 (9s)
  [dense d=1 fg lr=0.0001 s1] step 1000/7035 acc 0.7626 loss 1.377 (14s)
  [dense d=1 fg lr=0.0001 s1] step 2000/7035 acc 0.8642 loss 0.681 (29s)
  [dense d=1 fg lr=0.0001 s1] step 3000/7035 acc 0.8824 loss 0.497 (43s)
  [dense d=1 fg lr=0.0001 s1] step 4000/7035 acc 0.8767 loss 0.347 (57s)
  [dense d=1 fg lr=0.0001 s1] step 5000/7035 acc 0.7352 loss 1.104 (71s)
  [dense d=1 fg lr=0.0001 s1] step 6000/7035 acc 0.0980 loss nan (86s)
  [dense d=1 fg lr=0.0001 s1] step 7000/7035 acc 0.0980 loss nan (100s)
  [dense d=1 fg lr=0.0001 s1] step 7035/7035 acc 0.0980 loss nan (101s)
  -> results\p3\h2\dense_d1\fg\seed1.json final 0.0980 alive 2048/2048 active 1,861,632 (101s)
  [dense d=1 wp lr=0.0001 s1] step 1000/7035 acc 0.7639 loss 1.374 (13s)
  [dense d=1 wp lr=0.0001 s1] step 2000/7035 acc 0.8617 loss 0.686 (27s)
  [dense d=1 wp lr=0.0001 s1] step 3000/7035 acc 0.8791 loss 0.512 (41s)
  [dense d=1 wp lr=0.0001 s1] step 4000/7035 acc 0.8722 loss 0.394 (54s)
  [dense d=1 wp lr=0.0001 s1] step 5000/7035 acc 0.7489 loss 0.764 (67s)
  [dense d=1 wp lr=0.0001 s1] step 6000/7035 acc 0.0980 loss nan (81s)
  [dense d=1 wp lr=0.0001 s1] step 7000/7035 acc 0.0980 loss nan (95s)
  [dense d=1 wp lr=0.0001 s1] step 7035/7035 acc 0.0980 loss nan (96s)
  -> results\p3\h2\dense_d1\wp\seed1.json final 0.0980 alive 2048/2048 active 1,861,632 (96s)
  [dense d=1 np lr=0.0001 s1] step 1000/7035 acc 0.6748 loss 1.562 (2s)
  [dense d=1 np lr=0.0001 s1] step 2000/7035 acc 0.8159 loss 0.814 (3s)
  [dense d=1 np lr=0.0001 s1] step 3000/7035 acc 0.8283 loss 0.660 (5s)
  [dense d=1 np lr=0.0001 s1] step 4000/7035 acc 0.8717 loss 0.570 (7s)
  [dense d=1 np lr=0.0001 s1] step 5000/7035 acc 0.8422 loss 0.543 (8s)
  [dense d=1 np lr=0.0001 s1] step 6000/7035 acc 0.8836 loss 0.442 (10s)
  [dense d=1 np lr=0.0001 s1] step 7000/7035 acc 0.8778 loss 0.345 (11s)
  [dense d=1 np lr=0.0001 s1] step 7035/7035 acc 0.8806 loss 0.342 (12s)
  -> results\p3\h2\dense_d1\np\seed1.json final 0.8806 alive 2048/2048 active 1,861,632 (12s)
  [pruned d=0.01 bp lr=0.1 s1] step 1000/7035 acc 0.9806 loss 0.068 (2s)
  [pruned d=0.01 bp lr=0.1 s1] step 2000/7035 acc 0.9815 loss 0.029 (4s)
  [pruned d=0.01 bp lr=0.1 s1] step 3000/7035 acc 0.9806 loss 0.031 (6s)
  [pruned d=0.01 bp lr=0.1 s1] step 4000/7035 acc 0.9815 loss 0.001 (8s)
  [pruned d=0.01 bp lr=0.1 s1] step 5000/7035 acc 0.9815 loss 0.005 (10s)
  [pruned d=0.01 bp lr=0.1 s1] step 6000/7035 acc 0.9811 loss 0.010 (11s)
  [pruned d=0.01 bp lr=0.1 s1] step 7000/7035 acc 0.9824 loss 0.009 (13s)
  [pruned d=0.01 bp lr=0.1 s1] step 7035/7035 acc 0.9817 loss 0.003 (13s)
  -> results\p3\h2\pruned_d0.01\bp\seed1.json final 0.9817 alive 1133/2048 active 18,616 (13s)
  [pruned d=0.01 dfa lr=0.01 s1] step 1000/7035 acc 0.9318 loss 0.223 (1s)
  [pruned d=0.01 dfa lr=0.01 s1] step 2000/7035 acc 0.9458 loss 0.176 (3s)
  [pruned d=0.01 dfa lr=0.01 s1] step 3000/7035 acc 0.9550 loss 0.144 (4s)
  [pruned d=0.01 dfa lr=0.01 s1] step 4000/7035 acc 0.9573 loss 0.022 (6s)
  [pruned d=0.01 dfa lr=0.01 s1] step 5000/7035 acc 0.9631 loss 0.194 (7s)
  [pruned d=0.01 dfa lr=0.01 s1] step 6000/7035 acc 0.9621 loss 0.154 (8s)
  [pruned d=0.01 dfa lr=0.01 s1] step 7000/7035 acc 0.9637 loss 0.190 (10s)
  [pruned d=0.01 dfa lr=0.01 s1] step 7035/7035 acc 0.9603 loss 0.162 (10s)
  -> results\p3\h2\pruned_d0.01\dfa\seed1.json final 0.9603 alive 1133/2048 active 18,616 (10s)
  [pruned d=0.01 fg lr=0.003 s1] step 1000/7035 acc 0.5115 loss 1.891 (28s)
  [pruned d=0.01 fg lr=0.003 s1] step 2000/7035 acc 0.8382 loss 0.626 (54s)
  [pruned d=0.01 fg lr=0.003 s1] step 3000/7035 acc 0.0980 loss nan (81s)
  [pruned d=0.01 fg lr=0.003 s1] step 4000/7035 acc 0.0980 loss nan (108s)
  [pruned d=0.01 fg lr=0.003 s1] step 5000/7035 acc 0.0980 loss nan (135s)
  [pruned d=0.01 fg lr=0.003 s1] step 6000/7035 acc 0.0980 loss nan (162s)
  [pruned d=0.01 fg lr=0.003 s1] step 7000/7035 acc 0.0980 loss nan (189s)
  [pruned d=0.01 fg lr=0.003 s1] step 7035/7035 acc 0.0980 loss nan (190s)
  -> results\p3\h2\pruned_d0.01\fg\seed1.json final 0.0980 alive 1133/2048 active 18,616 (190s)
  [pruned d=0.01 wp lr=0.003 s1] step 1000/7035 acc 0.5122 loss 1.895 (15s)
  [pruned d=0.01 wp lr=0.003 s1] step 2000/7035 acc 0.8400 loss 0.598 (30s)
  [pruned d=0.01 wp lr=0.003 s1] step 3000/7035 acc 0.0799 loss 1226834437576063480496128.000 (44s)
  [pruned d=0.01 wp lr=0.003 s1] step 4000/7035 acc 0.0980 loss nan (59s)
  [pruned d=0.01 wp lr=0.003 s1] step 5000/7035 acc 0.0980 loss nan (74s)
  [pruned d=0.01 wp lr=0.003 s1] step 6000/7035 acc 0.0980 loss nan (89s)
  [pruned d=0.01 wp lr=0.003 s1] step 7000/7035 acc 0.0980 loss nan (103s)
  [pruned d=0.01 wp lr=0.003 s1] step 7035/7035 acc 0.0980 loss nan (104s)
  -> results\p3\h2\pruned_d0.01\wp\seed1.json final 0.0980 alive 1133/2048 active 18,616 (104s)
  [pruned d=0.01 np lr=0.003 s1] step 1000/7035 acc 0.7724 loss 0.839 (2s)
  [pruned d=0.01 np lr=0.003 s1] step 2000/7035 acc 0.8331 loss 0.482 (4s)
  [pruned d=0.01 np lr=0.003 s1] step 3000/7035 acc 0.2262 loss 190.580 (6s)
  [pruned d=0.01 np lr=0.003 s1] step 4000/7035 acc 0.0980 loss nan (8s)
  [pruned d=0.01 np lr=0.003 s1] step 5000/7035 acc 0.0980 loss nan (10s)
  [pruned d=0.01 np lr=0.003 s1] step 6000/7035 acc 0.0980 loss nan (12s)
  [pruned d=0.01 np lr=0.003 s1] step 7000/7035 acc 0.0980 loss nan (14s)
  [pruned d=0.01 np lr=0.003 s1] step 7035/7035 acc 0.0980 loss nan (14s)
  -> results\p3\h2\pruned_d0.01\np\seed1.json final 0.0980 alive 1133/2048 active 18,616 (14s)
  [random_mask d=0.01 bp lr=0.3 s1] step 1000/7035 acc 0.9229 loss 0.254 (2s)
  [random_mask d=0.01 bp lr=0.3 s1] step 2000/7035 acc 0.9384 loss 0.184 (3s)
  [random_mask d=0.01 bp lr=0.3 s1] step 3000/7035 acc 0.9439 loss 0.198 (5s)
  [random_mask d=0.01 bp lr=0.3 s1] step 4000/7035 acc 0.9524 loss 0.065 (7s)
  [random_mask d=0.01 bp lr=0.3 s1] step 5000/7035 acc 0.9405 loss 0.250 (9s)
  [random_mask d=0.01 bp lr=0.3 s1] step 6000/7035 acc 0.9518 loss 0.161 (10s)
  [random_mask d=0.01 bp lr=0.3 s1] step 7000/7035 acc 0.9585 loss 0.078 (13s)
  [random_mask d=0.01 bp lr=0.3 s1] step 7035/7035 acc 0.9584 loss 0.059 (13s)
  -> results\p3\h2\random_mask_d0.01\bp\seed1.json final 0.9584 alive 1711/2048 active 18,616 (13s)
  [random_mask d=0.01 dfa lr=0.01 s1] step 1000/7035 acc 0.8351 loss 0.566 (2s)
  [random_mask d=0.01 dfa lr=0.01 s1] step 2000/7035 acc 0.8651 loss 0.468 (3s)
  [random_mask d=0.01 dfa lr=0.01 s1] step 3000/7035 acc 0.8563 loss 0.791 (5s)
  [random_mask d=0.01 dfa lr=0.01 s1] step 4000/7035 acc 0.8520 loss 0.401 (6s)
  [random_mask d=0.01 dfa lr=0.01 s1] step 5000/7035 acc 0.8321 loss 3.448 (7s)
  [random_mask d=0.01 dfa lr=0.01 s1] step 6000/7035 acc 0.8621 loss 2.279 (9s)
  [random_mask d=0.01 dfa lr=0.01 s1] step 7000/7035 acc 0.8801 loss 2.558 (10s)
  [random_mask d=0.01 dfa lr=0.01 s1] step 7035/7035 acc 0.8252 loss 3.922 (10s)
  -> results\p3\h2\random_mask_d0.01\dfa\seed1.json final 0.8252 alive 1711/2048 active 18,616 (10s)
  [random_mask d=0.01 fg lr=0.003 s1] step 1000/7035 acc 0.1135 loss 2.295 (26s)
  [random_mask d=0.01 fg lr=0.003 s1] step 2000/7035 acc 0.1135 loss 2.293 (54s)
  [random_mask d=0.01 fg lr=0.003 s1] step 3000/7035 acc 0.2668 loss 2.212 (80s)
  [random_mask d=0.01 fg lr=0.003 s1] step 4000/7035 acc 0.6380 loss 1.272 (108s)
  [random_mask d=0.01 fg lr=0.003 s1] step 5000/7035 acc 0.7967 loss 0.669 (134s)
  [random_mask d=0.01 fg lr=0.003 s1] step 6000/7035 acc 0.8249 loss 0.688 (161s)
  [random_mask d=0.01 fg lr=0.003 s1] step 7000/7035 acc 0.8287 loss 0.508 (188s)
  [random_mask d=0.01 fg lr=0.003 s1] step 7035/7035 acc 0.8288 loss 0.688 (189s)
  -> results\p3\h2\random_mask_d0.01\fg\seed1.json final 0.8288 alive 1711/2048 active 18,616 (189s)
  [random_mask d=0.01 wp lr=0.03 s1] step 1000/7035 acc 0.0981 loss 2030255426166312816082944.000 (15s)
  [random_mask d=0.01 wp lr=0.03 s1] step 2000/7035 acc 0.0981 loss 2281207958964007149240320.000 (29s)
  [random_mask d=0.01 wp lr=0.03 s1] step 3000/7035 acc 0.0980 loss nan (44s)
  [random_mask d=0.01 wp lr=0.03 s1] step 4000/7035 acc 0.0980 loss nan (59s)
  [random_mask d=0.01 wp lr=0.03 s1] step 5000/7035 acc 0.0980 loss nan (73s)
  [random_mask d=0.01 wp lr=0.03 s1] step 6000/7035 acc 0.0980 loss nan (88s)
  [random_mask d=0.01 wp lr=0.03 s1] step 7000/7035 acc 0.0980 loss nan (103s)
  [random_mask d=0.01 wp lr=0.03 s1] step 7035/7035 acc 0.0980 loss nan (104s)
  -> results\p3\h2\random_mask_d0.01\wp\seed1.json final 0.0980 alive 1711/2048 active 18,616 (104s)
  [random_mask d=0.01 np lr=0.003 s1] step 1000/7035 acc 0.1357 loss 2.303 (2s)
  [random_mask d=0.01 np lr=0.003 s1] step 2000/7035 acc 0.4868 loss 1.545 (4s)
  [random_mask d=0.01 np lr=0.003 s1] step 3000/7035 acc 0.6955 loss 1.080 (5s)
  [random_mask d=0.01 np lr=0.003 s1] step 4000/7035 acc 0.7828 loss 0.805 (7s)
  [random_mask d=0.01 np lr=0.003 s1] step 5000/7035 acc 0.7943 loss 0.588 (10s)
  [random_mask d=0.01 np lr=0.003 s1] step 6000/7035 acc 0.7769 loss 0.805 (12s)
  [random_mask d=0.01 np lr=0.003 s1] step 7000/7035 acc 0.7222 loss 0.763 (14s)
  [random_mask d=0.01 np lr=0.003 s1] step 7035/7035 acc 0.7231 loss 0.798 (14s)
  -> results\p3\h2\random_mask_d0.01\np\seed1.json final 0.7231 alive 1711/2048 active 18,616 (14s)
  [dense_small d=0.01 bp lr=0.03 s1] step 1000/7035 acc 0.9517 loss 0.148 (1s)
  [dense_small d=0.01 bp lr=0.03 s1] step 2000/7035 acc 0.9494 loss 0.193 (3s)
  [dense_small d=0.01 bp lr=0.03 s1] step 3000/7035 acc 0.9586 loss 0.085 (4s)
  [dense_small d=0.01 bp lr=0.03 s1] step 4000/7035 acc 0.9600 loss 0.057 (6s)
  [dense_small d=0.01 bp lr=0.03 s1] step 5000/7035 acc 0.9563 loss 0.162 (7s)
  [dense_small d=0.01 bp lr=0.03 s1] step 6000/7035 acc 0.9576 loss 0.063 (9s)
  [dense_small d=0.01 bp lr=0.03 s1] step 7000/7035 acc 0.9609 loss 0.111 (10s)
  [dense_small d=0.01 bp lr=0.03 s1] step 7035/7035 acc 0.9587 loss 0.047 (10s)
  -> results\p3\h2\dense_small_d0.01\bp\seed1.json final 0.9587 alive 46/46 active 18,791 (10s)
  [dense_small d=0.01 dfa lr=0.003 s1] step 1000/7035 acc 0.9188 loss 0.276 (1s)
  [dense_small d=0.01 dfa lr=0.003 s1] step 2000/7035 acc 0.9282 loss 0.221 (2s)
  [dense_small d=0.01 dfa lr=0.003 s1] step 3000/7035 acc 0.9277 loss 0.255 (3s)
  [dense_small d=0.01 dfa lr=0.003 s1] step 4000/7035 acc 0.9289 loss 0.202 (4s)
  [dense_small d=0.01 dfa lr=0.003 s1] step 5000/7035 acc 0.9284 loss 0.377 (6s)
  [dense_small d=0.01 dfa lr=0.003 s1] step 6000/7035 acc 0.9426 loss 0.267 (7s)
  [dense_small d=0.01 dfa lr=0.003 s1] step 7000/7035 acc 0.9377 loss 0.232 (8s)
  [dense_small d=0.01 dfa lr=0.003 s1] step 7035/7035 acc 0.9435 loss 0.159 (8s)
  -> results\p3\h2\dense_small_d0.01\dfa\seed1.json final 0.9435 alive 46/46 active 18,791 (8s)
  [dense_small d=0.01 fg lr=0.0003 s1] step 1000/7035 acc 0.7291 loss 1.038 (14s)
  [dense_small d=0.01 fg lr=0.0003 s1] step 2000/7035 acc 0.8369 loss 0.534 (29s)
  [dense_small d=0.01 fg lr=0.0003 s1] step 3000/7035 acc 0.8604 loss 0.341 (43s)
  [dense_small d=0.01 fg lr=0.0003 s1] step 4000/7035 acc 0.8698 loss 0.516 (57s)
  [dense_small d=0.01 fg lr=0.0003 s1] step 5000/7035 acc 0.8691 loss 0.503 (71s)
  [dense_small d=0.01 fg lr=0.0003 s1] step 6000/7035 acc 0.8755 loss 0.457 (85s)
  [dense_small d=0.01 fg lr=0.0003 s1] step 7000/7035 acc 0.8726 loss 0.507 (100s)
  [dense_small d=0.01 fg lr=0.0003 s1] step 7035/7035 acc 0.8682 loss 0.449 (100s)
  -> results\p3\h2\dense_small_d0.01\fg\seed1.json final 0.8682 alive 46/46 active 18,791 (100s)
  [dense_small d=0.01 wp lr=0.0003 s1] step 1000/7035 acc 0.7332 loss 1.034 (13s)
  [dense_small d=0.01 wp lr=0.0003 s1] step 2000/7035 acc 0.8393 loss 0.530 (27s)
  [dense_small d=0.01 wp lr=0.0003 s1] step 3000/7035 acc 0.8617 loss 0.337 (41s)
  [dense_small d=0.01 wp lr=0.0003 s1] step 4000/7035 acc 0.8697 loss 0.502 (55s)
  [dense_small d=0.01 wp lr=0.0003 s1] step 5000/7035 acc 0.8682 loss 0.502 (69s)
  [dense_small d=0.01 wp lr=0.0003 s1] step 6000/7035 acc 0.8727 loss 0.475 (82s)
  [dense_small d=0.01 wp lr=0.0003 s1] step 7000/7035 acc 0.8713 loss 0.517 (96s)
  [dense_small d=0.01 wp lr=0.0003 s1] step 7035/7035 acc 0.8675 loss 0.453 (96s)
  -> results\p3\h2\dense_small_d0.01\wp\seed1.json final 0.8675 alive 46/46 active 18,791 (96s)
  [dense_small d=0.01 np lr=0.001 s1] step 1000/7035 acc 0.8105 loss 0.620 (2s)
  [dense_small d=0.01 np lr=0.001 s1] step 2000/7035 acc 0.8729 loss 0.513 (4s)
  [dense_small d=0.01 np lr=0.001 s1] step 3000/7035 acc 0.8814 loss 0.416 (5s)
  [dense_small d=0.01 np lr=0.001 s1] step 4000/7035 acc 0.8865 loss 0.449 (7s)
  [dense_small d=0.01 np lr=0.001 s1] step 5000/7035 acc 0.9014 loss 0.333 (9s)
  [dense_small d=0.01 np lr=0.001 s1] step 6000/7035 acc 0.9069 loss 0.311 (10s)
  [dense_small d=0.01 np lr=0.001 s1] step 7000/7035 acc 0.9069 loss 0.172 (12s)
  [dense_small d=0.01 np lr=0.001 s1] step 7035/7035 acc 0.9153 loss 0.255 (12s)
  -> results\p3\h2\dense_small_d0.01\np\seed1.json final 0.9153 alive 46/46 active 18,791 (12s)
  [pruned d=0.005 bp lr=0.1 s1] step 1000/7035 acc 0.9763 loss 0.047 (2s)
  [pruned d=0.005 bp lr=0.1 s1] step 2000/7035 acc 0.9763 loss 0.061 (4s)
  [pruned d=0.005 bp lr=0.1 s1] step 3000/7035 acc 0.9771 loss 0.059 (5s)
  [pruned d=0.005 bp lr=0.1 s1] step 4000/7035 acc 0.9794 loss 0.008 (7s)
  [pruned d=0.005 bp lr=0.1 s1] step 5000/7035 acc 0.9775 loss 0.028 (9s)
  [pruned d=0.005 bp lr=0.1 s1] step 6000/7035 acc 0.9768 loss 0.018 (11s)
  [pruned d=0.005 bp lr=0.1 s1] step 7000/7035 acc 0.9793 loss 0.034 (13s)
  [pruned d=0.005 bp lr=0.1 s1] step 7035/7035 acc 0.9788 loss 0.035 (13s)
  -> results\p3\h2\pruned_d0.005\bp\seed1.json final 0.9788 alive 832/2048 active 9,308 (13s)
  [pruned d=0.005 dfa lr=0.01 s1] step 1000/7035 acc 0.8784 loss 0.259 (1s)
  [pruned d=0.005 dfa lr=0.01 s1] step 2000/7035 acc 0.9265 loss 0.350 (3s)
  [pruned d=0.005 dfa lr=0.01 s1] step 3000/7035 acc 0.9078 loss 0.376 (4s)
  [pruned d=0.005 dfa lr=0.01 s1] step 4000/7035 acc 0.9373 loss 0.152 (6s)
  [pruned d=0.005 dfa lr=0.01 s1] step 5000/7035 acc 0.9378 loss 0.660 (7s)
  [pruned d=0.005 dfa lr=0.01 s1] step 6000/7035 acc 0.9079 loss 1.841 (8s)
  [pruned d=0.005 dfa lr=0.01 s1] step 7000/7035 acc 0.9094 loss 1.139 (10s)
  [pruned d=0.005 dfa lr=0.01 s1] step 7035/7035 acc 0.9093 loss 1.063 (10s)
  -> results\p3\h2\pruned_d0.005\dfa\seed1.json final 0.9093 alive 832/2048 active 9,308 (10s)
  [pruned d=0.005 fg lr=0.003 s1] step 1000/7035 acc 0.1135 loss 2.277 (27s)
  [pruned d=0.005 fg lr=0.003 s1] step 2000/7035 acc 0.7360 loss 1.122 (54s)
  [pruned d=0.005 fg lr=0.003 s1] step 3000/7035 acc 0.8776 loss 0.466 (81s)
  [pruned d=0.005 fg lr=0.003 s1] step 4000/7035 acc 0.8894 loss 0.292 (108s)
  [pruned d=0.005 fg lr=0.003 s1] step 5000/7035 acc 0.8730 loss 0.474 (134s)
  [pruned d=0.005 fg lr=0.003 s1] step 6000/7035 acc 0.8063 loss 0.874 (161s)
  [pruned d=0.005 fg lr=0.003 s1] step 7000/7035 acc 0.0980 loss nan (188s)
  [pruned d=0.005 fg lr=0.003 s1] step 7035/7035 acc 0.0980 loss nan (189s)
  -> results\p3\h2\pruned_d0.005\fg\seed1.json final 0.0980 alive 832/2048 active 9,308 (189s)
  [pruned d=0.005 wp lr=0.003 s1] step 1000/7035 acc 0.1135 loss 2.277 (15s)
  [pruned d=0.005 wp lr=0.003 s1] step 2000/7035 acc 0.7343 loss 1.128 (29s)
  [pruned d=0.005 wp lr=0.003 s1] step 3000/7035 acc 0.8782 loss 0.461 (44s)
  [pruned d=0.005 wp lr=0.003 s1] step 4000/7035 acc 0.8932 loss 0.296 (59s)
  [pruned d=0.005 wp lr=0.003 s1] step 5000/7035 acc 0.8744 loss 0.398 (75s)
  [pruned d=0.005 wp lr=0.003 s1] step 6000/7035 acc 0.8110 loss 1.047 (89s)
  [pruned d=0.005 wp lr=0.003 s1] step 7000/7035 acc 0.0436 loss 8978546372209477482351666961317888.000 (104s)
  [pruned d=0.005 wp lr=0.003 s1] step 7035/7035 acc 0.0436 loss 9652328044001586759542800147021824.000 (105s)
  -> results\p3\h2\pruned_d0.005\wp\seed1.json final 0.0436 alive 832/2048 active 9,308 (105s)
  [pruned d=0.005 np lr=0.003 s1] step 1000/7035 acc 0.4560 loss 1.811 (2s)
  [pruned d=0.005 np lr=0.003 s1] step 2000/7035 acc 0.7808 loss 0.713 (4s)
  [pruned d=0.005 np lr=0.003 s1] step 3000/7035 acc 0.8016 loss 0.578 (6s)
  [pruned d=0.005 np lr=0.003 s1] step 4000/7035 acc 0.8197 loss 0.893 (8s)
  [pruned d=0.005 np lr=0.003 s1] step 5000/7035 acc 0.7626 loss 1.112 (10s)
  [pruned d=0.005 np lr=0.003 s1] step 6000/7035 acc 0.0980 loss nan (12s)
  [pruned d=0.005 np lr=0.003 s1] step 7000/7035 acc 0.0980 loss nan (14s)
  [pruned d=0.005 np lr=0.003 s1] step 7035/7035 acc 0.0980 loss nan (14s)
  -> results\p3\h2\pruned_d0.005\np\seed1.json final 0.0980 alive 832/2048 active 9,308 (14s)
  [random_mask d=0.005 bp lr=0.3 s1] step 1000/7035 acc 0.8511 loss 0.443 (2s)
  [random_mask d=0.005 bp lr=0.3 s1] step 2000/7035 acc 0.8902 loss 0.368 (3s)
  [random_mask d=0.005 bp lr=0.3 s1] step 3000/7035 acc 0.8825 loss 0.340 (5s)
  [random_mask d=0.005 bp lr=0.3 s1] step 4000/7035 acc 0.8977 loss 0.217 (7s)
  [random_mask d=0.005 bp lr=0.3 s1] step 5000/7035 acc 0.8978 loss 0.449 (9s)
  [random_mask d=0.005 bp lr=0.3 s1] step 6000/7035 acc 0.9105 loss 0.285 (10s)
  [random_mask d=0.005 bp lr=0.3 s1] step 7000/7035 acc 0.8956 loss 0.244 (12s)
  [random_mask d=0.005 bp lr=0.3 s1] step 7035/7035 acc 0.9079 loss 0.229 (12s)
  -> results\p3\h2\random_mask_d0.005\bp\seed1.json final 0.9079 alive 1492/2048 active 9,308 (12s)
  [random_mask d=0.005 dfa lr=0.003 s1] step 1000/7035 acc 0.6534 loss 0.989 (1s)
  [random_mask d=0.005 dfa lr=0.003 s1] step 2000/7035 acc 0.7035 loss 1.072 (3s)
  [random_mask d=0.005 dfa lr=0.003 s1] step 3000/7035 acc 0.6445 loss 1.185 (5s)
  [random_mask d=0.005 dfa lr=0.003 s1] step 4000/7035 acc 0.5979 loss 2.102 (6s)
  [random_mask d=0.005 dfa lr=0.003 s1] step 5000/7035 acc 0.6296 loss 8.020 (8s)
  [random_mask d=0.005 dfa lr=0.003 s1] step 6000/7035 acc 0.5266 loss 15.069 (9s)
  [random_mask d=0.005 dfa lr=0.003 s1] step 7000/7035 acc 0.5868 loss 32.391 (10s)
  [random_mask d=0.005 dfa lr=0.003 s1] step 7035/7035 acc 0.4863 loss 62.479 (10s)
  -> results\p3\h2\random_mask_d0.005\dfa\seed1.json final 0.4863 alive 1492/2048 active 9,308 (10s)
  [random_mask d=0.005 fg lr=0.01 s1] step 1000/7035 acc 0.3488 loss 2.058 (27s)
  [random_mask d=0.005 fg lr=0.01 s1] step 2000/7035 acc 0.0980 loss nan (54s)
  [random_mask d=0.005 fg lr=0.01 s1] step 3000/7035 acc 0.0980 loss nan (81s)
  [random_mask d=0.005 fg lr=0.01 s1] step 4000/7035 acc 0.0980 loss nan (107s)
  [random_mask d=0.005 fg lr=0.01 s1] step 5000/7035 acc 0.0980 loss nan (135s)
  [random_mask d=0.005 fg lr=0.01 s1] step 6000/7035 acc 0.0980 loss nan (161s)
  [random_mask d=0.005 fg lr=0.01 s1] step 7000/7035 acc 0.0980 loss nan (188s)
  [random_mask d=0.005 fg lr=0.01 s1] step 7035/7035 acc 0.0980 loss nan (189s)
  -> results\p3\h2\random_mask_d0.005\fg\seed1.json final 0.0980 alive 1492/2048 active 9,308 (189s)
  [random_mask d=0.005 wp lr=0.01 s1] step 1000/7035 acc 0.3549 loss 2.048 (15s)
  [random_mask d=0.005 wp lr=0.01 s1] step 2000/7035 acc 0.0715 loss 885886142247922327453958144.000 (29s)
  [random_mask d=0.005 wp lr=0.01 s1] step 3000/7035 acc 0.0715 loss 1053913106796764942831714304.000 (45s)
  [random_mask d=0.005 wp lr=0.01 s1] step 4000/7035 acc 0.0715 loss 1118344632367180613098143744.000 (60s)
  [random_mask d=0.005 wp lr=0.01 s1] step 5000/7035 acc 0.0715 loss 950445024139422888464744448.000 (74s)
  [random_mask d=0.005 wp lr=0.01 s1] step 6000/7035 acc 0.0715 loss 1092981023348616633170001920.000 (89s)
  [random_mask d=0.005 wp lr=0.01 s1] step 7000/7035 acc 0.0715 loss 1046196759963755942552535040.000 (104s)
  [random_mask d=0.005 wp lr=0.01 s1] step 7035/7035 acc 0.0715 loss 960737495675813575046201344.000 (104s)
  -> results\p3\h2\random_mask_d0.005\wp\seed1.json final 0.0715 alive 1492/2048 active 9,308 (104s)
  [random_mask d=0.005 np lr=0.01 s1] step 1000/7035 acc 0.5332 loss 1.403 (2s)
  [random_mask d=0.005 np lr=0.01 s1] step 2000/7035 acc 0.0980 loss nan (4s)
  [random_mask d=0.005 np lr=0.01 s1] step 3000/7035 acc 0.0980 loss nan (5s)
  [random_mask d=0.005 np lr=0.01 s1] step 4000/7035 acc 0.0980 loss nan (7s)
  [random_mask d=0.005 np lr=0.01 s1] step 5000/7035 acc 0.0980 loss nan (9s)
  [random_mask d=0.005 np lr=0.01 s1] step 6000/7035 acc 0.0980 loss nan (11s)
  [random_mask d=0.005 np lr=0.01 s1] step 7000/7035 acc 0.0980 loss nan (13s)
  [random_mask d=0.005 np lr=0.01 s1] step 7035/7035 acc 0.0980 loss nan (14s)
  -> results\p3\h2\random_mask_d0.005\np\seed1.json final 0.0980 alive 1492/2048 active 9,308 (14s)
  [dense_small d=0.005 bp lr=0.01 s1] step 1000/7035 acc 0.9300 loss 0.231 (1s)
  [dense_small d=0.005 bp lr=0.01 s1] step 2000/7035 acc 0.9360 loss 0.198 (3s)
  [dense_small d=0.005 bp lr=0.01 s1] step 3000/7035 acc 0.9400 loss 0.120 (4s)
  [dense_small d=0.005 bp lr=0.01 s1] step 4000/7035 acc 0.9453 loss 0.091 (5s)
  [dense_small d=0.005 bp lr=0.01 s1] step 5000/7035 acc 0.9415 loss 0.277 (7s)
  [dense_small d=0.005 bp lr=0.01 s1] step 6000/7035 acc 0.9424 loss 0.183 (8s)
  [dense_small d=0.005 bp lr=0.01 s1] step 7000/7035 acc 0.9458 loss 0.104 (9s)
  [dense_small d=0.005 bp lr=0.01 s1] step 7035/7035 acc 0.9457 loss 0.195 (9s)
  -> results\p3\h2\dense_small_d0.005\bp\seed1.json final 0.9457 alive 24/24 active 9,672 (9s)
  [dense_small d=0.005 dfa lr=0.003 s1] step 1000/7035 acc 0.9002 loss 0.289 (1s)
  [dense_small d=0.005 dfa lr=0.003 s1] step 2000/7035 acc 0.9175 loss 0.306 (2s)
  [dense_small d=0.005 dfa lr=0.003 s1] step 3000/7035 acc 0.9200 loss 0.305 (3s)
  [dense_small d=0.005 dfa lr=0.003 s1] step 4000/7035 acc 0.9262 loss 0.165 (4s)
  [dense_small d=0.005 dfa lr=0.003 s1] step 5000/7035 acc 0.9276 loss 0.329 (6s)
  [dense_small d=0.005 dfa lr=0.003 s1] step 6000/7035 acc 0.9288 loss 0.342 (7s)
  [dense_small d=0.005 dfa lr=0.003 s1] step 7000/7035 acc 0.9289 loss 0.264 (8s)
  [dense_small d=0.005 dfa lr=0.003 s1] step 7035/7035 acc 0.9290 loss 0.164 (8s)
  -> results\p3\h2\dense_small_d0.005\dfa\seed1.json final 0.9290 alive 24/24 active 9,672 (8s)
  [dense_small d=0.005 fg lr=0.0003 s1] step 1000/7035 acc 0.6356 loss 1.407 (14s)
  [dense_small d=0.005 fg lr=0.0003 s1] step 2000/7035 acc 0.8171 loss 0.604 (28s)
  [dense_small d=0.005 fg lr=0.0003 s1] step 3000/7035 acc 0.8429 loss 0.370 (42s)
  [dense_small d=0.005 fg lr=0.0003 s1] step 4000/7035 acc 0.8504 loss 0.487 (56s)
  [dense_small d=0.005 fg lr=0.0003 s1] step 5000/7035 acc 0.8472 loss 0.528 (71s)
  [dense_small d=0.005 fg lr=0.0003 s1] step 6000/7035 acc 0.8506 loss 0.402 (85s)
  [dense_small d=0.005 fg lr=0.0003 s1] step 7000/7035 acc 0.8531 loss 0.596 (99s)
  [dense_small d=0.005 fg lr=0.0003 s1] step 7035/7035 acc 0.8546 loss 0.502 (99s)
  -> results\p3\h2\dense_small_d0.005\fg\seed1.json final 0.8546 alive 24/24 active 9,672 (99s)
  [dense_small d=0.005 wp lr=0.0003 s1] step 1000/7035 acc 0.6372 loss 1.410 (14s)
  [dense_small d=0.005 wp lr=0.0003 s1] step 2000/7035 acc 0.8167 loss 0.608 (28s)
  [dense_small d=0.005 wp lr=0.0003 s1] step 3000/7035 acc 0.8430 loss 0.371 (42s)
  [dense_small d=0.005 wp lr=0.0003 s1] step 4000/7035 acc 0.8505 loss 0.482 (56s)
  [dense_small d=0.005 wp lr=0.0003 s1] step 5000/7035 acc 0.8464 loss 0.525 (70s)
  [dense_small d=0.005 wp lr=0.0003 s1] step 6000/7035 acc 0.8492 loss 0.396 (84s)
  [dense_small d=0.005 wp lr=0.0003 s1] step 7000/7035 acc 0.8541 loss 0.597 (97s)
  [dense_small d=0.005 wp lr=0.0003 s1] step 7035/7035 acc 0.8560 loss 0.485 (98s)
  -> results\p3\h2\dense_small_d0.005\wp\seed1.json final 0.8560 alive 24/24 active 9,672 (98s)
  [dense_small d=0.005 np lr=0.001 s1] step 1000/7035 acc 0.8414 loss 0.634 (2s)
  [dense_small d=0.005 np lr=0.001 s1] step 2000/7035 acc 0.8663 loss 0.345 (4s)
  [dense_small d=0.005 np lr=0.001 s1] step 3000/7035 acc 0.8741 loss 0.326 (5s)
  [dense_small d=0.005 np lr=0.001 s1] step 4000/7035 acc 0.8893 loss 0.490 (7s)
  [dense_small d=0.005 np lr=0.001 s1] step 5000/7035 acc 0.8981 loss 0.259 (9s)
  [dense_small d=0.005 np lr=0.001 s1] step 6000/7035 acc 0.8912 loss 0.326 (10s)
  [dense_small d=0.005 np lr=0.001 s1] step 7000/7035 acc 0.9034 loss 0.215 (12s)
  [dense_small d=0.005 np lr=0.001 s1] step 7035/7035 acc 0.9063 loss 0.209 (12s)
  -> results\p3\h2\dense_small_d0.005\np\seed1.json final 0.9063 alive 24/24 active 9,672 (12s)
  [dense d=1 bp lr=0.03 s2] step 1000/7035 acc 0.9753 loss 0.074 (1s)
  [dense d=1 bp lr=0.03 s2] step 2000/7035 acc 0.9793 loss 0.012 (3s)
  [dense d=1 bp lr=0.03 s2] step 3000/7035 acc 0.9831 loss 0.010 (4s)
  [dense d=1 bp lr=0.03 s2] step 4000/7035 acc 0.9850 loss 0.001 (5s)
  [dense d=1 bp lr=0.03 s2] step 5000/7035 acc 0.9847 loss 0.001 (7s)
  [dense d=1 bp lr=0.03 s2] step 6000/7035 acc 0.9850 loss 0.000 (8s)
  [dense d=1 bp lr=0.03 s2] step 7000/7035 acc 0.9853 loss 0.000 (10s)
  [dense d=1 bp lr=0.03 s2] step 7035/7035 acc 0.9850 loss 0.000 (10s)
  -> results\p3\h2\dense_d1\bp\seed2.json final 0.9850 alive 2048/2048 active 1,861,632 (10s)
  [dense d=1 dfa lr=0.001 s2] step 1000/7035 acc 0.9460 loss 0.206 (1s)
  [dense d=1 dfa lr=0.001 s2] step 2000/7035 acc 0.9585 loss 0.063 (3s)
  [dense d=1 dfa lr=0.001 s2] step 3000/7035 acc 0.9664 loss 0.260 (4s)
  [dense d=1 dfa lr=0.001 s2] step 4000/7035 acc 0.9719 loss 0.108 (5s)
  [dense d=1 dfa lr=0.001 s2] step 5000/7035 acc 0.9761 loss 0.083 (6s)
  [dense d=1 dfa lr=0.001 s2] step 6000/7035 acc 0.9745 loss 0.021 (7s)
  [dense d=1 dfa lr=0.001 s2] step 7000/7035 acc 0.9763 loss 0.029 (9s)
  [dense d=1 dfa lr=0.001 s2] step 7035/7035 acc 0.9761 loss 0.004 (9s)
  -> results\p3\h2\dense_d1\dfa\seed2.json final 0.9761 alive 2048/2048 active 1,861,632 (9s)
  [dense d=1 fg lr=0.0001 s2] step 1000/7035 acc 0.7619 loss 1.363 (14s)
  [dense d=1 fg lr=0.0001 s2] step 2000/7035 acc 0.8556 loss 0.610 (28s)
  [dense d=1 fg lr=0.0001 s2] step 3000/7035 acc 0.8774 loss 0.577 (42s)
  [dense d=1 fg lr=0.0001 s2] step 4000/7035 acc 0.8594 loss 0.313 (57s)
  [dense d=1 fg lr=0.0001 s2] step 5000/7035 acc 0.0936 loss 13476696.000 (71s)
  [dense d=1 fg lr=0.0001 s2] step 6000/7035 acc 0.0980 loss nan (85s)
  [dense d=1 fg lr=0.0001 s2] step 7000/7035 acc 0.0980 loss nan (100s)
  [dense d=1 fg lr=0.0001 s2] step 7035/7035 acc 0.0980 loss nan (100s)
  -> results\p3\h2\dense_d1\fg\seed2.json final 0.0980 alive 2048/2048 active 1,861,632 (100s)
  [dense d=1 wp lr=0.0001 s2] step 1000/7035 acc 0.7595 loss 1.372 (14s)
  [dense d=1 wp lr=0.0001 s2] step 2000/7035 acc 0.8563 loss 0.618 (27s)
  [dense d=1 wp lr=0.0001 s2] step 3000/7035 acc 0.8815 loss 0.575 (41s)
  [dense d=1 wp lr=0.0001 s2] step 4000/7035 acc 0.8539 loss 0.311 (54s)
  [dense d=1 wp lr=0.0001 s2] step 5000/7035 acc 0.4800 loss 8.022 (68s)
  [dense d=1 wp lr=0.0001 s2] step 6000/7035 acc 0.0875 loss 354833070884122090426210587485667328.000 (82s)
  [dense d=1 wp lr=0.0001 s2] step 7000/7035 acc 0.0875 loss 358412440810191524670011716073947136.000 (95s)
  [dense d=1 wp lr=0.0001 s2] step 7035/7035 acc 0.0875 loss 355270053814469515380207779143745536.000 (96s)
  -> results\p3\h2\dense_d1\wp\seed2.json final 0.0875 alive 2048/2048 active 1,861,632 (96s)
  [dense d=1 np lr=0.0001 s2] step 1000/7035 acc 0.7615 loss 1.427 (2s)
  [dense d=1 np lr=0.0001 s2] step 2000/7035 acc 0.8215 loss 0.864 (3s)
  [dense d=1 np lr=0.0001 s2] step 3000/7035 acc 0.8500 loss 0.612 (5s)
  [dense d=1 np lr=0.0001 s2] step 4000/7035 acc 0.8688 loss 0.369 (6s)
  [dense d=1 np lr=0.0001 s2] step 5000/7035 acc 0.8777 loss 0.576 (8s)
  [dense d=1 np lr=0.0001 s2] step 6000/7035 acc 0.8676 loss 0.484 (10s)
  [dense d=1 np lr=0.0001 s2] step 7000/7035 acc 0.8884 loss 0.363 (12s)
  [dense d=1 np lr=0.0001 s2] step 7035/7035 acc 0.8807 loss 0.394 (12s)
  -> results\p3\h2\dense_d1\np\seed2.json final 0.8807 alive 2048/2048 active 1,861,632 (12s)
  [pruned d=0.01 bp lr=0.1 s2] step 1000/7035 acc 0.9789 loss 0.067 (2s)
  [pruned d=0.01 bp lr=0.1 s2] step 2000/7035 acc 0.9823 loss 0.008 (4s)
  [pruned d=0.01 bp lr=0.1 s2] step 3000/7035 acc 0.9830 loss 0.030 (6s)
  [pruned d=0.01 bp lr=0.1 s2] step 4000/7035 acc 0.9817 loss 0.010 (8s)
  [pruned d=0.01 bp lr=0.1 s2] step 5000/7035 acc 0.9832 loss 0.004 (9s)
  [pruned d=0.01 bp lr=0.1 s2] step 6000/7035 acc 0.9824 loss 0.001 (11s)
  [pruned d=0.01 bp lr=0.1 s2] step 7000/7035 acc 0.9817 loss 0.000 (13s)
  [pruned d=0.01 bp lr=0.1 s2] step 7035/7035 acc 0.9826 loss 0.000 (13s)
  -> results\p3\h2\pruned_d0.01\bp\seed2.json final 0.9826 alive 1089/2048 active 18,616 (13s)
  [pruned d=0.01 dfa lr=0.01 s2] step 1000/7035 acc 0.9349 loss 0.227 (1s)
  [pruned d=0.01 dfa lr=0.01 s2] step 2000/7035 acc 0.9505 loss 0.135 (3s)
  [pruned d=0.01 dfa lr=0.01 s2] step 3000/7035 acc 0.9494 loss 0.357 (4s)
  [pruned d=0.01 dfa lr=0.01 s2] step 4000/7035 acc 0.9517 loss 0.255 (5s)
  [pruned d=0.01 dfa lr=0.01 s2] step 5000/7035 acc 0.9529 loss 0.249 (7s)
  [pruned d=0.01 dfa lr=0.01 s2] step 6000/7035 acc 0.9628 loss 0.106 (8s)
  [pruned d=0.01 dfa lr=0.01 s2] step 7000/7035 acc 0.9609 loss 0.126 (9s)
  [pruned d=0.01 dfa lr=0.01 s2] step 7035/7035 acc 0.9505 loss 0.040 (10s)
  -> results\p3\h2\pruned_d0.01\dfa\seed2.json final 0.9505 alive 1089/2048 active 18,616 (10s)
  [pruned d=0.01 fg lr=0.003 s2] step 1000/7035 acc 0.6177 loss 1.578 (27s)
  [pruned d=0.01 fg lr=0.003 s2] step 2000/7035 acc 0.8581 loss 0.511 (54s)
  [pruned d=0.01 fg lr=0.003 s2] step 3000/7035 acc 0.0980 loss nan (81s)
  [pruned d=0.01 fg lr=0.003 s2] step 4000/7035 acc 0.0980 loss nan (108s)
  [pruned d=0.01 fg lr=0.003 s2] step 5000/7035 acc 0.0980 loss nan (135s)
  [pruned d=0.01 fg lr=0.003 s2] step 6000/7035 acc 0.0980 loss nan (162s)
  [pruned d=0.01 fg lr=0.003 s2] step 7000/7035 acc 0.0980 loss nan (189s)
  [pruned d=0.01 fg lr=0.003 s2] step 7035/7035 acc 0.0980 loss nan (190s)
  -> results\p3\h2\pruned_d0.01\fg\seed2.json final 0.0980 alive 1089/2048 active 18,616 (190s)
  [pruned d=0.01 wp lr=0.003 s2] step 1000/7035 acc 0.6199 loss 1.578 (15s)
  [pruned d=0.01 wp lr=0.003 s2] step 2000/7035 acc 0.8544 loss 0.499 (30s)
  [pruned d=0.01 wp lr=0.003 s2] step 3000/7035 acc 0.1002 loss 4572813858723646419423461376.000 (45s)
  [pruned d=0.01 wp lr=0.003 s2] step 4000/7035 acc 0.1002 loss 4386978702593949782268444672.000 (60s)
  [pruned d=0.01 wp lr=0.003 s2] step 5000/7035 acc 0.1002 loss 4408827321422756554555260928.000 (75s)
  [pruned d=0.01 wp lr=0.003 s2] step 6000/7035 acc 0.1002 loss 4392640229711100128174014464.000 (89s)
  [pruned d=0.01 wp lr=0.003 s2] step 7000/7035 acc 0.1002 loss 5155781736892559099175108608.000 (105s)
  [pruned d=0.01 wp lr=0.003 s2] step 7035/7035 acc 0.1002 loss 4677252830415075954911084544.000 (105s)
  -> results\p3\h2\pruned_d0.01\wp\seed2.json final 0.1002 alive 1089/2048 active 18,616 (105s)
  [pruned d=0.01 np lr=0.003 s2] step 1000/7035 acc 0.7769 loss 0.669 (2s)
  [pruned d=0.01 np lr=0.003 s2] step 2000/7035 acc 0.8209 loss 0.656 (4s)
  [pruned d=0.01 np lr=0.003 s2] step 3000/7035 acc 0.2428 loss 77.378 (6s)
  [pruned d=0.01 np lr=0.003 s2] step 4000/7035 acc 0.0980 loss nan (8s)
  [pruned d=0.01 np lr=0.003 s2] step 5000/7035 acc 0.0980 loss nan (10s)
  [pruned d=0.01 np lr=0.003 s2] step 6000/7035 acc 0.0980 loss nan (12s)
  [pruned d=0.01 np lr=0.003 s2] step 7000/7035 acc 0.0980 loss nan (13s)
  [pruned d=0.01 np lr=0.003 s2] step 7035/7035 acc 0.0980 loss nan (14s)
  -> results\p3\h2\pruned_d0.01\np\seed2.json final 0.0980 alive 1089/2048 active 18,616 (14s)
  [random_mask d=0.01 bp lr=0.3 s2] step 1000/7035 acc 0.9285 loss 0.308 (2s)
  [random_mask d=0.01 bp lr=0.3 s2] step 2000/7035 acc 0.9404 loss 0.152 (3s)
  [random_mask d=0.01 bp lr=0.3 s2] step 3000/7035 acc 0.9477 loss 0.324 (5s)
  [random_mask d=0.01 bp lr=0.3 s2] step 4000/7035 acc 0.9505 loss 0.231 (7s)
  [random_mask d=0.01 bp lr=0.3 s2] step 5000/7035 acc 0.9490 loss 0.091 (9s)
  [random_mask d=0.01 bp lr=0.3 s2] step 6000/7035 acc 0.9569 loss 0.046 (10s)
  [random_mask d=0.01 bp lr=0.3 s2] step 7000/7035 acc 0.9577 loss 0.079 (12s)
  [random_mask d=0.01 bp lr=0.3 s2] step 7035/7035 acc 0.9576 loss 0.031 (12s)
  -> results\p3\h2\random_mask_d0.01\bp\seed2.json final 0.9576 alive 1707/2048 active 18,616 (12s)
  [random_mask d=0.01 dfa lr=0.01 s2] step 1000/7035 acc 0.7676 loss 0.921 (1s)
  [random_mask d=0.01 dfa lr=0.01 s2] step 2000/7035 acc 0.8738 loss 0.903 (3s)
  [random_mask d=0.01 dfa lr=0.01 s2] step 3000/7035 acc 0.8014 loss 2.253 (4s)
  [random_mask d=0.01 dfa lr=0.01 s2] step 4000/7035 acc 0.8710 loss 3.642 (5s)
  [random_mask d=0.01 dfa lr=0.01 s2] step 5000/7035 acc 0.8777 loss 2.398 (7s)
  [random_mask d=0.01 dfa lr=0.01 s2] step 6000/7035 acc 0.8163 loss 4.053 (8s)
  [random_mask d=0.01 dfa lr=0.01 s2] step 7000/7035 acc 0.8494 loss 5.803 (9s)
  [random_mask d=0.01 dfa lr=0.01 s2] step 7035/7035 acc 0.8031 loss 6.958 (9s)
  -> results\p3\h2\random_mask_d0.01\dfa\seed2.json final 0.8031 alive 1707/2048 active 18,616 (9s)
  [random_mask d=0.01 fg lr=0.003 s2] step 1000/7035 acc 0.1135 loss 2.305 (27s)
  [random_mask d=0.01 fg lr=0.003 s2] step 2000/7035 acc 0.2144 loss 2.260 (54s)
  [random_mask d=0.01 fg lr=0.003 s2] step 3000/7035 acc 0.4759 loss 1.838 (81s)
  [random_mask d=0.01 fg lr=0.003 s2] step 4000/7035 acc 0.6914 loss 0.860 (109s)
  [random_mask d=0.01 fg lr=0.003 s2] step 5000/7035 acc 0.8074 loss 0.596 (136s)
  [random_mask d=0.01 fg lr=0.003 s2] step 6000/7035 acc 0.8361 loss 0.524 (163s)
  [random_mask d=0.01 fg lr=0.003 s2] step 7000/7035 acc 0.8298 loss 0.404 (191s)
  [random_mask d=0.01 fg lr=0.003 s2] step 7035/7035 acc 0.8255 loss 0.784 (192s)
  -> results\p3\h2\random_mask_d0.01\fg\seed2.json final 0.8255 alive 1707/2048 active 18,616 (192s)
  [random_mask d=0.01 wp lr=0.03 s2] step 1000/7035 acc 0.0980 loss nan (15s)
  [random_mask d=0.01 wp lr=0.03 s2] step 2000/7035 acc 0.0980 loss nan (30s)
  [random_mask d=0.01 wp lr=0.03 s2] step 3000/7035 acc 0.0980 loss nan (45s)
  [random_mask d=0.01 wp lr=0.03 s2] step 4000/7035 acc 0.0980 loss nan (60s)
  [random_mask d=0.01 wp lr=0.03 s2] step 5000/7035 acc 0.0980 loss nan (75s)
  [random_mask d=0.01 wp lr=0.03 s2] step 6000/7035 acc 0.0980 loss nan (90s)
  [random_mask d=0.01 wp lr=0.03 s2] step 7000/7035 acc 0.0980 loss nan (106s)
  [random_mask d=0.01 wp lr=0.03 s2] step 7035/7035 acc 0.0980 loss nan (106s)
  -> results\p3\h2\random_mask_d0.01\wp\seed2.json final 0.0980 alive 1707/2048 active 18,616 (106s)
  [random_mask d=0.01 np lr=0.003 s2] step 1000/7035 acc 0.1135 loss 2.284 (2s)
  [random_mask d=0.01 np lr=0.003 s2] step 2000/7035 acc 0.4908 loss 1.652 (4s)
  [random_mask d=0.01 np lr=0.003 s2] step 3000/7035 acc 0.7249 loss 0.913 (6s)
  [random_mask d=0.01 np lr=0.003 s2] step 4000/7035 acc 0.7876 loss 0.516 (8s)
  [random_mask d=0.01 np lr=0.003 s2] step 5000/7035 acc 0.7914 loss 0.649 (10s)
  [random_mask d=0.01 np lr=0.003 s2] step 6000/7035 acc 0.7942 loss 0.616 (12s)
  [random_mask d=0.01 np lr=0.003 s2] step 7000/7035 acc 0.7586 loss 1.193 (14s)
  [random_mask d=0.01 np lr=0.003 s2] step 7035/7035 acc 0.6733 loss 1.248 (14s)
  -> results\p3\h2\random_mask_d0.01\np\seed2.json final 0.6733 alive 1707/2048 active 18,616 (14s)
  [dense_small d=0.01 bp lr=0.03 s2] step 1000/7035 acc 0.9486 loss 0.193 (1s)
  [dense_small d=0.01 bp lr=0.03 s2] step 2000/7035 acc 0.9577 loss 0.050 (3s)
  [dense_small d=0.01 bp lr=0.03 s2] step 3000/7035 acc 0.9565 loss 0.196 (4s)
  [dense_small d=0.01 bp lr=0.03 s2] step 4000/7035 acc 0.9580 loss 0.135 (6s)
  [dense_small d=0.01 bp lr=0.03 s2] step 5000/7035 acc 0.9572 loss 0.073 (7s)
  [dense_small d=0.01 bp lr=0.03 s2] step 6000/7035 acc 0.9628 loss 0.057 (8s)
  [dense_small d=0.01 bp lr=0.03 s2] step 7000/7035 acc 0.9607 loss 0.054 (10s)
  [dense_small d=0.01 bp lr=0.03 s2] step 7035/7035 acc 0.9581 loss 0.010 (10s)
  -> results\p3\h2\dense_small_d0.01\bp\seed2.json final 0.9581 alive 46/46 active 18,791 (10s)
  [dense_small d=0.01 dfa lr=0.003 s2] step 1000/7035 acc 0.9163 loss 0.360 (1s)
  [dense_small d=0.01 dfa lr=0.003 s2] step 2000/7035 acc 0.9201 loss 0.172 (2s)
  [dense_small d=0.01 dfa lr=0.003 s2] step 3000/7035 acc 0.9311 loss 0.456 (4s)
  [dense_small d=0.01 dfa lr=0.003 s2] step 4000/7035 acc 0.9374 loss 0.241 (5s)
  [dense_small d=0.01 dfa lr=0.003 s2] step 5000/7035 acc 0.9418 loss 0.261 (6s)
  [dense_small d=0.01 dfa lr=0.003 s2] step 6000/7035 acc 0.9445 loss 0.111 (7s)
  [dense_small d=0.01 dfa lr=0.003 s2] step 7000/7035 acc 0.9434 loss 0.226 (8s)
  [dense_small d=0.01 dfa lr=0.003 s2] step 7035/7035 acc 0.9456 loss 0.038 (8s)
  -> results\p3\h2\dense_small_d0.01\dfa\seed2.json final 0.9456 alive 46/46 active 18,791 (8s)
  [dense_small d=0.01 fg lr=0.0003 s2] step 1000/7035 acc 0.6885 loss 1.117 (15s)
  [dense_small d=0.01 fg lr=0.0003 s2] step 2000/7035 acc 0.8480 loss 0.549 (29s)
  [dense_small d=0.01 fg lr=0.0003 s2] step 3000/7035 acc 0.8742 loss 0.366 (43s)
  [dense_small d=0.01 fg lr=0.0003 s2] step 4000/7035 acc 0.8775 loss 0.493 (58s)
  [dense_small d=0.01 fg lr=0.0003 s2] step 5000/7035 acc 0.8790 loss 0.537 (72s)
  [dense_small d=0.01 fg lr=0.0003 s2] step 6000/7035 acc 0.8776 loss 0.319 (86s)
  [dense_small d=0.01 fg lr=0.0003 s2] step 7000/7035 acc 0.8712 loss 0.450 (101s)
  [dense_small d=0.01 fg lr=0.0003 s2] step 7035/7035 acc 0.8700 loss 0.507 (101s)
  -> results\p3\h2\dense_small_d0.01\fg\seed2.json final 0.8700 alive 46/46 active 18,791 (101s)
  [dense_small d=0.01 wp lr=0.0003 s2] step 1000/7035 acc 0.6949 loss 1.106 (14s)
  [dense_small d=0.01 wp lr=0.0003 s2] step 2000/7035 acc 0.8483 loss 0.549 (28s)
  [dense_small d=0.01 wp lr=0.0003 s2] step 3000/7035 acc 0.8726 loss 0.368 (41s)
  [dense_small d=0.01 wp lr=0.0003 s2] step 4000/7035 acc 0.8764 loss 0.500 (55s)
  [dense_small d=0.01 wp lr=0.0003 s2] step 5000/7035 acc 0.8802 loss 0.533 (69s)
  [dense_small d=0.01 wp lr=0.0003 s2] step 6000/7035 acc 0.8772 loss 0.307 (83s)
  [dense_small d=0.01 wp lr=0.0003 s2] step 7000/7035 acc 0.8717 loss 0.469 (97s)
  [dense_small d=0.01 wp lr=0.0003 s2] step 7035/7035 acc 0.8708 loss 0.492 (97s)
  -> results\p3\h2\dense_small_d0.01\wp\seed2.json final 0.8708 alive 46/46 active 18,791 (97s)
  [dense_small d=0.01 np lr=0.001 s2] step 1000/7035 acc 0.8521 loss 0.431 (2s)
  [dense_small d=0.01 np lr=0.001 s2] step 2000/7035 acc 0.8177 loss 0.798 (3s)
  [dense_small d=0.01 np lr=0.001 s2] step 3000/7035 acc 0.8188 loss 0.469 (5s)
  [dense_small d=0.01 np lr=0.001 s2] step 4000/7035 acc 0.8894 loss 0.142 (7s)
  [dense_small d=0.01 np lr=0.001 s2] step 5000/7035 acc 0.8963 loss 0.525 (9s)
  [dense_small d=0.01 np lr=0.001 s2] step 6000/7035 acc 0.9013 loss 0.396 (10s)
  [dense_small d=0.01 np lr=0.001 s2] step 7000/7035 acc 0.9150 loss 0.202 (12s)
  [dense_small d=0.01 np lr=0.001 s2] step 7035/7035 acc 0.9141 loss 0.181 (12s)
  -> results\p3\h2\dense_small_d0.01\np\seed2.json final 0.9141 alive 46/46 active 18,791 (12s)
  [pruned d=0.005 bp lr=0.1 s2] step 1000/7035 acc 0.9730 loss 0.116 (2s)
  [pruned d=0.005 bp lr=0.1 s2] step 2000/7035 acc 0.9767 loss 0.012 (4s)
  [pruned d=0.005 bp lr=0.1 s2] step 3000/7035 acc 0.9783 loss 0.107 (6s)
  [pruned d=0.005 bp lr=0.1 s2] step 4000/7035 acc 0.9772 loss 0.065 (7s)
  [pruned d=0.005 bp lr=0.1 s2] step 5000/7035 acc 0.9796 loss 0.025 (9s)
  [pruned d=0.005 bp lr=0.1 s2] step 6000/7035 acc 0.9781 loss 0.002 (11s)
  [pruned d=0.005 bp lr=0.1 s2] step 7000/7035 acc 0.9783 loss 0.024 (12s)
  [pruned d=0.005 bp lr=0.1 s2] step 7035/7035 acc 0.9787 loss 0.001 (12s)
  -> results\p3\h2\pruned_d0.005\bp\seed2.json final 0.9787 alive 820/2048 active 9,308 (12s)
  [pruned d=0.005 dfa lr=0.01 s2] step 1000/7035 acc 0.9061 loss 0.330 (1s)
  [pruned d=0.005 dfa lr=0.01 s2] step 2000/7035 acc 0.9029 loss 0.321 (3s)
  [pruned d=0.005 dfa lr=0.01 s2] step 3000/7035 acc 0.9161 loss 0.648 (5s)
  [pruned d=0.005 dfa lr=0.01 s2] step 4000/7035 acc 0.9303 loss 0.873 (6s)
  [pruned d=0.005 dfa lr=0.01 s2] step 5000/7035 acc 0.8638 loss 0.804 (7s)
  [pruned d=0.005 dfa lr=0.01 s2] step 6000/7035 acc 0.9226 loss 0.589 (9s)
  [pruned d=0.005 dfa lr=0.01 s2] step 7000/7035 acc 0.9022 loss 0.898 (10s)
  [pruned d=0.005 dfa lr=0.01 s2] step 7035/7035 acc 0.9382 loss 0.151 (10s)
  -> results\p3\h2\pruned_d0.005\dfa\seed2.json final 0.9382 alive 820/2048 active 9,308 (10s)
  [pruned d=0.005 fg lr=0.003 s2] step 1000/7035 acc 0.1502 loss 2.279 (27s)
  [pruned d=0.005 fg lr=0.003 s2] step 2000/7035 acc 0.7888 loss 0.890 (54s)
  [pruned d=0.005 fg lr=0.003 s2] step 3000/7035 acc 0.8948 loss 0.402 (81s)
  [pruned d=0.005 fg lr=0.003 s2] step 4000/7035 acc 0.9003 loss 0.203 (108s)
  [pruned d=0.005 fg lr=0.003 s2] step 5000/7035 acc 0.8781 loss 0.367 (135s)
  [pruned d=0.005 fg lr=0.003 s2] step 6000/7035 acc 0.6343 loss 5.011 (162s)
  [pruned d=0.005 fg lr=0.003 s2] step 7000/7035 acc 0.0980 loss nan (189s)
  [pruned d=0.005 fg lr=0.003 s2] step 7035/7035 acc 0.0980 loss nan (190s)
  -> results\p3\h2\pruned_d0.005\fg\seed2.json final 0.0980 alive 820/2048 active 9,308 (190s)
  [pruned d=0.005 wp lr=0.003 s2] step 1000/7035 acc 0.1494 loss 2.279 (14s)
  [pruned d=0.005 wp lr=0.003 s2] step 2000/7035 acc 0.7870 loss 0.896 (29s)
  [pruned d=0.005 wp lr=0.003 s2] step 3000/7035 acc 0.8929 loss 0.399 (44s)
  [pruned d=0.005 wp lr=0.003 s2] step 4000/7035 acc 0.9012 loss 0.202 (58s)
  [pruned d=0.005 wp lr=0.003 s2] step 5000/7035 acc 0.8700 loss 0.470 (73s)
  [pruned d=0.005 wp lr=0.003 s2] step 6000/7035 acc 0.2615 loss 1213.730 (87s)
  [pruned d=0.005 wp lr=0.003 s2] step 7000/7035 acc 0.1004 loss 20470944500248857347620864.000 (103s)
  [pruned d=0.005 wp lr=0.003 s2] step 7035/7035 acc 0.1004 loss 23492867055973863956414464.000 (103s)
  -> results\p3\h2\pruned_d0.005\wp\seed2.json final 0.1004 alive 820/2048 active 9,308 (103s)
  [pruned d=0.005 np lr=0.003 s2] step 1000/7035 acc 0.5182 loss 1.479 (2s)
  [pruned d=0.005 np lr=0.003 s2] step 2000/7035 acc 0.8035 loss 0.665 (4s)
  [pruned d=0.005 np lr=0.003 s2] step 3000/7035 acc 0.7836 loss 0.547 (5s)
  [pruned d=0.005 np lr=0.003 s2] step 4000/7035 acc 0.8270 loss 0.406 (7s)
  [pruned d=0.005 np lr=0.003 s2] step 5000/7035 acc 0.7836 loss 0.774 (9s)
  [pruned d=0.005 np lr=0.003 s2] step 6000/7035 acc 0.1006 loss 345.045 (12s)
  [pruned d=0.005 np lr=0.003 s2] step 7000/7035 acc 0.0980 loss nan (14s)
  [pruned d=0.005 np lr=0.003 s2] step 7035/7035 acc 0.0980 loss nan (14s)
  -> results\p3\h2\pruned_d0.005\np\seed2.json final 0.0980 alive 820/2048 active 9,308 (14s)
  [random_mask d=0.005 bp lr=0.3 s2] step 1000/7035 acc 0.8712 loss 0.449 (2s)
  [random_mask d=0.005 bp lr=0.3 s2] step 2000/7035 acc 0.8849 loss 0.303 (3s)
  [random_mask d=0.005 bp lr=0.3 s2] step 3000/7035 acc 0.8979 loss 0.387 (5s)
  [random_mask d=0.005 bp lr=0.3 s2] step 4000/7035 acc 0.9081 loss 0.337 (7s)
  [random_mask d=0.005 bp lr=0.3 s2] step 5000/7035 acc 0.9114 loss 0.295 (9s)
  [random_mask d=0.005 bp lr=0.3 s2] step 6000/7035 acc 0.9139 loss 0.244 (11s)
  [random_mask d=0.005 bp lr=0.3 s2] step 7000/7035 acc 0.9210 loss 0.234 (13s)
  [random_mask d=0.005 bp lr=0.3 s2] step 7035/7035 acc 0.9148 loss 0.117 (13s)
  -> results\p3\h2\random_mask_d0.005\bp\seed2.json final 0.9148 alive 1524/2048 active 9,308 (13s)
  [random_mask d=0.005 dfa lr=0.003 s2] step 1000/7035 acc 0.5683 loss 14.180 (1s)
  [random_mask d=0.005 dfa lr=0.003 s2] step 2000/7035 acc 0.5132 loss 12.059 (3s)
  [random_mask d=0.005 dfa lr=0.003 s2] step 3000/7035 acc 0.5405 loss 58.794 (4s)
  [random_mask d=0.005 dfa lr=0.003 s2] step 4000/7035 acc 0.5670 loss 11.668 (5s)
  [random_mask d=0.005 dfa lr=0.003 s2] step 5000/7035 acc 0.5629 loss 104.047 (7s)
  [random_mask d=0.005 dfa lr=0.003 s2] step 6000/7035 acc 0.6139 loss 373.313 (8s)
  [random_mask d=0.005 dfa lr=0.003 s2] step 7000/7035 acc 0.6708 loss 70.341 (9s)
  [random_mask d=0.005 dfa lr=0.003 s2] step 7035/7035 acc 0.6838 loss 93.667 (9s)
  -> results\p3\h2\random_mask_d0.005\dfa\seed2.json final 0.6838 alive 1524/2048 active 9,308 (9s)
  [random_mask d=0.005 fg lr=0.01 s2] step 1000/7035 acc 0.4001 loss 2.007 (27s)
  [random_mask d=0.005 fg lr=0.01 s2] step 2000/7035 acc 0.0980 loss nan (53s)
  [random_mask d=0.005 fg lr=0.01 s2] step 3000/7035 acc 0.0980 loss nan (81s)
  [random_mask d=0.005 fg lr=0.01 s2] step 4000/7035 acc 0.0980 loss nan (107s)
  [random_mask d=0.005 fg lr=0.01 s2] step 5000/7035 acc 0.0980 loss nan (134s)
  [random_mask d=0.005 fg lr=0.01 s2] step 6000/7035 acc 0.0980 loss nan (161s)
  [random_mask d=0.005 fg lr=0.01 s2] step 7000/7035 acc 0.0980 loss nan (188s)
  [random_mask d=0.005 fg lr=0.01 s2] step 7035/7035 acc 0.0980 loss nan (189s)
  -> results\p3\h2\random_mask_d0.005\fg\seed2.json final 0.0980 alive 1524/2048 active 9,308 (189s)
  [random_mask d=0.005 wp lr=0.01 s2] step 1000/7035 acc 0.4079 loss 2.012 (15s)
  [random_mask d=0.005 wp lr=0.01 s2] step 2000/7035 acc 0.0687 loss 5888718397753773460683751424.000 (30s)
  [random_mask d=0.005 wp lr=0.01 s2] step 3000/7035 acc 0.0687 loss 5514224110337624138535927808.000 (45s)
  [random_mask d=0.005 wp lr=0.01 s2] step 4000/7035 acc 0.0687 loss 6562377553338766600647475200.000 (59s)
  [random_mask d=0.005 wp lr=0.01 s2] step 5000/7035 acc 0.0687 loss 6299692966250090792107376640.000 (75s)
  [random_mask d=0.005 wp lr=0.01 s2] step 6000/7035 acc 0.0687 loss 5583572062138564878499053568.000 (90s)
  [random_mask d=0.005 wp lr=0.01 s2] step 7000/7035 acc 0.0687 loss 6038649991810022543984689152.000 (104s)
  [random_mask d=0.005 wp lr=0.01 s2] step 7035/7035 acc 0.0687 loss 5642380872541361287756513280.000 (105s)
  -> results\p3\h2\random_mask_d0.005\wp\seed2.json final 0.0687 alive 1524/2048 active 9,308 (105s)
  [random_mask d=0.005 np lr=0.01 s2] step 1000/7035 acc 0.6238 loss 1.271 (2s)
  [random_mask d=0.005 np lr=0.01 s2] step 2000/7035 acc 0.0980 loss nan (4s)
  [random_mask d=0.005 np lr=0.01 s2] step 3000/7035 acc 0.0980 loss nan (6s)
  [random_mask d=0.005 np lr=0.01 s2] step 4000/7035 acc 0.0980 loss nan (8s)
  [random_mask d=0.005 np lr=0.01 s2] step 5000/7035 acc 0.0980 loss nan (9s)
  [random_mask d=0.005 np lr=0.01 s2] step 6000/7035 acc 0.0980 loss nan (11s)
  [random_mask d=0.005 np lr=0.01 s2] step 7000/7035 acc 0.0980 loss nan (13s)
  [random_mask d=0.005 np lr=0.01 s2] step 7035/7035 acc 0.0980 loss nan (13s)
  -> results\p3\h2\random_mask_d0.005\np\seed2.json final 0.0980 alive 1524/2048 active 9,308 (13s)
  [dense_small d=0.005 bp lr=0.01 s2] step 1000/7035 acc 0.9285 loss 0.263 (2s)
  [dense_small d=0.005 bp lr=0.01 s2] step 2000/7035 acc 0.9388 loss 0.171 (3s)
  [dense_small d=0.005 bp lr=0.01 s2] step 3000/7035 acc 0.9439 loss 0.315 (5s)
  [dense_small d=0.005 bp lr=0.01 s2] step 4000/7035 acc 0.9440 loss 0.233 (6s)
  [dense_small d=0.005 bp lr=0.01 s2] step 5000/7035 acc 0.9459 loss 0.160 (8s)
  [dense_small d=0.005 bp lr=0.01 s2] step 6000/7035 acc 0.9464 loss 0.075 (9s)
  [dense_small d=0.005 bp lr=0.01 s2] step 7000/7035 acc 0.9483 loss 0.127 (10s)
  [dense_small d=0.005 bp lr=0.01 s2] step 7035/7035 acc 0.9506 loss 0.075 (10s)
  -> results\p3\h2\dense_small_d0.005\bp\seed2.json final 0.9506 alive 24/24 active 9,672 (10s)
  [dense_small d=0.005 dfa lr=0.003 s2] step 1000/7035 acc 0.8683 loss 0.622 (1s)
  [dense_small d=0.005 dfa lr=0.003 s2] step 2000/7035 acc 0.8095 loss 1.006 (2s)
  [dense_small d=0.005 dfa lr=0.003 s2] step 3000/7035 acc 0.5237 loss 70.162 (4s)
  [dense_small d=0.005 dfa lr=0.003 s2] step 4000/7035 acc 0.7815 loss 28.766 (5s)
  [dense_small d=0.005 dfa lr=0.003 s2] step 5000/7035 acc 0.7487 loss 101.993 (6s)
  [dense_small d=0.005 dfa lr=0.003 s2] step 6000/7035 acc 0.7123 loss 31.269 (7s)
  [dense_small d=0.005 dfa lr=0.003 s2] step 7000/7035 acc 0.6728 loss 89.105 (8s)
  [dense_small d=0.005 dfa lr=0.003 s2] step 7035/7035 acc 0.6217 loss 270.953 (8s)
  -> results\p3\h2\dense_small_d0.005\dfa\seed2.json final 0.6217 alive 24/24 active 9,672 (8s)
  [dense_small d=0.005 fg lr=0.0003 s2] step 1000/7035 acc 0.5963 loss 1.214 (14s)
  [dense_small d=0.005 fg lr=0.0003 s2] step 2000/7035 acc 0.7741 loss 0.697 (28s)
  [dense_small d=0.005 fg lr=0.0003 s2] step 3000/7035 acc 0.8051 loss 0.501 (42s)
  [dense_small d=0.005 fg lr=0.0003 s2] step 4000/7035 acc 0.8149 loss 0.601 (57s)
  [dense_small d=0.005 fg lr=0.0003 s2] step 5000/7035 acc 0.8385 loss 0.591 (71s)
  [dense_small d=0.005 fg lr=0.0003 s2] step 6000/7035 acc 0.8520 loss 0.340 (85s)
  [dense_small d=0.005 fg lr=0.0003 s2] step 7000/7035 acc 0.8608 loss 0.521 (99s)
  [dense_small d=0.005 fg lr=0.0003 s2] step 7035/7035 acc 0.8622 loss 0.712 (99s)
  -> results\p3\h2\dense_small_d0.005\fg\seed2.json final 0.8622 alive 24/24 active 9,672 (99s)
  [dense_small d=0.005 wp lr=0.0003 s2] step 1000/7035 acc 0.5952 loss 1.220 (14s)
  [dense_small d=0.005 wp lr=0.0003 s2] step 2000/7035 acc 0.7756 loss 0.696 (27s)
  [dense_small d=0.005 wp lr=0.0003 s2] step 3000/7035 acc 0.8057 loss 0.501 (40s)
  [dense_small d=0.005 wp lr=0.0003 s2] step 4000/7035 acc 0.8141 loss 0.610 (54s)
  [dense_small d=0.005 wp lr=0.0003 s2] step 5000/7035 acc 0.8385 loss 0.588 (67s)
  [dense_small d=0.005 wp lr=0.0003 s2] step 6000/7035 acc 0.8508 loss 0.342 (81s)
  [dense_small d=0.005 wp lr=0.0003 s2] step 7000/7035 acc 0.8588 loss 0.535 (95s)
  [dense_small d=0.005 wp lr=0.0003 s2] step 7035/7035 acc 0.8612 loss 0.696 (95s)
  -> results\p3\h2\dense_small_d0.005\wp\seed2.json final 0.8612 alive 24/24 active 9,672 (95s)
  [dense_small d=0.005 np lr=0.001 s2] step 1000/7035 acc 0.8444 loss 0.451 (2s)
  [dense_small d=0.005 np lr=0.001 s2] step 2000/7035 acc 0.8675 loss 0.570 (3s)
  [dense_small d=0.005 np lr=0.001 s2] step 3000/7035 acc 0.8872 loss 0.469 (5s)
  [dense_small d=0.005 np lr=0.001 s2] step 4000/7035 acc 0.8897 loss 0.148 (7s)
  [dense_small d=0.005 np lr=0.001 s2] step 5000/7035 acc 0.8836 loss 0.526 (9s)
  [dense_small d=0.005 np lr=0.001 s2] step 6000/7035 acc 0.8903 loss 0.440 (10s)
  [dense_small d=0.005 np lr=0.001 s2] step 7000/7035 acc 0.8919 loss 0.529 (12s)
  [dense_small d=0.005 np lr=0.001 s2] step 7035/7035 acc 0.8686 loss 0.434 (12s)
  -> results\p3\h2\dense_small_d0.005\np\seed2.json final 0.8686 alive 24/24 active 9,672 (12s)
==== stage h2 end 05:11:00
P3_CHAIN_DONE 2026-10-07  5:11:00.75 
