==== p3 chain4 start 2026-10-07 14:39:46.47 
W1007 14:39:48.091000 91204 .venv\Lib\site-packages\torch\utils\flop_counter.py:29] triton not found; flop counting will not work for triton kernels
==== stage h3lr start 14:39:49
  [pruned d=0.005 bp lr=0.3 s0] step 1000/2150 val 0.9784 test 0.9761 loss 0.029 bo 0 (2s)
  [pruned d=0.005 bp lr=0.3 s0] step 2000/2150 val 0.9832 test 0.9787 loss 0.065 bo 0 (4s)
  [pruned d=0.005 bp lr=0.3 s0] step 2150/2150 val 0.9830 test 0.9790 loss 0.039 bo 0 (4s)
  -> results\p3\h3lr\pruned_d0.005\bp_lr0.3.json val 0.9831 test 0.9789 acc0 0.097 backoffs 0 perturbed 10,354 (4s)
  [pruned d=0.005 bp lr=0.15 s0] step 1000/2150 val 0.9758 test 0.9768 loss 0.036 bo 0 (2s)
  [pruned d=0.005 bp lr=0.15 s0] step 2000/2150 val 0.9788 test 0.9781 loss 0.089 bo 0 (4s)
  [pruned d=0.005 bp lr=0.15 s0] step 2150/2150 val 0.9792 test 0.9781 loss 0.059 bo 0 (4s)
  -> results\p3\h3lr\pruned_d0.005\bp_lr0.15.json val 0.9791 test 0.9781 acc0 0.097 backoffs 0 perturbed 10,354 (4s)
  [pruned d=0.005 bp lr=0.07 s0] step 1000/2150 val 0.9672 test 0.9717 loss 0.043 bo 0 (2s)
  [pruned d=0.005 bp lr=0.07 s0] step 2000/2150 val 0.9732 test 0.9757 loss 0.116 bo 0 (4s)
  [pruned d=0.005 bp lr=0.07 s0] step 2150/2150 val 0.9732 test 0.9756 loss 0.070 bo 0 (4s)
  -> results\p3\h3lr\pruned_d0.005\bp_lr0.07.json val 0.9732 test 0.9756 acc0 0.097 backoffs 0 perturbed 10,354 (4s)
  [pruned d=0.005 bp lr=0.035 s0] step 1000/2150 val 0.9554 test 0.9609 loss 0.076 bo 0 (2s)
  [pruned d=0.005 bp lr=0.035 s0] step 2000/2150 val 0.9660 test 0.9697 loss 0.152 bo 0 (3s)
  [pruned d=0.005 bp lr=0.035 s0] step 2150/2150 val 0.9660 test 0.9697 loss 0.107 bo 0 (4s)
  -> results\p3\h3lr\pruned_d0.005\bp_lr0.035.json val 0.9660 test 0.9697 acc0 0.097 backoffs 0 perturbed 10,354 (4s)
  [pruned d=0.005 bp lr=0.017 s0] step 1000/2150 val 0.9162 test 0.9210 loss 0.234 bo 0 (2s)
  [pruned d=0.005 bp lr=0.017 s0] step 2000/2150 val 0.9454 test 0.9480 loss 0.232 bo 0 (4s)
  [pruned d=0.005 bp lr=0.017 s0] step 2150/2150 val 0.9456 test 0.9480 loss 0.177 bo 0 (4s)
  -> results\p3\h3lr\pruned_d0.005\bp_lr0.017.json val 0.9455 test 0.9480 acc0 0.097 backoffs 0 perturbed 10,354 (4s)
  [pruned d=0.005 bp lr=0.008 s0] step 1000/2150 val 0.5352 test 0.5571 loss 1.336 bo 0 (2s)
  [pruned d=0.005 bp lr=0.008 s0] step 2000/2150 val 0.8458 test 0.8521 loss 0.554 bo 0 (4s)
  [pruned d=0.005 bp lr=0.008 s0] step 2150/2150 val 0.8466 test 0.8518 loss 0.459 bo 0 (4s)
  -> results\p3\h3lr\pruned_d0.005\bp_lr0.008.json val 0.8463 test 0.8519 acc0 0.097 backoffs 0 perturbed 10,354 (4s)
  [pruned d=0.005 bp lr=0.004 s0] step 1000/2150 val 0.1094 test 0.1135 loss 2.280 bo 0 (2s)
  [pruned d=0.005 bp lr=0.004 s0] step 2000/2150 val 0.3508 test 0.3617 loss 2.205 bo 0 (4s)
  [pruned d=0.005 bp lr=0.004 s0] step 2150/2150 val 0.3514 test 0.3626 loss 2.224 bo 0 (4s)
  -> results\p3\h3lr\pruned_d0.005\bp_lr0.004.json val 0.3512 test 0.3623 acc0 0.097 backoffs 0 perturbed 10,354 (4s)
  [pruned d=0.005 bp lr=0.002 s0] step 1000/2150 val 0.1094 test 0.1135 loss 2.292 bo 0 (2s)
  [pruned d=0.005 bp lr=0.002 s0] step 2000/2150 val 0.1094 test 0.1135 loss 2.279 bo 0 (4s)
  [pruned d=0.005 bp lr=0.002 s0] step 2150/2150 val 0.1094 test 0.1135 loss 2.291 bo 0 (4s)
  -> results\p3\h3lr\pruned_d0.005\bp_lr0.002.json val 0.1094 test 0.1135 acc0 0.097 backoffs 0 perturbed 10,354 (4s)
  [pruned d=0.005 bp lr=0.001 s0] step 1000/2150 val 0.1094 test 0.1135 loss 2.296 bo 0 (2s)
  [pruned d=0.005 bp lr=0.001 s0] step 2000/2150 val 0.1094 test 0.1135 loss 2.286 bo 0 (4s)
  [pruned d=0.005 bp lr=0.001 s0] step 2150/2150 val 0.1094 test 0.1135 loss 2.296 bo 0 (4s)
  -> results\p3\h3lr\pruned_d0.005\bp_lr0.001.json val 0.1094 test 0.1135 acc0 0.097 backoffs 0 perturbed 10,354 (4s)
[lr3] pruned_d0.005/bp -> (0.3, 0.9830666666666666, 0)
  [pruned d=0.005 dfa s0] diverged at step 71: restore to 0 + lr -> 0.15 (backoff 1)
  [pruned d=0.005 dfa s0] diverged at step 169: restore to 0 + lr -> 0.075 (backoff 2)
  [pruned d=0.005 dfa s0] diverged at step 305: restore to 100 + lr -> 0.0375 (backoff 3)
  [pruned d=0.005 dfa s0] diverged at step 826: restore to 600 + lr -> 0.01875 (backoff 4)
  [pruned d=0.005 dfa lr=0.01875 s0] step 1000/2150 val 0.8970 test 0.9090 loss 2.088 bo 4 (2s)
  [pruned d=0.005 dfa lr=0.01875 s0] step 2000/2150 val 0.9308 test 0.9354 loss 0.477 bo 4 (4s)
  [pruned d=0.005 dfa lr=0.01875 s0] step 2150/2150 val 0.9316 test 0.9371 loss 0.744 bo 4 (4s)
  -> results\p3\h3lr\pruned_d0.005\dfa_lr0.3.json val 0.9312 test 0.9365 acc0 0.097 backoffs 4 perturbed 10,354 (4s)
  [pruned d=0.005 dfa s0] diverged at step 187: restore to 0 + lr -> 0.075 (backoff 1)
  [pruned d=0.005 dfa s0] diverged at step 350: restore to 100 + lr -> 0.0375 (backoff 2)
  [pruned d=0.005 dfa lr=0.0375 s0] step 1000/2150 val 0.8116 test 0.8129 loss 7.694 bo 2 (2s)
  [pruned d=0.005 dfa s0] diverged at step 1007: restore to 800 + lr -> 0.01875 (backoff 3)
  [pruned d=0.005 dfa lr=0.01875 s0] step 1000/2150 val 0.9150 test 0.9217 loss 2.003 bo 3 (2s)
  [pruned d=0.005 dfa lr=0.01875 s0] step 2000/2150 val 0.9268 test 0.9383 loss 2.028 bo 3 (4s)
  [pruned d=0.005 dfa lr=0.01875 s0] step 2150/2150 val 0.9276 test 0.9385 loss 0.441 bo 3 (4s)
  -> results\p3\h3lr\pruned_d0.005\dfa_lr0.15.json val 0.9272 test 0.9384 acc0 0.097 backoffs 3 perturbed 10,354 (4s)
  [pruned d=0.005 dfa s0] diverged at step 369: restore to 100 + lr -> 0.035 (backoff 1)
  [pruned d=0.005 dfa lr=0.035 s0] step 1000/2150 val 0.8716 test 0.8724 loss 0.899 bo 1 (2s)
  [pruned d=0.005 dfa lr=0.035 s0] step 2000/2150 val 0.9372 test 0.9429 loss 0.720 bo 1 (3s)
  [pruned d=0.005 dfa lr=0.035 s0] step 2150/2150 val 0.9380 test 0.9414 loss 1.017 bo 1 (3s)
  -> results\p3\h3lr\pruned_d0.005\dfa_lr0.07.json val 0.9379 test 0.9419 acc0 0.097 backoffs 1 perturbed 10,354 (3s)
  [pruned d=0.005 dfa lr=0.035 s0] step 1000/2150 val 0.9060 test 0.9098 loss 1.325 bo 0 (1s)
  [pruned d=0.005 dfa lr=0.035 s0] step 2000/2150 val 0.9364 test 0.9407 loss 1.461 bo 0 (3s)
  [pruned d=0.005 dfa lr=0.035 s0] step 2150/2150 val 0.9388 test 0.9433 loss 0.576 bo 0 (3s)
  -> results\p3\h3lr\pruned_d0.005\dfa_lr0.035.json val 0.9379 test 0.9424 acc0 0.097 backoffs 0 perturbed 10,354 (3s)
  [pruned d=0.005 dfa lr=0.017 s0] step 1000/2150 val 0.9032 test 0.9128 loss 0.276 bo 0 (1s)
  [pruned d=0.005 dfa lr=0.017 s0] step 2000/2150 val 0.9320 test 0.9380 loss 0.352 bo 0 (3s)
  [pruned d=0.005 dfa lr=0.017 s0] step 2150/2150 val 0.9328 test 0.9385 loss 0.240 bo 0 (3s)
  -> results\p3\h3lr\pruned_d0.005\dfa_lr0.017.json val 0.9325 test 0.9383 acc0 0.097 backoffs 0 perturbed 10,354 (3s)
  [pruned d=0.005 dfa lr=0.008 s0] step 1000/2150 val 0.8996 test 0.9046 loss 0.362 bo 0 (2s)
  [pruned d=0.005 dfa lr=0.008 s0] step 2000/2150 val 0.9120 test 0.9197 loss 0.356 bo 0 (3s)
  [pruned d=0.005 dfa lr=0.008 s0] step 2150/2150 val 0.9130 test 0.9194 loss 0.308 bo 0 (3s)
  -> results\p3\h3lr\pruned_d0.005\dfa_lr0.008.json val 0.9127 test 0.9195 acc0 0.097 backoffs 0 perturbed 10,354 (3s)
  [pruned d=0.005 dfa lr=0.004 s0] step 1000/2150 val 0.8778 test 0.8811 loss 0.426 bo 0 (2s)
  [pruned d=0.005 dfa lr=0.004 s0] step 2000/2150 val 0.8926 test 0.8958 loss 0.393 bo 0 (3s)
  [pruned d=0.005 dfa lr=0.004 s0] step 2150/2150 val 0.8928 test 0.8960 loss 0.386 bo 0 (3s)
  -> results\p3\h3lr\pruned_d0.005\dfa_lr0.004.json val 0.8928 test 0.8959 acc0 0.097 backoffs 0 perturbed 10,354 (3s)
  [pruned d=0.005 dfa lr=0.002 s0] step 1000/2150 val 0.8376 test 0.8418 loss 0.590 bo 0 (1s)
  [pruned d=0.005 dfa lr=0.002 s0] step 2000/2150 val 0.8612 test 0.8667 loss 0.456 bo 0 (3s)
  [pruned d=0.005 dfa lr=0.002 s0] step 2150/2150 val 0.8620 test 0.8671 loss 0.475 bo 0 (3s)
  -> results\p3\h3lr\pruned_d0.005\dfa_lr0.002.json val 0.8617 test 0.8670 acc0 0.097 backoffs 0 perturbed 10,354 (3s)
  [pruned d=0.005 dfa lr=0.001 s0] step 1000/2150 val 0.7134 test 0.7202 loss 0.915 bo 0 (1s)
  [pruned d=0.005 dfa lr=0.001 s0] step 2000/2150 val 0.8066 test 0.8121 loss 0.577 bo 0 (3s)
  [pruned d=0.005 dfa lr=0.001 s0] step 2150/2150 val 0.8064 test 0.8121 loss 0.643 bo 0 (3s)
  -> results\p3\h3lr\pruned_d0.005\dfa_lr0.001.json val 0.8065 test 0.8121 acc0 0.097 backoffs 0 perturbed 10,354 (3s)
[lr3] pruned_d0.005/dfa -> (0.07, 0.9378666666666667, 1)
  [pruned d=0.005 np s0] diverged at step 313: restore to 100 + lr -> 0.015 (backoff 1)
  [pruned d=0.005 np s0] diverged at step 505: restore to 300 + lr -> 0.0075 (backoff 2)
  [pruned d=0.005 np lr=0.0075 s0] step 1000/2150 val 0.4910 test 0.4870 loss 4.894 bo 2 (3s)
  [pruned d=0.005 np s0] diverged at step 1197: restore to 900 + lr -> 0.00375 (backoff 3)
  [pruned d=0.005 np lr=0.00375 s0] step 1000/2150 val 0.7582 test 0.7474 loss 1.374 bo 3 (3s)
  [pruned d=0.005 np lr=0.00375 s0] step 2000/2150 val 0.8652 test 0.8717 loss 0.524 bo 3 (5s)
  [pruned d=0.005 np lr=0.00375 s0] step 2150/2150 val 0.8636 test 0.8714 loss 0.403 bo 3 (6s)
  -> results\p3\h3lr\pruned_d0.005\np_lr0.03.json val 0.8641 test 0.8715 acc0 0.097 backoffs 3 perturbed 10,354 (6s)
  [pruned d=0.005 np s0] diverged at step 468: restore to 200 + lr -> 0.0075 (backoff 1)
  [pruned d=0.005 np lr=0.0075 s0] step 1000/2150 val 0.5834 test 0.5790 loss 2.679 bo 1 (3s)
  [pruned d=0.005 np s0] diverged at step 1274: restore to 1000 + lr -> 0.00375 (backoff 2)
  [pruned d=0.005 np lr=0.00375 s0] step 2000/2150 val 0.8264 test 0.8377 loss 0.542 bo 2 (5s)
  [pruned d=0.005 np lr=0.00375 s0] step 2150/2150 val 0.8262 test 0.8378 loss 0.572 bo 2 (6s)
  -> results\p3\h3lr\pruned_d0.005\np_lr0.015.json val 0.8263 test 0.8378 acc0 0.097 backoffs 2 perturbed 10,354 (6s)
  [pruned d=0.005 np lr=0.007 s0] step 1000/2150 val 0.7536 test 0.7613 loss 0.752 bo 0 (2s)
  [pruned d=0.005 np lr=0.007 s0] step 2000/2150 val 0.8484 test 0.8645 loss 0.559 bo 0 (4s)
  [pruned d=0.005 np lr=0.007 s0] step 2150/2150 val 0.8500 test 0.8656 loss 0.489 bo 0 (4s)
  -> results\p3\h3lr\pruned_d0.005\np_lr0.007.json val 0.8494 test 0.8653 acc0 0.097 backoffs 0 perturbed 10,354 (4s)
  [pruned d=0.005 np lr=0.0035 s0] step 1000/2150 val 0.4002 test 0.4207 loss 1.958 bo 0 (2s)
  [pruned d=0.005 np lr=0.0035 s0] step 2000/2150 val 0.7472 test 0.7608 loss 0.923 bo 0 (4s)
  [pruned d=0.005 np lr=0.0035 s0] step 2150/2150 val 0.7470 test 0.7607 loss 0.947 bo 0 (4s)
  -> results\p3\h3lr\pruned_d0.005\np_lr0.0035.json val 0.7472 test 0.7608 acc0 0.097 backoffs 0 perturbed 10,354 (4s)
  [pruned d=0.005 np lr=0.0017 s0] step 1000/2150 val 0.1094 test 0.1135 loss 2.295 bo 0 (2s)
  [pruned d=0.005 np lr=0.0017 s0] step 2000/2150 val 0.1438 test 0.1549 loss 2.289 bo 0 (4s)
  [pruned d=0.005 np lr=0.0017 s0] step 2150/2150 val 0.1452 test 0.1561 loss 2.288 bo 0 (4s)
  -> results\p3\h3lr\pruned_d0.005\np_lr0.0017.json val 0.1447 test 0.1557 acc0 0.097 backoffs 0 perturbed 10,354 (4s)
  [pruned d=0.005 np lr=0.0008 s0] step 1000/2150 val 0.1094 test 0.1135 loss 2.298 bo 0 (2s)
  [pruned d=0.005 np lr=0.0008 s0] step 2000/2150 val 0.1094 test 0.1135 loss 2.300 bo 0 (4s)
  [pruned d=0.005 np lr=0.0008 s0] step 2150/2150 val 0.1094 test 0.1135 loss 2.302 bo 0 (5s)
  -> results\p3\h3lr\pruned_d0.005\np_lr0.0008.json val 0.1094 test 0.1135 acc0 0.097 backoffs 0 perturbed 10,354 (5s)
  [pruned d=0.005 np lr=0.0004 s0] step 1000/2150 val 0.1094 test 0.1135 loss 2.299 bo 0 (2s)
  [pruned d=0.005 np lr=0.0004 s0] step 2000/2150 val 0.1094 test 0.1135 loss 2.300 bo 0 (4s)
  [pruned d=0.005 np lr=0.0004 s0] step 2150/2150 val 0.1094 test 0.1135 loss 2.302 bo 0 (4s)
  -> results\p3\h3lr\pruned_d0.005\np_lr0.0004.json val 0.1094 test 0.1135 acc0 0.097 backoffs 0 perturbed 10,354 (4s)
  [pruned d=0.005 np lr=0.0002 s0] step 1000/2150 val 0.1094 test 0.1135 loss 2.299 bo 0 (2s)
  [pruned d=0.005 np lr=0.0002 s0] step 2000/2150 val 0.1094 test 0.1135 loss 2.300 bo 0 (4s)
  [pruned d=0.005 np lr=0.0002 s0] step 2150/2150 val 0.1094 test 0.1135 loss 2.302 bo 0 (4s)
  -> results\p3\h3lr\pruned_d0.005\np_lr0.0002.json val 0.1094 test 0.1135 acc0 0.097 backoffs 0 perturbed 10,354 (4s)
  [pruned d=0.005 np lr=0.0001 s0] step 1000/2150 val 0.1104 test 0.1165 loss 2.299 bo 0 (2s)
  [pruned d=0.005 np lr=0.0001 s0] step 2000/2150 val 0.1096 test 0.1135 loss 2.300 bo 0 (4s)
  [pruned d=0.005 np lr=0.0001 s0] step 2150/2150 val 0.1096 test 0.1135 loss 2.302 bo 0 (4s)
  -> results\p3\h3lr\pruned_d0.005\np_lr0.0001.json val 0.1096 test 0.1135 acc0 0.097 backoffs 0 perturbed 10,354 (4s)
[lr3] pruned_d0.005/np -> (0.03, 0.8641333333333333, 3)
  [pruned d=0.005 fg s0] diverged at step 369: restore to 100 + lr -> 0.015 (backoff 1)
  [pruned d=0.005 fg s0] diverged at step 546: restore to 300 + lr -> 0.0075 (backoff 2)
  [pruned d=0.005 fg lr=0.0075 s0] step 1000/2150 val 0.7220 test 0.7226 loss 0.964 bo 2 (42s)
  [pruned d=0.005 fg s0] diverged at step 1183: restore to 900 + lr -> 0.00375 (backoff 3)
  [pruned d=0.005 fg lr=0.00375 s0] step 1000/2150 val 0.7978 test 0.8020 loss 0.648 bo 3 (50s)
  [pruned d=0.005 fg lr=0.00375 s0] step 2000/2150 val 0.8454 test 0.8552 loss 0.494 bo 3 (76s)
  [pruned d=0.005 fg lr=0.00375 s0] step 2150/2150 val 0.8452 test 0.8556 loss 0.581 bo 3 (80s)
  -> results\p3\h3lr\pruned_d0.005\fg_lr0.03.json val 0.8453 test 0.8554 acc0 0.097 backoffs 3 perturbed 10,354 (80s)
  [pruned d=0.005 fg s0] diverged at step 581: restore to 300 + lr -> 0.0075 (backoff 1)
  [pruned d=0.005 fg lr=0.0075 s0] step 1000/2150 val 0.7626 test 0.7678 loss 0.663 bo 1 (34s)
  [pruned d=0.005 fg lr=0.0075 s0] step 2000/2150 val 0.7402 test 0.7509 loss 3.181 bo 1 (60s)
  [pruned d=0.005 fg lr=0.0075 s0] step 2150/2150 val 0.7456 test 0.7561 loss 1.995 bo 1 (64s)
  -> results\p3\h3lr\pruned_d0.005\fg_lr0.015.json val 0.7438 test 0.7542 acc0 0.097 backoffs 1 perturbed 10,354 (64s)
  [pruned d=0.005 fg lr=0.007 s0] step 1000/2150 val 0.7016 test 0.7048 loss 1.005 bo 0 (26s)
  [pruned d=0.005 fg lr=0.007 s0] step 2000/2150 val 0.8438 test 0.8609 loss 0.414 bo 0 (54s)
  [pruned d=0.005 fg lr=0.007 s0] step 2150/2150 val 0.8440 test 0.8617 loss 0.506 bo 0 (58s)
  -> results\p3\h3lr\pruned_d0.005\fg_lr0.007.json val 0.8440 test 0.8614 acc0 0.097 backoffs 0 perturbed 10,354 (58s)
  [pruned d=0.005 fg lr=0.0035 s0] step 1000/2150 val 0.1094 test 0.1135 loss 2.276 bo 0 (27s)
  [pruned d=0.005 fg lr=0.0035 s0] step 2000/2150 val 0.4466 test 0.4621 loss 2.193 bo 0 (54s)
  [pruned d=0.005 fg lr=0.0035 s0] step 2150/2150 val 0.4474 test 0.4631 loss 2.206 bo 0 (58s)
  -> results\p3\h3lr\pruned_d0.005\fg_lr0.0035.json val 0.4471 test 0.4627 acc0 0.097 backoffs 0 perturbed 10,354 (58s)
  [pruned d=0.005 fg lr=0.0017 s0] step 1000/2150 val 0.1094 test 0.1135 loss 2.291 bo 0 (27s)
  [pruned d=0.005 fg lr=0.0017 s0] step 2000/2150 val 0.1094 test 0.1135 loss 2.296 bo 0 (54s)
  [pruned d=0.005 fg lr=0.0017 s0] step 2150/2150 val 0.1094 test 0.1135 loss 2.297 bo 0 (58s)
  -> results\p3\h3lr\pruned_d0.005\fg_lr0.0017.json val 0.1094 test 0.1135 acc0 0.097 backoffs 0 perturbed 10,354 (58s)
  [pruned d=0.005 fg lr=0.0008 s0] step 1000/2150 val 0.1094 test 0.1135 loss 2.295 bo 0 (26s)
  [pruned d=0.005 fg lr=0.0008 s0] step 2000/2150 val 0.1094 test 0.1135 loss 2.300 bo 0 (52s)
  [pruned d=0.005 fg lr=0.0008 s0] step 2150/2150 val 0.1094 test 0.1135 loss 2.300 bo 0 (56s)
  -> results\p3\h3lr\pruned_d0.005\fg_lr0.0008.json val 0.1094 test 0.1135 acc0 0.097 backoffs 0 perturbed 10,354 (56s)
  [pruned d=0.005 fg lr=0.0004 s0] step 1000/2150 val 0.1094 test 0.1135 loss 2.297 bo 0 (27s)
  [pruned d=0.005 fg lr=0.0004 s0] step 2000/2150 val 0.1094 test 0.1135 loss 2.300 bo 0 (53s)
  [pruned d=0.005 fg lr=0.0004 s0] step 2150/2150 val 0.1094 test 0.1135 loss 2.300 bo 0 (57s)
  -> results\p3\h3lr\pruned_d0.005\fg_lr0.0004.json val 0.1094 test 0.1135 acc0 0.097 backoffs 0 perturbed 10,354 (57s)
  [pruned d=0.005 fg lr=0.0002 s0] step 1000/2150 val 0.1108 test 0.1166 loss 2.299 bo 0 (26s)
  [pruned d=0.005 fg lr=0.0002 s0] step 2000/2150 val 0.1094 test 0.1135 loss 2.301 bo 0 (52s)
  [pruned d=0.005 fg lr=0.0002 s0] step 2150/2150 val 0.1094 test 0.1135 loss 2.300 bo 0 (57s)
  -> results\p3\h3lr\pruned_d0.005\fg_lr0.0002.json val 0.1094 test 0.1135 acc0 0.097 backoffs 0 perturbed 10,354 (57s)
  [pruned d=0.005 fg lr=0.0001 s0] step 1000/2150 val 0.2730 test 0.2716 loss 2.299 bo 0 (26s)
  [pruned d=0.005 fg lr=0.0001 s0] step 2000/2150 val 0.1772 test 0.1826 loss 2.301 bo 0 (52s)
  [pruned d=0.005 fg lr=0.0001 s0] step 2150/2150 val 0.1772 test 0.1825 loss 2.300 bo 0 (57s)
  -> results\p3\h3lr\pruned_d0.005\fg_lr0.0001.json val 0.1772 test 0.1825 acc0 0.097 backoffs 0 perturbed 10,354 (57s)
[lr3] pruned_d0.005/fg -> (0.03, 0.8452666666666667, 3)
  [random_degree d=0.005 bp lr=0.3 s0] step 1000/2150 val 0.9372 test 0.9387 loss 0.181 bo 0 (2s)
  [random_degree d=0.005 bp lr=0.3 s0] step 2000/2150 val 0.9636 test 0.9598 loss 0.107 bo 0 (4s)
  [random_degree d=0.005 bp lr=0.3 s0] step 2150/2150 val 0.9646 test 0.9605 loss 0.037 bo 0 (4s)
  -> results\p3\h3lr\random_degree_d0.005\bp_lr0.3.json val 0.9642 test 0.9603 acc0 0.096 backoffs 0 perturbed 10,354 (4s)
  [random_degree d=0.005 bp lr=0.15 s0] step 1000/2150 val 0.9368 test 0.9401 loss 0.152 bo 0 (2s)
  [random_degree d=0.005 bp lr=0.15 s0] step 2000/2150 val 0.9562 test 0.9559 loss 0.213 bo 0 (4s)
  [random_degree d=0.005 bp lr=0.15 s0] step 2150/2150 val 0.9570 test 0.9569 loss 0.081 bo 0 (4s)
  -> results\p3\h3lr\random_degree_d0.005\bp_lr0.15.json val 0.9567 test 0.9566 acc0 0.096 backoffs 0 perturbed 10,354 (4s)
  [random_degree d=0.005 bp lr=0.07 s0] step 1000/2150 val 0.9214 test 0.9276 loss 0.214 bo 0 (2s)
  [random_degree d=0.005 bp lr=0.07 s0] step 2000/2150 val 0.9392 test 0.9426 loss 0.272 bo 0 (4s)
  [random_degree d=0.005 bp lr=0.07 s0] step 2150/2150 val 0.9402 test 0.9432 loss 0.130 bo 0 (4s)
  -> results\p3\h3lr\random_degree_d0.005\bp_lr0.07.json val 0.9399 test 0.9430 acc0 0.096 backoffs 0 perturbed 10,354 (4s)
  [random_degree d=0.005 bp lr=0.035 s0] step 1000/2150 val 0.8924 test 0.8988 loss 0.316 bo 0 (2s)
  [random_degree d=0.005 bp lr=0.035 s0] step 2000/2150 val 0.9124 test 0.9205 loss 0.364 bo 0 (4s)
  [random_degree d=0.005 bp lr=0.035 s0] step 2150/2150 val 0.9128 test 0.9206 loss 0.246 bo 0 (4s)
  -> results\p3\h3lr\random_degree_d0.005\bp_lr0.035.json val 0.9127 test 0.9206 acc0 0.096 backoffs 0 perturbed 10,354 (4s)
  [random_degree d=0.005 bp lr=0.017 s0] step 1000/2150 val 0.7456 test 0.7650 loss 0.698 bo 0 (2s)
  [random_degree d=0.005 bp lr=0.017 s0] step 2000/2150 val 0.8638 test 0.8716 loss 0.488 bo 0 (4s)
  [random_degree d=0.005 bp lr=0.017 s0] step 2150/2150 val 0.8642 test 0.8719 loss 0.398 bo 0 (4s)
  -> results\p3\h3lr\random_degree_d0.005\bp_lr0.017.json val 0.8641 test 0.8718 acc0 0.096 backoffs 0 perturbed 10,354 (4s)
  [random_degree d=0.005 bp lr=0.008 s0] step 1000/2150 val 0.1594 test 0.1626 loss 2.284 bo 0 (2s)
  [random_degree d=0.005 bp lr=0.008 s0] step 2000/2150 val 0.3302 test 0.3328 loss 1.674 bo 0 (4s)
  [random_degree d=0.005 bp lr=0.008 s0] step 2150/2150 val 0.3304 test 0.3332 loss 1.859 bo 0 (4s)
  -> results\p3\h3lr\random_degree_d0.005\bp_lr0.008.json val 0.3303 test 0.3330 acc0 0.096 backoffs 0 perturbed 10,354 (4s)
  [random_degree d=0.005 bp lr=0.004 s0] step 1000/2150 val 0.1094 test 0.1135 loss 2.296 bo 0 (2s)
  [random_degree d=0.005 bp lr=0.004 s0] step 2000/2150 val 0.1094 test 0.1135 loss 2.284 bo 0 (3s)
  [random_degree d=0.005 bp lr=0.004 s0] step 2150/2150 val 0.1094 test 0.1135 loss 2.298 bo 0 (4s)
  -> results\p3\h3lr\random_degree_d0.005\bp_lr0.004.json val 0.1094 test 0.1135 acc0 0.096 backoffs 0 perturbed 10,354 (4s)
  [random_degree d=0.005 bp lr=0.002 s0] step 1000/2150 val 0.1094 test 0.1135 loss 2.298 bo 0 (2s)
  [random_degree d=0.005 bp lr=0.002 s0] step 2000/2150 val 0.1094 test 0.1135 loss 2.287 bo 0 (4s)
  [random_degree d=0.005 bp lr=0.002 s0] step 2150/2150 val 0.1094 test 0.1135 loss 2.300 bo 0 (5s)
  -> results\p3\h3lr\random_degree_d0.005\bp_lr0.002.json val 0.1094 test 0.1135 acc0 0.096 backoffs 0 perturbed 10,354 (5s)
  [random_degree d=0.005 bp lr=0.001 s0] step 1000/2150 val 0.1094 test 0.1135 loss 2.299 bo 0 (2s)
  [random_degree d=0.005 bp lr=0.001 s0] step 2000/2150 val 0.1094 test 0.1135 loss 2.290 bo 0 (4s)
  [random_degree d=0.005 bp lr=0.001 s0] step 2150/2150 val 0.1094 test 0.1135 loss 2.300 bo 0 (4s)
  -> results\p3\h3lr\random_degree_d0.005\bp_lr0.001.json val 0.1094 test 0.1135 acc0 0.096 backoffs 0 perturbed 10,354 (4s)
[lr3] random_degree_d0.005/bp -> (0.3, 0.9642, 0)
  [random_degree d=0.005 dfa s0] diverged at step 107: restore to 0 + lr -> 0.15 (backoff 1)
  [random_degree d=0.005 dfa s0] diverged at step 192: restore to 0 + lr -> 0.075 (backoff 2)
  [random_degree d=0.005 dfa s0] diverged at step 383: restore to 100 + lr -> 0.0375 (backoff 3)
  [random_degree d=0.005 dfa lr=0.0375 s0] step 1000/2150 val 0.8834 test 0.8941 loss 1.568 bo 3 (2s)
  [random_degree d=0.005 dfa lr=0.0375 s0] step 2000/2150 val 0.9168 test 0.9200 loss 0.729 bo 3 (4s)
  [random_degree d=0.005 dfa lr=0.0375 s0] step 2150/2150 val 0.9200 test 0.9225 loss 0.267 bo 3 (4s)
  -> results\p3\h3lr\random_degree_d0.005\dfa_lr0.3.json val 0.9189 test 0.9216 acc0 0.096 backoffs 3 perturbed 10,354 (4s)
  [random_degree d=0.005 dfa s0] diverged at step 237: restore to 0 + lr -> 0.075 (backoff 1)
  [random_degree d=0.005 dfa s0] diverged at step 373: restore to 100 + lr -> 0.0375 (backoff 2)
  [random_degree d=0.005 dfa lr=0.0375 s0] step 1000/2150 val 0.7000 test 0.7088 loss 1.641 bo 2 (2s)
  [random_degree d=0.005 dfa lr=0.0375 s0] step 2000/2150 val 0.9184 test 0.9225 loss 1.445 bo 2 (4s)
  [random_degree d=0.005 dfa lr=0.0375 s0] step 2150/2150 val 0.9216 test 0.9248 loss 0.910 bo 2 (4s)
  -> results\p3\h3lr\random_degree_d0.005\dfa_lr0.15.json val 0.9203 test 0.9240 acc0 0.096 backoffs 2 perturbed 10,354 (4s)
  [random_degree d=0.005 dfa s0] diverged at step 413: restore to 200 + lr -> 0.035 (backoff 1)
  [random_degree d=0.005 dfa lr=0.035 s0] step 1000/2150 val 0.8380 test 0.8432 loss 1.153 bo 1 (2s)
  [random_degree d=0.005 dfa lr=0.035 s0] step 2000/2150 val 0.9248 test 0.9223 loss 0.562 bo 1 (3s)
  [random_degree d=0.005 dfa lr=0.035 s0] step 2150/2150 val 0.9266 test 0.9229 loss 0.340 bo 1 (4s)
  -> results\p3\h3lr\random_degree_d0.005\dfa_lr0.07.json val 0.9260 test 0.9228 acc0 0.096 backoffs 1 perturbed 10,354 (4s)
  [random_degree d=0.005 dfa lr=0.035 s0] step 1000/2150 val 0.8590 test 0.8627 loss 1.014 bo 0 (1s)
  [random_degree d=0.005 dfa lr=0.035 s0] step 2000/2150 val 0.9268 test 0.9243 loss 0.581 bo 0 (3s)
  [random_degree d=0.005 dfa lr=0.035 s0] step 2150/2150 val 0.9282 test 0.9261 loss 0.190 bo 0 (3s)
  -> results\p3\h3lr\random_degree_d0.005\dfa_lr0.035.json val 0.9277 test 0.9256 acc0 0.096 backoffs 0 perturbed 10,354 (3s)
  [random_degree d=0.005 dfa lr=0.017 s0] step 1000/2150 val 0.9010 test 0.9084 loss 0.349 bo 0 (1s)
  [random_degree d=0.005 dfa lr=0.017 s0] step 2000/2150 val 0.9188 test 0.9237 loss 0.308 bo 0 (3s)
  [random_degree d=0.005 dfa lr=0.017 s0] step 2150/2150 val 0.9184 test 0.9239 loss 0.220 bo 0 (3s)
  -> results\p3\h3lr\random_degree_d0.005\dfa_lr0.017.json val 0.9185 test 0.9239 acc0 0.096 backoffs 0 perturbed 10,354 (3s)
  [random_degree d=0.005 dfa lr=0.008 s0] step 1000/2150 val 0.8866 test 0.8922 loss 0.366 bo 0 (2s)
  [random_degree d=0.005 dfa lr=0.008 s0] step 2000/2150 val 0.9052 test 0.9062 loss 0.354 bo 0 (3s)
  [random_degree d=0.005 dfa lr=0.008 s0] step 2150/2150 val 0.9046 test 0.9067 loss 0.287 bo 0 (4s)
  -> results\p3\h3lr\random_degree_d0.005\dfa_lr0.008.json val 0.9049 test 0.9065 acc0 0.096 backoffs 0 perturbed 10,354 (4s)
  [random_degree d=0.005 dfa lr=0.004 s0] step 1000/2150 val 0.8690 test 0.8769 loss 0.397 bo 0 (1s)
  [random_degree d=0.005 dfa lr=0.004 s0] step 2000/2150 val 0.8844 test 0.8900 loss 0.386 bo 0 (3s)
  [random_degree d=0.005 dfa lr=0.004 s0] step 2150/2150 val 0.8838 test 0.8891 loss 0.361 bo 0 (3s)
  -> results\p3\h3lr\random_degree_d0.005\dfa_lr0.004.json val 0.8840 test 0.8894 acc0 0.096 backoffs 0 perturbed 10,354 (3s)
  [random_degree d=0.005 dfa lr=0.002 s0] step 1000/2150 val 0.8346 test 0.8366 loss 0.512 bo 0 (1s)
  [random_degree d=0.005 dfa lr=0.002 s0] step 2000/2150 val 0.8584 test 0.8629 loss 0.413 bo 0 (3s)
  [random_degree d=0.005 dfa lr=0.002 s0] step 2150/2150 val 0.8578 test 0.8629 loss 0.442 bo 0 (3s)
  -> results\p3\h3lr\random_degree_d0.005\dfa_lr0.002.json val 0.8580 test 0.8628 acc0 0.096 backoffs 0 perturbed 10,354 (3s)
  [random_degree d=0.005 dfa lr=0.001 s0] step 1000/2150 val 0.7170 test 0.7229 loss 0.846 bo 0 (1s)
  [random_degree d=0.005 dfa lr=0.001 s0] step 2000/2150 val 0.8022 test 0.8011 loss 0.601 bo 0 (3s)
  [random_degree d=0.005 dfa lr=0.001 s0] step 2150/2150 val 0.8018 test 0.8011 loss 0.634 bo 0 (3s)
  -> results\p3\h3lr\random_degree_d0.005\dfa_lr0.001.json val 0.8019 test 0.8011 acc0 0.096 backoffs 0 perturbed 10,354 (3s)
[lr3] random_degree_d0.005/dfa -> (0.035, 0.9277333333333333, 0)
  [random_degree d=0.005 np s0] diverged at step 331: restore to 100 + lr -> 0.015 (backoff 1)
  [random_degree d=0.005 np s0] diverged at step 520: restore to 300 + lr -> 0.0075 (backoff 2)
  [random_degree d=0.005 np lr=0.0075 s0] step 1000/2150 val 0.5806 test 0.5797 loss 2.315 bo 2 (3s)
  [random_degree d=0.005 np s0] diverged at step 1284: restore to 1000 + lr -> 0.00375 (backoff 3)
  [random_degree d=0.005 np lr=0.00375 s0] step 2000/2150 val 0.8024 test 0.8148 loss 0.552 bo 3 (6s)
  [random_degree d=0.005 np lr=0.00375 s0] step 2150/2150 val 0.8044 test 0.8166 loss 0.653 bo 3 (6s)
  -> results\p3\h3lr\random_degree_d0.005\np_lr0.03.json val 0.8037 test 0.8161 acc0 0.096 backoffs 3 perturbed 10,354 (6s)
  [random_degree d=0.005 np s0] diverged at step 553: restore to 300 + lr -> 0.0075 (backoff 1)
  [random_degree d=0.005 np lr=0.0075 s0] step 1000/2150 val 0.5402 test 0.5490 loss 4.340 bo 1 (3s)
  [random_degree d=0.005 np s0] diverged at step 1103: restore to 900 + lr -> 0.00375 (backoff 2)
  [random_degree d=0.005 np lr=0.00375 s0] step 1000/2150 val 0.7420 test 0.7575 loss 1.141 bo 2 (3s)
  [random_degree d=0.005 np lr=0.00375 s0] step 2000/2150 val 0.8282 test 0.8260 loss 0.537 bo 2 (5s)
  [random_degree d=0.005 np lr=0.00375 s0] step 2150/2150 val 0.8282 test 0.8263 loss 0.548 bo 2 (5s)
  -> results\p3\h3lr\random_degree_d0.005\np_lr0.015.json val 0.8281 test 0.8262 acc0 0.096 backoffs 2 perturbed 10,354 (5s)
  [random_degree d=0.005 np lr=0.007 s0] step 1000/2150 val 0.7052 test 0.7074 loss 0.805 bo 0 (2s)
  [random_degree d=0.005 np lr=0.007 s0] step 2000/2150 val 0.8248 test 0.8222 loss 0.635 bo 0 (5s)
  [random_degree d=0.005 np lr=0.007 s0] step 2150/2150 val 0.8264 test 0.8222 loss 0.663 bo 0 (5s)
  -> results\p3\h3lr\random_degree_d0.005\np_lr0.007.json val 0.8256 test 0.8223 acc0 0.096 backoffs 0 perturbed 10,354 (5s)
  [random_degree d=0.005 np lr=0.0035 s0] step 1000/2150 val 0.2572 test 0.2677 loss 2.139 bo 0 (2s)
  [random_degree d=0.005 np lr=0.0035 s0] step 2000/2150 val 0.5678 test 0.5765 loss 1.352 bo 0 (4s)
  [random_degree d=0.005 np lr=0.0035 s0] step 2150/2150 val 0.5682 test 0.5775 loss 1.358 bo 0 (5s)
  -> results\p3\h3lr\random_degree_d0.005\np_lr0.0035.json val 0.5681 test 0.5771 acc0 0.096 backoffs 0 perturbed 10,354 (5s)
  [random_degree d=0.005 np lr=0.0017 s0] step 1000/2150 val 0.1094 test 0.1135 loss 2.299 bo 0 (2s)
  [random_degree d=0.005 np lr=0.0017 s0] step 2000/2150 val 0.1094 test 0.1135 loss 2.295 bo 0 (4s)
  [random_degree d=0.005 np lr=0.0017 s0] step 2150/2150 val 0.1094 test 0.1135 loss 2.299 bo 0 (4s)
  -> results\p3\h3lr\random_degree_d0.005\np_lr0.0017.json val 0.1094 test 0.1135 acc0 0.096 backoffs 0 perturbed 10,354 (4s)
  [random_degree d=0.005 np lr=0.0008 s0] step 1000/2150 val 0.1094 test 0.1135 loss 2.301 bo 0 (2s)
  [random_degree d=0.005 np lr=0.0008 s0] step 2000/2150 val 0.1094 test 0.1135 loss 2.302 bo 0 (4s)
  [random_degree d=0.005 np lr=0.0008 s0] step 2150/2150 val 0.1094 test 0.1135 loss 2.304 bo 0 (5s)
  -> results\p3\h3lr\random_degree_d0.005\np_lr0.0008.json val 0.1094 test 0.1135 acc0 0.096 backoffs 0 perturbed 10,354 (5s)
  [random_degree d=0.005 np lr=0.0004 s0] step 1000/2150 val 0.1094 test 0.1135 loss 2.301 bo 0 (2s)
  [random_degree d=0.005 np lr=0.0004 s0] step 2000/2150 val 0.1094 test 0.1135 loss 2.303 bo 0 (4s)
  [random_degree d=0.005 np lr=0.0004 s0] step 2150/2150 val 0.1094 test 0.1135 loss 2.304 bo 0 (5s)
  -> results\p3\h3lr\random_degree_d0.005\np_lr0.0004.json val 0.1094 test 0.1135 acc0 0.096 backoffs 0 perturbed 10,354 (5s)
  [random_degree d=0.005 np lr=0.0002 s0] step 1000/2150 val 0.1094 test 0.1135 loss 2.301 bo 0 (2s)
  [random_degree d=0.005 np lr=0.0002 s0] step 2000/2150 val 0.1094 test 0.1135 loss 2.303 bo 0 (4s)
  [random_degree d=0.005 np lr=0.0002 s0] step 2150/2150 val 0.1094 test 0.1135 loss 2.304 bo 0 (4s)
  -> results\p3\h3lr\random_degree_d0.005\np_lr0.0002.json val 0.1094 test 0.1135 acc0 0.096 backoffs 0 perturbed 10,354 (4s)
  [random_degree d=0.005 np lr=0.0001 s0] step 1000/2150 val 0.1094 test 0.1135 loss 2.302 bo 0 (2s)
  [random_degree d=0.005 np lr=0.0001 s0] step 2000/2150 val 0.1094 test 0.1135 loss 2.303 bo 0 (4s)
  [random_degree d=0.005 np lr=0.0001 s0] step 2150/2150 val 0.1094 test 0.1135 loss 2.304 bo 0 (5s)
  -> results\p3\h3lr\random_degree_d0.005\np_lr0.0001.json val 0.1094 test 0.1135 acc0 0.096 backoffs 0 perturbed 10,354 (5s)
[lr3] random_degree_d0.005/np -> (0.015, 0.8281333333333333, 2)
  [random_degree d=0.005 fg s0] diverged at step 378: restore to 100 + lr -> 0.015 (backoff 1)
  [random_degree d=0.005 fg s0] diverged at step 587: restore to 300 + lr -> 0.0075 (backoff 2)
  [random_degree d=0.005 fg lr=0.0075 s0] step 1000/2150 val 0.7154 test 0.7200 loss 0.924 bo 2 (41s)
  [random_degree d=0.005 fg s0] diverged at step 1325: restore to 1100 + lr -> 0.00375 (backoff 3)
  [random_degree d=0.005 fg lr=0.00375 s0] step 2000/2150 val 0.7962 test 0.7941 loss 0.745 bo 3 (74s)
  [random_degree d=0.005 fg lr=0.00375 s0] step 2150/2150 val 0.7968 test 0.7942 loss 0.737 bo 3 (78s)
  -> results\p3\h3lr\random_degree_d0.005\fg_lr0.03.json val 0.7967 test 0.7942 acc0 0.096 backoffs 3 perturbed 10,354 (78s)
  [random_degree d=0.005 fg s0] diverged at step 592: restore to 300 + lr -> 0.0075 (backoff 1)
  [random_degree d=0.005 fg lr=0.0075 s0] step 1000/2150 val 0.7092 test 0.7167 loss 0.889 bo 1 (34s)
  [random_degree d=0.005 fg s0] diverged at step 1381: restore to 1100 + lr -> 0.00375 (backoff 2)
  [random_degree d=0.005 fg lr=0.00375 s0] step 2000/2150 val 0.8114 test 0.8216 loss 0.612 bo 2 (68s)
  [random_degree d=0.005 fg lr=0.00375 s0] step 2150/2150 val 0.8116 test 0.8232 loss 0.541 bo 2 (72s)
  -> results\p3\h3lr\random_degree_d0.005\fg_lr0.015.json val 0.8116 test 0.8226 acc0 0.096 backoffs 2 perturbed 10,354 (72s)
  [random_degree d=0.005 fg lr=0.007 s0] step 1000/2150 val 0.4164 test 0.4175 loss 1.808 bo 0 (27s)
  [random_degree d=0.005 fg lr=0.007 s0] step 2000/2150 val 0.7834 test 0.7995 loss 0.585 bo 0 (53s)
  [random_degree d=0.005 fg lr=0.007 s0] step 2150/2150 val 0.7854 test 0.8008 loss 0.647 bo 0 (57s)
  -> results\p3\h3lr\random_degree_d0.005\fg_lr0.007.json val 0.7846 test 0.8003 acc0 0.096 backoffs 0 perturbed 10,354 (57s)
  [random_degree d=0.005 fg lr=0.0035 s0] step 1000/2150 val 0.1094 test 0.1135 loss 2.292 bo 0 (27s)
  [random_degree d=0.005 fg lr=0.0035 s0] step 2000/2150 val 0.1094 test 0.1135 loss 2.297 bo 0 (53s)
  [random_degree d=0.005 fg lr=0.0035 s0] step 2150/2150 val 0.1094 test 0.1135 loss 2.297 bo 0 (57s)
  -> results\p3\h3lr\random_degree_d0.005\fg_lr0.0035.json val 0.1094 test 0.1135 acc0 0.096 backoffs 0 perturbed 10,354 (57s)
  [random_degree d=0.005 fg lr=0.0017 s0] step 1000/2150 val 0.1094 test 0.1135 loss 2.296 bo 0 (27s)
  [random_degree d=0.005 fg lr=0.0017 s0] step 2000/2150 val 0.1094 test 0.1135 loss 2.304 bo 0 (55s)
  [random_degree d=0.005 fg lr=0.0017 s0] step 2150/2150 val 0.1094 test 0.1135 loss 2.304 bo 0 (59s)
  -> results\p3\h3lr\random_degree_d0.005\fg_lr0.0017.json val 0.1094 test 0.1135 acc0 0.096 backoffs 0 perturbed 10,354 (59s)
  [random_degree d=0.005 fg lr=0.0008 s0] step 1000/2150 val 0.1094 test 0.1135 loss 2.299 bo 0 (28s)
  [random_degree d=0.005 fg lr=0.0008 s0] step 2000/2150 val 0.1094 test 0.1135 loss 2.304 bo 0 (55s)
  [random_degree d=0.005 fg lr=0.0008 s0] step 2150/2150 val 0.1094 test 0.1135 loss 2.304 bo 0 (59s)
  -> results\p3\h3lr\random_degree_d0.005\fg_lr0.0008.json val 0.1094 test 0.1135 acc0 0.096 backoffs 0 perturbed 10,354 (59s)
  [random_degree d=0.005 fg lr=0.0004 s0] step 1000/2150 val 0.1094 test 0.1135 loss 2.300 bo 0 (29s)
  [random_degree d=0.005 fg lr=0.0004 s0] step 2000/2150 val 0.1094 test 0.1135 loss 2.304 bo 0 (57s)
  [random_degree d=0.005 fg lr=0.0004 s0] step 2150/2150 val 0.1094 test 0.1135 loss 2.303 bo 0 (61s)
  -> results\p3\h3lr\random_degree_d0.005\fg_lr0.0004.json val 0.1094 test 0.1135 acc0 0.096 backoffs 0 perturbed 10,354 (61s)
  [random_degree d=0.005 fg lr=0.0002 s0] step 1000/2150 val 0.1094 test 0.1135 loss 2.301 bo 0 (26s)
  [random_degree d=0.005 fg lr=0.0002 s0] step 2000/2150 val 0.1094 test 0.1135 loss 2.304 bo 0 (53s)
  [random_degree d=0.005 fg lr=0.0002 s0] step 2150/2150 val 0.1094 test 0.1135 loss 2.303 bo 0 (57s)
  -> results\p3\h3lr\random_degree_d0.005\fg_lr0.0002.json val 0.1094 test 0.1135 acc0 0.096 backoffs 0 perturbed 10,354 (57s)
  [random_degree d=0.005 fg lr=0.0001 s0] step 1000/2150 val 0.1020 test 0.0958 loss 2.302 bo 0 (26s)
  [random_degree d=0.005 fg lr=0.0001 s0] step 2000/2150 val 0.1110 test 0.1155 loss 2.304 bo 0 (52s)
  [random_degree d=0.005 fg lr=0.0001 s0] step 2150/2150 val 0.1110 test 0.1154 loss 2.302 bo 0 (56s)
  -> results\p3\h3lr\random_degree_d0.005\fg_lr0.0001.json val 0.1110 test 0.1154 acc0 0.096 backoffs 0 perturbed 10,354 (56s)
[lr3] random_degree_d0.005/fg -> (0.015, 0.8116, 2)
  [random_mask d=0.005 bp lr=0.3 s0] step 1000/2150 val 0.8586 test 0.8684 loss 0.472 bo 0 (2s)
  [random_mask d=0.005 bp lr=0.3 s0] step 2000/2150 val 0.8994 test 0.9013 loss 0.444 bo 0 (4s)
  [random_mask d=0.005 bp lr=0.3 s0] step 2150/2150 val 0.9008 test 0.9026 loss 0.274 bo 0 (4s)
  -> results\p3\h3lr\random_mask_d0.005\bp_lr0.3.json val 0.9002 test 0.9021 acc0 0.096 backoffs 0 perturbed 11,318 (4s)
  [random_mask d=0.005 bp lr=0.15 s0] step 1000/2150 val 0.8272 test 0.8393 loss 0.601 bo 0 (2s)
  [random_mask d=0.005 bp lr=0.15 s0] step 2000/2150 val 0.8724 test 0.8775 loss 0.551 bo 0 (4s)
  [random_mask d=0.005 bp lr=0.15 s0] step 2150/2150 val 0.8712 test 0.8767 loss 0.379 bo 0 (4s)
  -> results\p3\h3lr\random_mask_d0.005\bp_lr0.15.json val 0.8717 test 0.8771 acc0 0.096 backoffs 0 perturbed 11,318 (4s)
  [random_mask d=0.005 bp lr=0.07 s0] step 1000/2150 val 0.6660 test 0.6874 loss 1.020 bo 0 (2s)
  [random_mask d=0.005 bp lr=0.07 s0] step 2000/2150 val 0.8168 test 0.8185 loss 0.681 bo 0 (4s)
  [random_mask d=0.005 bp lr=0.07 s0] step 2150/2150 val 0.8172 test 0.8181 loss 0.531 bo 0 (4s)
  -> results\p3\h3lr\random_mask_d0.005\bp_lr0.07.json val 0.8170 test 0.8182 acc0 0.096 backoffs 0 perturbed 11,318 (4s)
  [random_mask d=0.005 bp lr=0.035 s0] step 1000/2150 val 0.2132 test 0.2074 loss 2.191 bo 0 (2s)
  [random_mask d=0.005 bp lr=0.035 s0] step 2000/2150 val 0.5020 test 0.5081 loss 1.331 bo 0 (4s)
  [random_mask d=0.005 bp lr=0.035 s0] step 2150/2150 val 0.5042 test 0.5085 loss 1.562 bo 0 (4s)
  -> results\p3\h3lr\random_mask_d0.005\bp_lr0.035.json val 0.5035 test 0.5083 acc0 0.096 backoffs 0 perturbed 11,318 (4s)
  [random_mask d=0.005 bp lr=0.017 s0] step 1000/2150 val 0.1094 test 0.1135 loss 2.297 bo 0 (2s)
  [random_mask d=0.005 bp lr=0.017 s0] step 2000/2150 val 0.1094 test 0.1135 loss 2.280 bo 0 (3s)
  [random_mask d=0.005 bp lr=0.017 s0] step 2150/2150 val 0.1094 test 0.1135 loss 2.297 bo 0 (4s)
  -> results\p3\h3lr\random_mask_d0.005\bp_lr0.017.json val 0.1094 test 0.1135 acc0 0.096 backoffs 0 perturbed 11,318 (4s)
  [random_mask d=0.005 bp lr=0.008 s0] step 1000/2150 val 0.1094 test 0.1135 loss 2.297 bo 0 (2s)
  [random_mask d=0.005 bp lr=0.008 s0] step 2000/2150 val 0.1094 test 0.1135 loss 2.287 bo 0 (4s)
  [random_mask d=0.005 bp lr=0.008 s0] step 2150/2150 val 0.1094 test 0.1135 loss 2.300 bo 0 (4s)
  -> results\p3\h3lr\random_mask_d0.005\bp_lr0.008.json val 0.1094 test 0.1135 acc0 0.096 backoffs 0 perturbed 11,318 (4s)
  [random_mask d=0.005 bp lr=0.004 s0] step 1000/2150 val 0.1094 test 0.1135 loss 2.297 bo 0 (2s)
  [random_mask d=0.005 bp lr=0.004 s0] step 2000/2150 val 0.1094 test 0.1135 loss 2.287 bo 0 (4s)
  [random_mask d=0.005 bp lr=0.004 s0] step 2150/2150 val 0.1094 test 0.1135 loss 2.300 bo 0 (4s)
  -> results\p3\h3lr\random_mask_d0.005\bp_lr0.004.json val 0.1094 test 0.1135 acc0 0.096 backoffs 0 perturbed 11,318 (4s)
  [random_mask d=0.005 bp lr=0.002 s0] step 1000/2150 val 0.1094 test 0.1135 loss 2.298 bo 0 (2s)
  [random_mask d=0.005 bp lr=0.002 s0] step 2000/2150 val 0.1094 test 0.1135 loss 2.288 bo 0 (4s)
  [random_mask d=0.005 bp lr=0.002 s0] step 2150/2150 val 0.1094 test 0.1135 loss 2.300 bo 0 (4s)
  -> results\p3\h3lr\random_mask_d0.005\bp_lr0.002.json val 0.1094 test 0.1135 acc0 0.096 backoffs 0 perturbed 11,318 (4s)
  [random_mask d=0.005 bp lr=0.001 s0] step 1000/2150 val 0.1094 test 0.1135 loss 2.299 bo 0 (2s)
  [random_mask d=0.005 bp lr=0.001 s0] step 2000/2150 val 0.1094 test 0.1135 loss 2.290 bo 0 (4s)
  [random_mask d=0.005 bp lr=0.001 s0] step 2150/2150 val 0.1094 test 0.1135 loss 2.300 bo 0 (4s)
  -> results\p3\h3lr\random_mask_d0.005\bp_lr0.001.json val 0.1094 test 0.1135 acc0 0.096 backoffs 0 perturbed 11,318 (4s)
[lr3] random_mask_d0.005/bp -> (0.3, 0.9001999999999999, 0)
  [random_mask d=0.005 dfa s0] diverged at step 105: restore to 0 + lr -> 0.15 (backoff 1)
  [random_mask d=0.005 dfa s0] diverged at step 145: restore to 0 + lr -> 0.075 (backoff 2)
  [random_mask d=0.005 dfa s0] diverged at step 209: restore to 0 + lr -> 0.0375 (backoff 3)
  [random_mask d=0.005 dfa s0] diverged at step 293: restore to 0 + lr -> 0.01875 (backoff 4)
  [random_mask d=0.005 dfa s0] diverged at step 412: restore to 200 + lr -> 0.009375 (backoff 5)
  [random_mask d=0.005 dfa s0] FAILED after 5 backoffs at step 683
  -> results\p3\h3lr\random_mask_d0.005\dfa_lr0.3.json val 0.5850 test 0.6054 acc0 0.096 backoffs 6 perturbed 11,318 (2s)
  [random_mask d=0.005 dfa s0] diverged at step 141: restore to 0 + lr -> 0.075 (backoff 1)
  [random_mask d=0.005 dfa s0] diverged at step 197: restore to 0 + lr -> 0.0375 (backoff 2)
  [random_mask d=0.005 dfa s0] diverged at step 292: restore to 0 + lr -> 0.01875 (backoff 3)
  [random_mask d=0.005 dfa s0] diverged at step 414: restore to 200 + lr -> 0.009375 (backoff 4)
  [random_mask d=0.005 dfa s0] diverged at step 696: restore to 400 + lr -> 0.0046875 (backoff 5)
  [random_mask d=0.005 dfa lr=0.0046875 s0] step 1000/2150 val 0.6798 test 0.6803 loss 2.468 bo 5 (3s)
  [random_mask d=0.005 dfa lr=0.0046875 s0] step 2000/2150 val 0.7524 test 0.7562 loss 0.604 bo 5 (4s)
  [random_mask d=0.005 dfa lr=0.0046875 s0] step 2150/2150 val 0.7510 test 0.7563 loss 0.748 bo 5 (5s)
  -> results\p3\h3lr\random_mask_d0.005\dfa_lr0.15.json val 0.7516 test 0.7562 acc0 0.096 backoffs 5 perturbed 11,318 (5s)
  [random_mask d=0.005 dfa s0] diverged at step 224: restore to 0 + lr -> 0.035 (backoff 1)
  [random_mask d=0.005 dfa s0] diverged at step 303: restore to 100 + lr -> 0.0175 (backoff 2)
  [random_mask d=0.005 dfa s0] diverged at step 400: restore to 100 + lr -> 0.00875 (backoff 3)
  [random_mask d=0.005 dfa s0] diverged at step 859: restore to 600 + lr -> 0.004375 (backoff 4)
  [random_mask d=0.005 dfa lr=0.004375 s0] step 1000/2150 val 0.6796 test 0.6841 loss 1.267 bo 4 (3s)
  [random_mask d=0.005 dfa lr=0.004375 s0] step 2000/2150 val 0.7462 test 0.7507 loss 0.785 bo 4 (4s)
  [random_mask d=0.005 dfa lr=0.004375 s0] step 2150/2150 val 0.7478 test 0.7514 loss 0.776 bo 4 (5s)
  -> results\p3\h3lr\random_mask_d0.005\dfa_lr0.07.json val 0.7471 test 0.7512 acc0 0.096 backoffs 4 perturbed 11,318 (5s)
  [random_mask d=0.005 dfa s0] diverged at step 321: restore to 100 + lr -> 0.0175 (backoff 1)
  [random_mask d=0.005 dfa s0] diverged at step 461: restore to 200 + lr -> 0.00875 (backoff 2)
  [random_mask d=0.005 dfa s0] diverged at step 714: restore to 500 + lr -> 0.004375 (backoff 3)
  [random_mask d=0.005 dfa lr=0.004375 s0] step 1000/2150 val 0.6784 test 0.6920 loss 2.070 bo 3 (3s)
  [random_mask d=0.005 dfa lr=0.004375 s0] step 2000/2150 val 0.7356 test 0.7406 loss 0.660 bo 3 (4s)
  [random_mask d=0.005 dfa lr=0.004375 s0] step 2150/2150 val 0.7374 test 0.7442 loss 0.779 bo 3 (4s)
  -> results\p3\h3lr\random_mask_d0.005\dfa_lr0.035.json val 0.7369 test 0.7431 acc0 0.096 backoffs 3 perturbed 11,318 (4s)
  [random_mask d=0.005 dfa s0] diverged at step 484: restore to 200 + lr -> 0.0085 (backoff 1)
  [random_mask d=0.005 dfa s0] diverged at step 862: restore to 600 + lr -> 0.00425 (backoff 2)
  [random_mask d=0.005 dfa lr=0.00425 s0] step 1000/2150 val 0.6776 test 0.6824 loss 1.800 bo 2 (2s)
  [random_mask d=0.005 dfa lr=0.00425 s0] step 2000/2150 val 0.7398 test 0.7449 loss 0.817 bo 2 (4s)
  [random_mask d=0.005 dfa lr=0.00425 s0] step 2150/2150 val 0.7376 test 0.7450 loss 0.829 bo 2 (4s)
  -> results\p3\h3lr\random_mask_d0.005\dfa_lr0.017.json val 0.7383 test 0.7449 acc0 0.096 backoffs 2 perturbed 11,318 (4s)
  [random_mask d=0.005 dfa s0] diverged at step 941: restore to 700 + lr -> 0.004 (backoff 1)
  [random_mask d=0.005 dfa lr=0.004 s0] step 1000/2150 val 0.6942 test 0.6996 loss 1.303 bo 1 (2s)
  [random_mask d=0.005 dfa lr=0.004 s0] step 2000/2150 val 0.7308 test 0.7393 loss 0.886 bo 1 (3s)
  [random_mask d=0.005 dfa lr=0.004 s0] step 2150/2150 val 0.7310 test 0.7400 loss 0.850 bo 1 (3s)
  -> results\p3\h3lr\random_mask_d0.005\dfa_lr0.008.json val 0.7311 test 0.7397 acc0 0.096 backoffs 1 perturbed 11,318 (3s)
  [random_mask d=0.005 dfa lr=0.004 s0] step 1000/2150 val 0.6308 test 0.6462 loss 0.955 bo 0 (1s)
  [random_mask d=0.005 dfa lr=0.004 s0] step 2000/2150 val 0.6976 test 0.7077 loss 0.817 bo 0 (3s)
  [random_mask d=0.005 dfa lr=0.004 s0] step 2150/2150 val 0.6950 test 0.7069 loss 0.876 bo 0 (3s)
  -> results\p3\h3lr\random_mask_d0.005\dfa_lr0.004.json val 0.6959 test 0.7071 acc0 0.096 backoffs 0 perturbed 11,318 (3s)
  [random_mask d=0.005 dfa lr=0.002 s0] step 1000/2150 val 0.4006 test 0.4058 loss 1.741 bo 0 (1s)
  [random_mask d=0.005 dfa lr=0.002 s0] step 2000/2150 val 0.5672 test 0.5824 loss 1.182 bo 0 (3s)
  [random_mask d=0.005 dfa lr=0.002 s0] step 2150/2150 val 0.5668 test 0.5830 loss 1.172 bo 0 (3s)
  -> results\p3\h3lr\random_mask_d0.005\dfa_lr0.002.json val 0.5669 test 0.5828 acc0 0.096 backoffs 0 perturbed 11,318 (3s)
  [random_mask d=0.005 dfa lr=0.001 s0] step 1000/2150 val 0.2290 test 0.2364 loss 2.205 bo 0 (2s)
  [random_mask d=0.005 dfa lr=0.001 s0] step 2000/2150 val 0.2838 test 0.2873 loss 2.088 bo 0 (3s)
  [random_mask d=0.005 dfa lr=0.001 s0] step 2150/2150 val 0.2834 test 0.2876 loss 2.080 bo 0 (3s)
  -> results\p3\h3lr\random_mask_d0.005\dfa_lr0.001.json val 0.2835 test 0.2875 acc0 0.096 backoffs 0 perturbed 11,318 (3s)
[lr3] random_mask_d0.005/dfa -> (0.15, 0.7515999999999999, 5)
  [random_mask d=0.005 np s0] diverged at step 500: restore to 200 + lr -> 0.015 (backoff 1)
  [random_mask d=0.005 np lr=0.015 s0] step 1000/2150 val 0.4370 test 0.4511 loss 2.077 bo 1 (3s)
  [random_mask d=0.005 np s0] diverged at step 1206: restore to 1000 + lr -> 0.0075 (backoff 2)
  [random_mask d=0.005 np lr=0.0075 s0] step 2000/2150 val 0.7220 test 0.7428 loss 1.063 bo 2 (5s)
  [random_mask d=0.005 np lr=0.0075 s0] step 2150/2150 val 0.7236 test 0.7420 loss 0.767 bo 2 (5s)
  -> results\p3\h3lr\random_mask_d0.005\np_lr0.03.json val 0.7229 test 0.7421 acc0 0.096 backoffs 2 perturbed 11,318 (5s)
  [random_mask d=0.005 np lr=0.015 s0] step 1000/2150 val 0.4106 test 0.4139 loss 3.183 bo 0 (2s)
  [random_mask d=0.005 np s0] diverged at step 1247: restore to 1000 + lr -> 0.0075 (backoff 1)
  [random_mask d=0.005 np lr=0.0075 s0] step 2000/2150 val 0.7192 test 0.7256 loss 1.107 bo 1 (4s)
  [random_mask d=0.005 np lr=0.0075 s0] step 2150/2150 val 0.7216 test 0.7272 loss 0.781 bo 1 (5s)
  -> results\p3\h3lr\random_mask_d0.005\np_lr0.015.json val 0.7205 test 0.7265 acc0 0.096 backoffs 1 perturbed 11,318 (5s)
  [random_mask d=0.005 np lr=0.007 s0] step 1000/2150 val 0.2884 test 0.2997 loss 2.187 bo 0 (2s)
  [random_mask d=0.005 np lr=0.007 s0] step 2000/2150 val 0.4068 test 0.4268 loss 1.742 bo 0 (4s)
  [random_mask d=0.005 np lr=0.007 s0] step 2150/2150 val 0.4080 test 0.4273 loss 1.714 bo 0 (4s)
  -> results\p3\h3lr\random_mask_d0.005\np_lr0.007.json val 0.4075 test 0.4271 acc0 0.096 backoffs 0 perturbed 11,318 (4s)
  [random_mask d=0.005 np lr=0.0035 s0] step 1000/2150 val 0.1094 test 0.1135 loss 2.300 bo 0 (2s)
  [random_mask d=0.005 np lr=0.0035 s0] step 2000/2150 val 0.1094 test 0.1135 loss 2.303 bo 0 (4s)
  [random_mask d=0.005 np lr=0.0035 s0] step 2150/2150 val 0.1094 test 0.1135 loss 2.301 bo 0 (5s)
  -> results\p3\h3lr\random_mask_d0.005\np_lr0.0035.json val 0.1094 test 0.1135 acc0 0.096 backoffs 0 perturbed 11,318 (5s)
  [random_mask d=0.005 np lr=0.0017 s0] step 1000/2150 val 0.1094 test 0.1135 loss 2.301 bo 0 (2s)
  [random_mask d=0.005 np lr=0.0017 s0] step 2000/2150 val 0.1094 test 0.1135 loss 2.303 bo 0 (4s)
  [random_mask d=0.005 np lr=0.0017 s0] step 2150/2150 val 0.1094 test 0.1135 loss 2.304 bo 0 (5s)
  -> results\p3\h3lr\random_mask_d0.005\np_lr0.0017.json val 0.1094 test 0.1135 acc0 0.096 backoffs 0 perturbed 11,318 (5s)
  [random_mask d=0.005 np lr=0.0008 s0] step 1000/2150 val 0.1094 test 0.1135 loss 2.301 bo 0 (2s)
  [random_mask d=0.005 np lr=0.0008 s0] step 2000/2150 val 0.1094 test 0.1135 loss 2.303 bo 0 (4s)
  [random_mask d=0.005 np lr=0.0008 s0] step 2150/2150 val 0.1094 test 0.1135 loss 2.304 bo 0 (4s)
  -> results\p3\h3lr\random_mask_d0.005\np_lr0.0008.json val 0.1094 test 0.1135 acc0 0.096 backoffs 0 perturbed 11,318 (4s)
  [random_mask d=0.005 np lr=0.0004 s0] step 1000/2150 val 0.1094 test 0.1135 loss 2.301 bo 0 (2s)
  [random_mask d=0.005 np lr=0.0004 s0] step 2000/2150 val 0.1094 test 0.1135 loss 2.303 bo 0 (4s)
  [random_mask d=0.005 np lr=0.0004 s0] step 2150/2150 val 0.1094 test 0.1135 loss 2.304 bo 0 (4s)
  -> results\p3\h3lr\random_mask_d0.005\np_lr0.0004.json val 0.1094 test 0.1135 acc0 0.096 backoffs 0 perturbed 11,318 (4s)
  [random_mask d=0.005 np lr=0.0002 s0] step 1000/2150 val 0.1094 test 0.1135 loss 2.301 bo 0 (2s)
  [random_mask d=0.005 np lr=0.0002 s0] step 2000/2150 val 0.1094 test 0.1135 loss 2.303 bo 0 (4s)
  [random_mask d=0.005 np lr=0.0002 s0] step 2150/2150 val 0.1094 test 0.1135 loss 2.304 bo 0 (5s)
  -> results\p3\h3lr\random_mask_d0.005\np_lr0.0002.json val 0.1094 test 0.1135 acc0 0.096 backoffs 0 perturbed 11,318 (5s)
  [random_mask d=0.005 np lr=0.0001 s0] step 1000/2150 val 0.1094 test 0.1135 loss 2.302 bo 0 (2s)
  [random_mask d=0.005 np lr=0.0001 s0] step 2000/2150 val 0.1094 test 0.1135 loss 2.303 bo 0 (4s)
  [random_mask d=0.005 np lr=0.0001 s0] step 2150/2150 val 0.1094 test 0.1135 loss 2.304 bo 0 (4s)
  -> results\p3\h3lr\random_mask_d0.005\np_lr0.0001.json val 0.1094 test 0.1135 acc0 0.096 backoffs 0 perturbed 11,318 (4s)
[lr3] random_mask_d0.005/np -> (0.03, 0.7229333333333333, 2)
  [random_mask d=0.005 fg s0] diverged at step 547: restore to 300 + lr -> 0.015 (backoff 1)
  [random_mask d=0.005 fg lr=0.015 s0] step 1000/2150 val 0.6300 test 0.6386 loss 0.972 bo 1 (33s)
  [random_mask d=0.005 fg s0] diverged at step 1253: restore to 1000 + lr -> 0.0075 (backoff 2)
  [random_mask d=0.005 fg lr=0.0075 s0] step 2000/2150 val 0.7578 test 0.7648 loss 0.657 bo 2 (66s)
  [random_mask d=0.005 fg lr=0.0075 s0] step 2150/2150 val 0.7588 test 0.7657 loss 0.930 bo 2 (70s)
  -> results\p3\h3lr\random_mask_d0.005\fg_lr0.03.json val 0.7585 test 0.7654 acc0 0.096 backoffs 2 perturbed 11,318 (70s)
  [random_mask d=0.005 fg lr=0.015 s0] step 1000/2150 val 0.5636 test 0.5621 loss 1.259 bo 0 (27s)
  [random_mask d=0.005 fg lr=0.015 s0] step 2000/2150 val 0.7170 test 0.7253 loss 0.633 bo 0 (53s)
  [random_mask d=0.005 fg lr=0.015 s0] step 2150/2150 val 0.7194 test 0.7268 loss 0.849 bo 0 (57s)
  -> results\p3\h3lr\random_mask_d0.005\fg_lr0.015.json val 0.7187 test 0.7262 acc0 0.096 backoffs 0 perturbed 11,318 (57s)
  [random_mask d=0.005 fg lr=0.007 s0] step 1000/2150 val 0.1094 test 0.1135 loss 2.289 bo 0 (27s)
  [random_mask d=0.005 fg lr=0.007 s0] step 2000/2150 val 0.1286 test 0.1330 loss 2.285 bo 0 (53s)
  [random_mask d=0.005 fg lr=0.007 s0] step 2150/2150 val 0.1280 test 0.1321 loss 2.289 bo 0 (57s)
  -> results\p3\h3lr\random_mask_d0.005\fg_lr0.007.json val 0.1283 test 0.1324 acc0 0.096 backoffs 0 perturbed 11,318 (57s)
  [random_mask d=0.005 fg lr=0.0035 s0] step 1000/2150 val 0.1094 test 0.1135 loss 2.294 bo 0 (27s)
  [random_mask d=0.005 fg lr=0.0035 s0] step 2000/2150 val 0.1094 test 0.1135 loss 2.306 bo 0 (53s)
  [random_mask d=0.005 fg lr=0.0035 s0] step 2150/2150 val 0.1094 test 0.1135 loss 2.305 bo 0 (57s)
  -> results\p3\h3lr\random_mask_d0.005\fg_lr0.0035.json val 0.1094 test 0.1135 acc0 0.096 backoffs 0 perturbed 11,318 (57s)
  [random_mask d=0.005 fg lr=0.0017 s0] step 1000/2150 val 0.1094 test 0.1135 loss 2.296 bo 0 (27s)
  [random_mask d=0.005 fg lr=0.0017 s0] step 2000/2150 val 0.1094 test 0.1135 loss 2.305 bo 0 (53s)
  [random_mask d=0.005 fg lr=0.0017 s0] step 2150/2150 val 0.1094 test 0.1135 loss 2.305 bo 0 (57s)
  -> results\p3\h3lr\random_mask_d0.005\fg_lr0.0017.json val 0.1094 test 0.1135 acc0 0.096 backoffs 0 perturbed 11,318 (57s)
  [random_mask d=0.005 fg lr=0.0008 s0] step 1000/2150 val 0.1094 test 0.1135 loss 2.298 bo 0 (27s)
  [random_mask d=0.005 fg lr=0.0008 s0] step 2000/2150 val 0.1094 test 0.1135 loss 2.304 bo 0 (53s)
  [random_mask d=0.005 fg lr=0.0008 s0] step 2150/2150 val 0.1094 test 0.1135 loss 2.304 bo 0 (57s)
  -> results\p3\h3lr\random_mask_d0.005\fg_lr0.0008.json val 0.1094 test 0.1135 acc0 0.096 backoffs 0 perturbed 11,318 (57s)
  [random_mask d=0.005 fg lr=0.0004 s0] step 1000/2150 val 0.1094 test 0.1135 loss 2.300 bo 0 (27s)
  [random_mask d=0.005 fg lr=0.0004 s0] step 2000/2150 val 0.1094 test 0.1135 loss 2.304 bo 0 (53s)
  [random_mask d=0.005 fg lr=0.0004 s0] step 2150/2150 val 0.1094 test 0.1135 loss 2.303 bo 0 (57s)
  -> results\p3\h3lr\random_mask_d0.005\fg_lr0.0004.json val 0.1094 test 0.1135 acc0 0.096 backoffs 0 perturbed 11,318 (57s)
  [random_mask d=0.005 fg lr=0.0002 s0] step 1000/2150 val 0.1094 test 0.1135 loss 2.301 bo 0 (27s)
  [random_mask d=0.005 fg lr=0.0002 s0] step 2000/2150 val 0.1094 test 0.1135 loss 2.304 bo 0 (53s)
  [random_mask d=0.005 fg lr=0.0002 s0] step 2150/2150 val 0.1094 test 0.1135 loss 2.303 bo 0 (57s)
  -> results\p3\h3lr\random_mask_d0.005\fg_lr0.0002.json val 0.1094 test 0.1135 acc0 0.096 backoffs 0 perturbed 11,318 (57s)
  [random_mask d=0.005 fg lr=0.0001 s0] step 1000/2150 val 0.1024 test 0.0977 loss 2.302 bo 0 (27s)
  [random_mask d=0.005 fg lr=0.0001 s0] step 2000/2150 val 0.1094 test 0.1135 loss 2.304 bo 0 (54s)
  [random_mask d=0.005 fg lr=0.0001 s0] step 2150/2150 val 0.1094 test 0.1135 loss 2.303 bo 0 (58s)
  -> results\p3\h3lr\random_mask_d0.005\fg_lr0.0001.json val 0.1094 test 0.1135 acc0 0.096 backoffs 0 perturbed 11,318 (58s)
[lr3] random_mask_d0.005/fg -> (0.03, 0.7584666666666666, 2)
  [dense_small d=0.005 bp lr=0.3 s0] step 1000/2150 val 0.1940 test 0.1930 loss 1.927 bo 0 (1s)
  [dense_small d=0.005 bp lr=0.3 s0] step 2000/2150 val 0.1908 test 0.2031 loss 1.792 bo 0 (3s)
  [dense_small d=0.005 bp lr=0.3 s0] step 2150/2150 val 0.2080 test 0.2067 loss 1.897 bo 0 (3s)
  -> results\p3\h3lr\dense_small_d0.005\bp_lr0.3.json val 0.2023 test 0.2055 acc0 0.116 backoffs 0 perturbed 9,706 (3s)
  [dense_small d=0.005 bp lr=0.15 s0] step 1000/2150 val 0.9092 test 0.9136 loss 0.351 bo 0 (2s)
  [dense_small d=0.005 bp lr=0.15 s0] step 2000/2150 val 0.9392 test 0.9398 loss 0.272 bo 0 (3s)
  [dense_small d=0.005 bp lr=0.15 s0] step 2150/2150 val 0.9390 test 0.9399 loss 0.214 bo 0 (3s)
  -> results\p3\h3lr\dense_small_d0.005\bp_lr0.15.json val 0.9391 test 0.9399 acc0 0.116 backoffs 0 perturbed 9,706 (3s)
  [dense_small d=0.005 bp lr=0.07 s0] step 1000/2150 val 0.9282 test 0.9289 loss 0.249 bo 0 (1s)
  [dense_small d=0.005 bp lr=0.07 s0] step 2000/2150 val 0.9458 test 0.9460 loss 0.233 bo 0 (3s)
  [dense_small d=0.005 bp lr=0.07 s0] step 2150/2150 val 0.9468 test 0.9454 loss 0.116 bo 0 (3s)
  -> results\p3\h3lr\dense_small_d0.005\bp_lr0.07.json val 0.9463 test 0.9457 acc0 0.116 backoffs 0 perturbed 9,706 (3s)
  [dense_small d=0.005 bp lr=0.035 s0] step 1000/2150 val 0.9342 test 0.9337 loss 0.190 bo 0 (2s)
  [dense_small d=0.005 bp lr=0.035 s0] step 2000/2150 val 0.9452 test 0.9447 loss 0.222 bo 0 (3s)
  [dense_small d=0.005 bp lr=0.035 s0] step 2150/2150 val 0.9440 test 0.9456 loss 0.123 bo 0 (3s)
  -> results\p3\h3lr\dense_small_d0.005\bp_lr0.035.json val 0.9444 test 0.9454 acc0 0.116 backoffs 0 perturbed 9,706 (3s)
  [dense_small d=0.005 bp lr=0.017 s0] step 1000/2150 val 0.9204 test 0.9286 loss 0.223 bo 0 (2s)
  [dense_small d=0.005 bp lr=0.017 s0] step 2000/2150 val 0.9380 test 0.9422 loss 0.261 bo 0 (3s)
  [dense_small d=0.005 bp lr=0.017 s0] step 2150/2150 val 0.9382 test 0.9425 loss 0.109 bo 0 (3s)
  -> results\p3\h3lr\dense_small_d0.005\bp_lr0.017.json val 0.9381 test 0.9424 acc0 0.116 backoffs 0 perturbed 9,706 (3s)
  [dense_small d=0.005 bp lr=0.008 s0] step 1000/2150 val 0.9172 test 0.9209 loss 0.290 bo 0 (1s)
  [dense_small d=0.005 bp lr=0.008 s0] step 2000/2150 val 0.9308 test 0.9329 loss 0.337 bo 0 (3s)
  [dense_small d=0.005 bp lr=0.008 s0] step 2150/2150 val 0.9308 test 0.9334 loss 0.154 bo 0 (3s)
  -> results\p3\h3lr\dense_small_d0.005\bp_lr0.008.json val 0.9308 test 0.9332 acc0 0.116 backoffs 0 perturbed 9,706 (3s)
  [dense_small d=0.005 bp lr=0.004 s0] step 1000/2150 val 0.9024 test 0.9090 loss 0.347 bo 0 (1s)
  [dense_small d=0.005 bp lr=0.004 s0] step 2000/2150 val 0.9192 test 0.9194 loss 0.423 bo 0 (3s)
  [dense_small d=0.005 bp lr=0.004 s0] step 2150/2150 val 0.9194 test 0.9201 loss 0.217 bo 0 (3s)
  -> results\p3\h3lr\dense_small_d0.005\bp_lr0.004.json val 0.9193 test 0.9199 acc0 0.116 backoffs 0 perturbed 9,706 (3s)
  [dense_small d=0.005 bp lr=0.002 s0] step 1000/2150 val 0.8790 test 0.8807 loss 0.436 bo 0 (1s)
  [dense_small d=0.005 bp lr=0.002 s0] step 2000/2150 val 0.8958 test 0.8991 loss 0.462 bo 0 (3s)
  [dense_small d=0.005 bp lr=0.002 s0] step 2150/2150 val 0.8954 test 0.8991 loss 0.293 bo 0 (3s)
  -> results\p3\h3lr\dense_small_d0.005\bp_lr0.002.json val 0.8955 test 0.8991 acc0 0.116 backoffs 0 perturbed 9,706 (3s)
  [dense_small d=0.005 bp lr=0.001 s0] step 1000/2150 val 0.8414 test 0.8502 loss 0.570 bo 0 (2s)
  [dense_small d=0.005 bp lr=0.001 s0] step 2000/2150 val 0.8624 test 0.8716 loss 0.504 bo 0 (3s)
  [dense_small d=0.005 bp lr=0.001 s0] step 2150/2150 val 0.8622 test 0.8719 loss 0.425 bo 0 (3s)
  -> results\p3\h3lr\dense_small_d0.005\bp_lr0.001.json val 0.8623 test 0.8718 acc0 0.116 backoffs 0 perturbed 9,706 (3s)
[lr3] dense_small_d0.005/bp -> (0.07, 0.9463333333333334, 0)
  [dense_small d=0.005 dfa s0] diverged at step 27: restore to 0 + lr -> 0.15 (backoff 1)
  [dense_small d=0.005 dfa s0] diverged at step 45: restore to 0 + lr -> 0.075 (backoff 2)
  [dense_small d=0.005 dfa s0] diverged at step 68: restore to 0 + lr -> 0.0375 (backoff 3)
  [dense_small d=0.005 dfa s0] diverged at step 145: restore to 0 + lr -> 0.01875 (backoff 4)
  [dense_small d=0.005 dfa s0] diverged at step 209: restore to 0 + lr -> 0.009375 (backoff 5)
  [dense_small d=0.005 dfa s0] FAILED after 5 backoffs at step 573
  -> results\p3\h3lr\dense_small_d0.005\dfa_lr0.3.json val 0.7850 test 0.7923 acc0 0.116 backoffs 6 perturbed 9,706 (1s)
  [dense_small d=0.005 dfa s0] diverged at step 42: restore to 0 + lr -> 0.075 (backoff 1)
  [dense_small d=0.005 dfa s0] diverged at step 62: restore to 0 + lr -> 0.0375 (backoff 2)
  [dense_small d=0.005 dfa s0] diverged at step 91: restore to 0 + lr -> 0.01875 (backoff 3)
  [dense_small d=0.005 dfa s0] diverged at step 304: restore to 100 + lr -> 0.009375 (backoff 4)
  [dense_small d=0.005 dfa s0] diverged at step 345: restore to 100 + lr -> 0.0046875 (backoff 5)
  [dense_small d=0.005 dfa lr=0.0046875 s0] step 1000/2150 val 0.8324 test 0.8269 loss 0.618 bo 5 (2s)
  [dense_small d=0.005 dfa lr=0.0046875 s0] step 2000/2150 val 0.9074 test 0.9076 loss 0.437 bo 5 (3s)
  [dense_small d=0.005 dfa lr=0.0046875 s0] step 2150/2150 val 0.9080 test 0.9085 loss 0.270 bo 5 (3s)
  -> results\p3\h3lr\dense_small_d0.005\dfa_lr0.15.json val 0.9080 test 0.9080 acc0 0.116 backoffs 5 perturbed 9,706 (3s)
  [dense_small d=0.005 dfa s0] diverged at step 56: restore to 0 + lr -> 0.035 (backoff 1)
  [dense_small d=0.005 dfa s0] diverged at step 86: restore to 0 + lr -> 0.0175 (backoff 2)
  [dense_small d=0.005 dfa s0] diverged at step 243: restore to 0 + lr -> 0.00875 (backoff 3)
  [dense_small d=0.005 dfa s0] diverged at step 450: restore to 200 + lr -> 0.004375 (backoff 4)
  [dense_small d=0.005 dfa lr=0.004375 s0] step 1000/2150 val 0.8780 test 0.8807 loss 0.444 bo 4 (2s)
  [dense_small d=0.005 dfa lr=0.004375 s0] step 2000/2150 val 0.9106 test 0.9099 loss 0.259 bo 4 (3s)
  [dense_small d=0.005 dfa lr=0.004375 s0] step 2150/2150 val 0.9114 test 0.9097 loss 0.428 bo 4 (3s)
  -> results\p3\h3lr\dense_small_d0.005\dfa_lr0.07.json val 0.9113 test 0.9098 acc0 0.116 backoffs 4 perturbed 9,706 (3s)
  [dense_small d=0.005 dfa s0] diverged at step 94: restore to 0 + lr -> 0.0175 (backoff 1)
  [dense_small d=0.005 dfa s0] diverged at step 248: restore to 0 + lr -> 0.00875 (backoff 2)
  [dense_small d=0.005 dfa s0] diverged at step 601: restore to 400 + lr -> 0.004375 (backoff 3)
  [dense_small d=0.005 dfa lr=0.004375 s0] step 1000/2150 val 0.8076 test 0.7992 loss 1.626 bo 3 (2s)
  [dense_small d=0.005 dfa lr=0.004375 s0] step 2000/2150 val 0.9076 test 0.9065 loss 0.280 bo 3 (3s)
  [dense_small d=0.005 dfa lr=0.004375 s0] step 2150/2150 val 0.9074 test 0.9070 loss 0.383 bo 3 (4s)
  -> results\p3\h3lr\dense_small_d0.005\dfa_lr0.035.json val 0.9079 test 0.9070 acc0 0.116 backoffs 3 perturbed 9,706 (4s)
  [dense_small d=0.005 dfa s0] diverged at step 254: restore to 0 + lr -> 0.0085 (backoff 1)
  [dense_small d=0.005 dfa lr=0.0085 s0] step 1000/2150 val 0.8192 test 0.8170 loss 14.323 bo 1 (2s)
  [dense_small d=0.005 dfa s0] diverged at step 1176: restore to 900 + lr -> 0.00425 (backoff 2)
  [dense_small d=0.005 dfa lr=0.00425 s0] step 1000/2150 val 0.8024 test 0.8034 loss 2.871 bo 2 (2s)
  [dense_small d=0.005 dfa lr=0.00425 s0] step 2000/2150 val 0.8956 test 0.8949 loss 0.550 bo 2 (3s)
  [dense_small d=0.005 dfa lr=0.00425 s0] step 2150/2150 val 0.8972 test 0.8993 loss 0.953 bo 2 (3s)
  -> results\p3\h3lr\dense_small_d0.005\dfa_lr0.017.json val 0.8967 test 0.8974 acc0 0.116 backoffs 2 perturbed 9,706 (3s)
  [dense_small d=0.005 dfa s0] diverged at step 467: restore to 200 + lr -> 0.004 (backoff 1)
  [dense_small d=0.005 dfa lr=0.004 s0] step 1000/2150 val 0.8884 test 0.8895 loss 0.292 bo 1 (2s)
  [dense_small d=0.005 dfa lr=0.004 s0] step 2000/2150 val 0.9104 test 0.9124 loss 0.450 bo 1 (3s)
  [dense_small d=0.005 dfa lr=0.004 s0] step 2150/2150 val 0.9098 test 0.9118 loss 0.352 bo 1 (3s)
  -> results\p3\h3lr\dense_small_d0.005\dfa_lr0.008.json val 0.9099 test 0.9120 acc0 0.116 backoffs 1 perturbed 9,706 (3s)
  [dense_small d=0.005 dfa lr=0.004 s0] step 1000/2150 val 0.8834 test 0.8875 loss 0.440 bo 0 (1s)
  [dense_small d=0.005 dfa lr=0.004 s0] step 2000/2150 val 0.9048 test 0.9068 loss 0.444 bo 0 (2s)
  [dense_small d=0.005 dfa lr=0.004 s0] step 2150/2150 val 0.9044 test 0.9058 loss 0.374 bo 0 (3s)
  -> results\p3\h3lr\dense_small_d0.005\dfa_lr0.004.json val 0.9045 test 0.9061 acc0 0.116 backoffs 0 perturbed 9,706 (3s)
  [dense_small d=0.005 dfa lr=0.002 s0] step 1000/2150 val 0.8826 test 0.8870 loss 0.420 bo 0 (1s)
  [dense_small d=0.005 dfa lr=0.002 s0] step 2000/2150 val 0.8950 test 0.9008 loss 0.481 bo 0 (2s)
  [dense_small d=0.005 dfa lr=0.002 s0] step 2150/2150 val 0.8958 test 0.8999 loss 0.357 bo 0 (3s)
  -> results\p3\h3lr\dense_small_d0.005\dfa_lr0.002.json val 0.8957 test 0.9001 acc0 0.116 backoffs 0 perturbed 9,706 (3s)
  [dense_small d=0.005 dfa lr=0.001 s0] step 1000/2150 val 0.8410 test 0.8475 loss 0.536 bo 0 (1s)
  [dense_small d=0.005 dfa lr=0.001 s0] step 2000/2150 val 0.8606 test 0.8669 loss 0.606 bo 0 (2s)
  [dense_small d=0.005 dfa lr=0.001 s0] step 2150/2150 val 0.8594 test 0.8659 loss 0.465 bo 0 (2s)
  -> results\p3\h3lr\dense_small_d0.005\dfa_lr0.001.json val 0.8599 test 0.8662 acc0 0.116 backoffs 0 perturbed 9,706 (2s)
[lr3] dense_small_d0.005/dfa -> (0.07, 0.9113333333333333, 4)
  [dense_small d=0.005 np s0] diverged at step 320: restore to 100 + lr -> 0.015 (backoff 1)
  [dense_small d=0.005 np s0] diverged at step 441: restore to 200 + lr -> 0.0075 (backoff 2)
  [dense_small d=0.005 np lr=0.0075 s0] step 1000/2150 val 0.6248 test 0.6455 loss 1.143 bo 2 (3s)
  [dense_small d=0.005 np lr=0.0075 s0] step 2000/2150 val 0.8038 test 0.8014 loss 0.748 bo 2 (5s)
  [dense_small d=0.005 np lr=0.0075 s0] step 2150/2150 val 0.8036 test 0.8043 loss 0.625 bo 2 (5s)
  -> results\p3\h3lr\dense_small_d0.005\np_lr0.03.json val 0.8038 test 0.8033 acc0 0.116 backoffs 2 perturbed 9,706 (5s)
  [dense_small d=0.005 np s0] diverged at step 541: restore to 300 + lr -> 0.0075 (backoff 1)
  [dense_small d=0.005 np lr=0.0075 s0] step 1000/2150 val 0.2494 test 0.2536 loss 1.980 bo 1 (2s)
  [dense_small d=0.005 np lr=0.0075 s0] step 2000/2150 val 0.3182 test 0.3304 loss 1.721 bo 1 (4s)
  [dense_small d=0.005 np lr=0.0075 s0] step 2150/2150 val 0.3184 test 0.3286 loss 1.842 bo 1 (4s)
  -> results\p3\h3lr\dense_small_d0.005\np_lr0.015.json val 0.3183 test 0.3290 acc0 0.116 backoffs 1 perturbed 9,706 (4s)
  [dense_small d=0.005 np lr=0.007 s0] step 1000/2150 val 0.4470 test 0.4525 loss 2.035 bo 0 (2s)
  [dense_small d=0.005 np lr=0.007 s0] step 2000/2150 val 0.4364 test 0.4462 loss 1.468 bo 0 (3s)
  [dense_small d=0.005 np lr=0.007 s0] step 2150/2150 val 0.4392 test 0.4471 loss 1.678 bo 0 (4s)
  -> results\p3\h3lr\dense_small_d0.005\np_lr0.007.json val 0.4373 test 0.4465 acc0 0.116 backoffs 0 perturbed 9,706 (4s)
  [dense_small d=0.005 np lr=0.0035 s0] step 1000/2150 val 0.8118 test 0.8154 loss 0.789 bo 0 (2s)
  [dense_small d=0.005 np lr=0.0035 s0] step 2000/2150 val 0.8764 test 0.8825 loss 0.374 bo 0 (3s)
  [dense_small d=0.005 np lr=0.0035 s0] step 2150/2150 val 0.8764 test 0.8823 loss 0.436 bo 0 (4s)
  -> results\p3\h3lr\dense_small_d0.005\np_lr0.0035.json val 0.8764 test 0.8824 acc0 0.116 backoffs 0 perturbed 9,706 (4s)
  [dense_small d=0.005 np lr=0.0017 s0] step 1000/2150 val 0.8384 test 0.8329 loss 0.650 bo 0 (2s)
  [dense_small d=0.005 np lr=0.0017 s0] step 2000/2150 val 0.8762 test 0.8752 loss 0.357 bo 0 (3s)
  [dense_small d=0.005 np lr=0.0017 s0] step 2150/2150 val 0.8778 test 0.8751 loss 0.492 bo 0 (4s)
  -> results\p3\h3lr\dense_small_d0.005\np_lr0.0017.json val 0.8772 test 0.8751 acc0 0.116 backoffs 0 perturbed 9,706 (4s)
  [dense_small d=0.005 np lr=0.0008 s0] step 1000/2150 val 0.7796 test 0.7848 loss 0.765 bo 0 (2s)
  [dense_small d=0.005 np lr=0.0008 s0] step 2000/2150 val 0.8370 test 0.8379 loss 0.533 bo 0 (4s)
  [dense_small d=0.005 np lr=0.0008 s0] step 2150/2150 val 0.8382 test 0.8374 loss 0.653 bo 0 (4s)
  -> results\p3\h3lr\dense_small_d0.005\np_lr0.0008.json val 0.8379 test 0.8375 acc0 0.116 backoffs 0 perturbed 9,706 (4s)
  [dense_small d=0.005 np lr=0.0004 s0] step 1000/2150 val 0.6692 test 0.6903 loss 1.336 bo 0 (2s)
  [dense_small d=0.005 np lr=0.0004 s0] step 2000/2150 val 0.7556 test 0.7695 loss 0.846 bo 0 (4s)
  [dense_small d=0.005 np lr=0.0004 s0] step 2150/2150 val 0.7554 test 0.7696 loss 0.930 bo 0 (4s)
  -> results\p3\h3lr\dense_small_d0.005\np_lr0.0004.json val 0.7554 test 0.7696 acc0 0.116 backoffs 0 perturbed 9,706 (4s)
  [dense_small d=0.005 np lr=0.0002 s0] step 1000/2150 val 0.4474 test 0.4658 loss 2.003 bo 0 (2s)
  [dense_small d=0.005 np lr=0.0002 s0] step 2000/2150 val 0.5220 test 0.5397 loss 1.642 bo 0 (3s)
  [dense_small d=0.005 np lr=0.0002 s0] step 2150/2150 val 0.5226 test 0.5399 loss 1.676 bo 0 (4s)
  -> results\p3\h3lr\dense_small_d0.005\np_lr0.0002.json val 0.5225 test 0.5398 acc0 0.116 backoffs 0 perturbed 9,706 (4s)
  [dense_small d=0.005 np lr=0.0001 s0] step 1000/2150 val 0.2006 test 0.2213 loss 2.219 bo 0 (2s)
  [dense_small d=0.005 np lr=0.0001 s0] step 2000/2150 val 0.3160 test 0.3459 loss 2.149 bo 0 (3s)
  [dense_small d=0.005 np lr=0.0001 s0] step 2150/2150 val 0.3170 test 0.3467 loss 2.151 bo 0 (3s)
  -> results\p3\h3lr\dense_small_d0.005\np_lr0.0001.json val 0.3167 test 0.3464 acc0 0.116 backoffs 0 perturbed 9,706 (3s)
[lr3] dense_small_d0.005/np -> (0.0017, 0.8772000000000001, 0)
  [dense_small d=0.005 fg s0] diverged at step 178: restore to 0 + lr -> 0.015 (backoff 1)
  [dense_small d=0.005 fg s0] diverged at step 510: restore to 300 + lr -> 0.0075 (backoff 2)
  [dense_small d=0.005 fg lr=0.0075 s0] step 1000/2150 val 0.1094 test 0.1135 loss 2.334 bo 2 (19s)
  [dense_small d=0.005 fg lr=0.0075 s0] step 2000/2150 val 0.0956 test 0.1027 loss 2.310 bo 2 (33s)
  [dense_small d=0.005 fg lr=0.0075 s0] step 2150/2150 val 0.0956 test 0.1027 loss 2.309 bo 2 (35s)
  -> results\p3\h3lr\dense_small_d0.005\fg_lr0.03.json val 0.0956 test 0.1027 acc0 0.116 backoffs 2 perturbed 9,706 (35s)
  [dense_small d=0.005 fg lr=0.015 s0] step 1000/2150 val 0.1142 test 0.1191 loss 2.284 bo 0 (14s)
  [dense_small d=0.005 fg lr=0.015 s0] step 2000/2150 val 0.1188 test 0.1231 loss 2.305 bo 0 (27s)
  [dense_small d=0.005 fg lr=0.015 s0] step 2150/2150 val 0.1190 test 0.1232 loss 2.275 bo 0 (30s)
  -> results\p3\h3lr\dense_small_d0.005\fg_lr0.015.json val 0.1189 test 0.1232 acc0 0.116 backoffs 0 perturbed 9,706 (30s)
  [dense_small d=0.005 fg lr=0.007 s0] step 1000/2150 val 0.0964 test 0.0979 loss 2.469 bo 0 (14s)
  [dense_small d=0.005 fg lr=0.007 s0] step 2000/2150 val 0.1084 test 0.1010 loss 2.306 bo 0 (28s)
  [dense_small d=0.005 fg lr=0.007 s0] step 2150/2150 val 0.1084 test 0.1010 loss 2.336 bo 0 (30s)
  -> results\p3\h3lr\dense_small_d0.005\fg_lr0.007.json val 0.1084 test 0.1010 acc0 0.116 backoffs 0 perturbed 9,706 (30s)
  [dense_small d=0.005 fg lr=0.0035 s0] step 1000/2150 val 0.3464 test 0.3669 loss 1.814 bo 0 (14s)
  [dense_small d=0.005 fg lr=0.0035 s0] step 2000/2150 val 0.4030 test 0.4132 loss 1.601 bo 0 (27s)
  [dense_small d=0.005 fg lr=0.0035 s0] step 2150/2150 val 0.4022 test 0.4141 loss 1.668 bo 0 (29s)
  -> results\p3\h3lr\dense_small_d0.005\fg_lr0.0035.json val 0.4025 test 0.4138 acc0 0.116 backoffs 0 perturbed 9,706 (29s)
  [dense_small d=0.005 fg lr=0.0017 s0] step 1000/2150 val 0.5896 test 0.5899 loss 1.416 bo 0 (14s)
  [dense_small d=0.005 fg lr=0.0017 s0] step 2000/2150 val 0.7042 test 0.7144 loss 1.171 bo 0 (27s)
  [dense_small d=0.005 fg lr=0.0017 s0] step 2150/2150 val 0.7054 test 0.7160 loss 0.924 bo 0 (29s)
  -> results\p3\h3lr\dense_small_d0.005\fg_lr0.0017.json val 0.7050 test 0.7154 acc0 0.116 backoffs 0 perturbed 9,706 (29s)
  [dense_small d=0.005 fg lr=0.0008 s0] step 1000/2150 val 0.7610 test 0.7721 loss 0.866 bo 0 (14s)
  [dense_small d=0.005 fg lr=0.0008 s0] step 2000/2150 val 0.8074 test 0.8166 loss 0.737 bo 0 (28s)
  [dense_small d=0.005 fg lr=0.0008 s0] step 2150/2150 val 0.8070 test 0.8170 loss 0.660 bo 0 (30s)
  -> results\p3\h3lr\dense_small_d0.005\fg_lr0.0008.json val 0.8071 test 0.8168 acc0 0.116 backoffs 0 perturbed 9,706 (30s)
  [dense_small d=0.005 fg lr=0.0004 s0] step 1000/2150 val 0.6506 test 0.6674 loss 1.333 bo 0 (14s)
  [dense_small d=0.005 fg lr=0.0004 s0] step 2000/2150 val 0.7702 test 0.7801 loss 0.956 bo 0 (28s)
  [dense_small d=0.005 fg lr=0.0004 s0] step 2150/2150 val 0.7696 test 0.7807 loss 0.839 bo 0 (30s)
  -> results\p3\h3lr\dense_small_d0.005\fg_lr0.0004.json val 0.7698 test 0.7805 acc0 0.116 backoffs 0 perturbed 9,706 (30s)
  [dense_small d=0.005 fg lr=0.0002 s0] step 1000/2150 val 0.3264 test 0.3388 loss 2.043 bo 0 (14s)
  [dense_small d=0.005 fg lr=0.0002 s0] step 2000/2150 val 0.5426 test 0.5588 loss 1.769 bo 0 (28s)
  [dense_small d=0.005 fg lr=0.0002 s0] step 2150/2150 val 0.5438 test 0.5599 loss 1.714 bo 0 (30s)
  -> results\p3\h3lr\dense_small_d0.005\fg_lr0.0002.json val 0.5434 test 0.5595 acc0 0.116 backoffs 0 perturbed 9,706 (30s)
  [dense_small d=0.005 fg lr=0.0001 s0] step 1000/2150 val 0.2244 test 0.2503 loss 2.230 bo 0 (14s)
  [dense_small d=0.005 fg lr=0.0001 s0] step 2000/2150 val 0.2966 test 0.3136 loss 2.162 bo 0 (28s)
  [dense_small d=0.005 fg lr=0.0001 s0] step 2150/2150 val 0.2968 test 0.3136 loss 2.165 bo 0 (30s)
  -> results\p3\h3lr\dense_small_d0.005\fg_lr0.0001.json val 0.2967 test 0.3136 acc0 0.116 backoffs 0 perturbed 9,706 (30s)
[lr3] dense_small_d0.005/fg -> (0.0008, 0.8071333333333334, 0)
  [pruned_reinit d=0.005 bp lr=0.3 s0] step 1000/2150 val 0.9544 test 0.9557 loss 0.074 bo 0 (2s)
  [pruned_reinit d=0.005 bp lr=0.3 s0] step 2000/2150 val 0.9722 test 0.9733 loss 0.102 bo 0 (4s)
  [pruned_reinit d=0.005 bp lr=0.3 s0] step 2150/2150 val 0.9730 test 0.9741 loss 0.064 bo 0 (4s)
  -> results\p3\h3lr\pruned_reinit_d0.005\bp_lr0.3.json val 0.9727 test 0.9738 acc0 0.101 backoffs 0 perturbed 10,354 (4s)
  [pruned_reinit d=0.005 bp lr=0.15 s0] step 1000/2150 val 0.9508 test 0.9555 loss 0.102 bo 0 (2s)
  [pruned_reinit d=0.005 bp lr=0.15 s0] step 2000/2150 val 0.9630 test 0.9659 loss 0.145 bo 0 (4s)
  [pruned_reinit d=0.005 bp lr=0.15 s0] step 2150/2150 val 0.9634 test 0.9655 loss 0.131 bo 0 (4s)
  -> results\p3\h3lr\pruned_reinit_d0.005\bp_lr0.15.json val 0.9633 test 0.9656 acc0 0.101 backoffs 0 perturbed 10,354 (4s)
  [pruned_reinit d=0.005 bp lr=0.07 s0] step 1000/2150 val 0.9322 test 0.9404 loss 0.173 bo 0 (2s)
  [pruned_reinit d=0.005 bp lr=0.07 s0] step 2000/2150 val 0.9498 test 0.9530 loss 0.168 bo 0 (4s)
  [pruned_reinit d=0.005 bp lr=0.07 s0] step 2150/2150 val 0.9490 test 0.9530 loss 0.226 bo 0 (4s)
  -> results\p3\h3lr\pruned_reinit_d0.005\bp_lr0.07.json val 0.9493 test 0.9530 acc0 0.101 backoffs 0 perturbed 10,354 (4s)
  [pruned_reinit d=0.005 bp lr=0.035 s0] step 1000/2150 val 0.9102 test 0.9164 loss 0.261 bo 0 (2s)
  [pruned_reinit d=0.005 bp lr=0.035 s0] step 2000/2150 val 0.9300 test 0.9341 loss 0.253 bo 0 (3s)
  [pruned_reinit d=0.005 bp lr=0.035 s0] step 2150/2150 val 0.9308 test 0.9335 loss 0.271 bo 0 (4s)
  -> results\p3\h3lr\pruned_reinit_d0.005\bp_lr0.035.json val 0.9305 test 0.9337 acc0 0.101 backoffs 0 perturbed 10,354 (4s)
  [pruned_reinit d=0.005 bp lr=0.017 s0] step 1000/2150 val 0.8314 test 0.8349 loss 0.516 bo 0 (2s)
  [pruned_reinit d=0.005 bp lr=0.017 s0] step 2000/2150 val 0.8926 test 0.8912 loss 0.382 bo 0 (3s)
  [pruned_reinit d=0.005 bp lr=0.017 s0] step 2150/2150 val 0.8920 test 0.8915 loss 0.330 bo 0 (4s)
  -> results\p3\h3lr\pruned_reinit_d0.005\bp_lr0.017.json val 0.8922 test 0.8914 acc0 0.101 backoffs 0 perturbed 10,354 (4s)
  [pruned_reinit d=0.005 bp lr=0.008 s0] step 1000/2150 val 0.2486 test 0.2531 loss 2.148 bo 0 (2s)
  [pruned_reinit d=0.005 bp lr=0.008 s0] step 2000/2150 val 0.6900 test 0.6939 loss 0.847 bo 0 (4s)
  [pruned_reinit d=0.005 bp lr=0.008 s0] step 2150/2150 val 0.6896 test 0.6950 loss 0.909 bo 0 (4s)
  -> results\p3\h3lr\pruned_reinit_d0.005\bp_lr0.008.json val 0.6897 test 0.6946 acc0 0.101 backoffs 0 perturbed 10,354 (4s)
  [pruned_reinit d=0.005 bp lr=0.004 s0] step 1000/2150 val 0.1094 test 0.1135 loss 2.294 bo 0 (2s)
  [pruned_reinit d=0.005 bp lr=0.004 s0] step 2000/2150 val 0.1094 test 0.1135 loss 2.278 bo 0 (4s)
  [pruned_reinit d=0.005 bp lr=0.004 s0] step 2150/2150 val 0.1094 test 0.1135 loss 2.292 bo 0 (4s)
  -> results\p3\h3lr\pruned_reinit_d0.005\bp_lr0.004.json val 0.1094 test 0.1135 acc0 0.101 backoffs 0 perturbed 10,354 (4s)
  [pruned_reinit d=0.005 bp lr=0.002 s0] step 1000/2150 val 0.1094 test 0.1135 loss 2.297 bo 0 (2s)
  [pruned_reinit d=0.005 bp lr=0.002 s0] step 2000/2150 val 0.1094 test 0.1135 loss 2.287 bo 0 (4s)
  [pruned_reinit d=0.005 bp lr=0.002 s0] step 2150/2150 val 0.1094 test 0.1135 loss 2.299 bo 0 (4s)
  -> results\p3\h3lr\pruned_reinit_d0.005\bp_lr0.002.json val 0.1094 test 0.1135 acc0 0.101 backoffs 0 perturbed 10,354 (4s)
  [pruned_reinit d=0.005 bp lr=0.001 s0] step 1000/2150 val 0.1094 test 0.1135 loss 2.298 bo 0 (2s)
  [pruned_reinit d=0.005 bp lr=0.001 s0] step 2000/2150 val 0.1094 test 0.1135 loss 2.291 bo 0 (4s)
  [pruned_reinit d=0.005 bp lr=0.001 s0] step 2150/2150 val 0.1094 test 0.1135 loss 2.300 bo 0 (4s)
  -> results\p3\h3lr\pruned_reinit_d0.005\bp_lr0.001.json val 0.1094 test 0.1135 acc0 0.101 backoffs 0 perturbed 10,354 (4s)
[lr3] pruned_reinit_d0.005/bp -> (0.3, 0.9727333333333332, 0)
  [pruned_reinit d=0.005 dfa s0] diverged at step 90: restore to 0 + lr -> 0.15 (backoff 1)
  [pruned_reinit d=0.005 dfa s0] diverged at step 184: restore to 0 + lr -> 0.075 (backoff 2)
  [pruned_reinit d=0.005 dfa s0] diverged at step 372: restore to 100 + lr -> 0.0375 (backoff 3)
  [pruned_reinit d=0.005 dfa lr=0.0375 s0] step 1000/2150 val 0.8922 test 0.9062 loss 4.035 bo 3 (3s)
  [pruned_reinit d=0.005 dfa s0] diverged at step 1050: restore to 800 + lr -> 0.01875 (backoff 4)
  [pruned_reinit d=0.005 dfa lr=0.01875 s0] step 1000/2150 val 0.9046 test 0.9138 loss 2.341 bo 4 (3s)
  [pruned_reinit d=0.005 dfa lr=0.01875 s0] step 2000/2150 val 0.9266 test 0.9324 loss 1.652 bo 4 (4s)
  [pruned_reinit d=0.005 dfa lr=0.01875 s0] step 2150/2150 val 0.9278 test 0.9317 loss 0.219 bo 4 (5s)
  -> results\p3\h3lr\pruned_reinit_d0.005\dfa_lr0.3.json val 0.9274 test 0.9321 acc0 0.101 backoffs 4 perturbed 10,354 (5s)
  [pruned_reinit d=0.005 dfa s0] diverged at step 182: restore to 0 + lr -> 0.075 (backoff 1)
  [pruned_reinit d=0.005 dfa s0] diverged at step 381: restore to 100 + lr -> 0.0375 (backoff 2)
  [pruned_reinit d=0.005 dfa lr=0.0375 s0] step 1000/2150 val 0.8172 test 0.8189 loss 7.034 bo 2 (2s)
  [pruned_reinit d=0.005 dfa lr=0.0375 s0] step 2000/2150 val 0.9340 test 0.9335 loss 1.228 bo 2 (4s)
  [pruned_reinit d=0.005 dfa lr=0.0375 s0] step 2150/2150 val 0.9366 test 0.9326 loss 0.983 bo 2 (4s)
  -> results\p3\h3lr\pruned_reinit_d0.005\dfa_lr0.15.json val 0.9358 test 0.9329 acc0 0.101 backoffs 2 perturbed 10,354 (4s)
  [pruned_reinit d=0.005 dfa s0] diverged at step 417: restore to 200 + lr -> 0.035 (backoff 1)
  [pruned_reinit d=0.005 dfa lr=0.035 s0] step 1000/2150 val 0.9000 test 0.9036 loss 2.375 bo 1 (2s)
  [pruned_reinit d=0.005 dfa lr=0.035 s0] step 2000/2150 val 0.9280 test 0.9345 loss 0.844 bo 1 (3s)
  [pruned_reinit d=0.005 dfa lr=0.035 s0] step 2150/2150 val 0.9324 test 0.9375 loss 0.790 bo 1 (3s)
  -> results\p3\h3lr\pruned_reinit_d0.005\dfa_lr0.07.json val 0.9307 test 0.9365 acc0 0.101 backoffs 1 perturbed 10,354 (3s)
  [pruned_reinit d=0.005 dfa lr=0.035 s0] step 1000/2150 val 0.9020 test 0.8993 loss 0.914 bo 0 (1s)
  [pruned_reinit d=0.005 dfa lr=0.035 s0] step 2000/2150 val 0.9394 test 0.9399 loss 1.090 bo 0 (3s)
  [pruned_reinit d=0.005 dfa lr=0.035 s0] step 2150/2150 val 0.9398 test 0.9410 loss 0.356 bo 0 (3s)
  -> results\p3\h3lr\pruned_reinit_d0.005\dfa_lr0.035.json val 0.9395 test 0.9407 acc0 0.101 backoffs 0 perturbed 10,354 (3s)
  [pruned_reinit d=0.005 dfa lr=0.017 s0] step 1000/2150 val 0.9122 test 0.9183 loss 0.282 bo 0 (1s)
  [pruned_reinit d=0.005 dfa lr=0.017 s0] step 2000/2150 val 0.9362 test 0.9363 loss 0.342 bo 0 (3s)
  [pruned_reinit d=0.005 dfa lr=0.017 s0] step 2150/2150 val 0.9372 test 0.9369 loss 0.187 bo 0 (3s)
  -> results\p3\h3lr\pruned_reinit_d0.005\dfa_lr0.017.json val 0.9367 test 0.9367 acc0 0.101 backoffs 0 perturbed 10,354 (3s)
  [pruned_reinit d=0.005 dfa lr=0.008 s0] step 1000/2150 val 0.9004 test 0.9051 loss 0.326 bo 0 (2s)
  [pruned_reinit d=0.005 dfa lr=0.008 s0] step 2000/2150 val 0.9178 test 0.9210 loss 0.351 bo 0 (3s)
  [pruned_reinit d=0.005 dfa lr=0.008 s0] step 2150/2150 val 0.9180 test 0.9210 loss 0.257 bo 0 (3s)
  -> results\p3\h3lr\pruned_reinit_d0.005\dfa_lr0.008.json val 0.9179 test 0.9210 acc0 0.101 backoffs 0 perturbed 10,354 (3s)
  [pruned_reinit d=0.005 dfa lr=0.004 s0] step 1000/2150 val 0.8764 test 0.8791 loss 0.410 bo 0 (1s)
  [pruned_reinit d=0.005 dfa lr=0.004 s0] step 2000/2150 val 0.8954 test 0.8961 loss 0.395 bo 0 (3s)
  [pruned_reinit d=0.005 dfa lr=0.004 s0] step 2150/2150 val 0.8948 test 0.8955 loss 0.342 bo 0 (3s)
  -> results\p3\h3lr\pruned_reinit_d0.005\dfa_lr0.004.json val 0.8950 test 0.8957 acc0 0.101 backoffs 0 perturbed 10,354 (3s)
  [pruned_reinit d=0.005 dfa lr=0.002 s0] step 1000/2150 val 0.8244 test 0.8333 loss 0.566 bo 0 (1s)
  [pruned_reinit d=0.005 dfa lr=0.002 s0] step 2000/2150 val 0.8566 test 0.8600 loss 0.467 bo 0 (3s)
  [pruned_reinit d=0.005 dfa lr=0.002 s0] step 2150/2150 val 0.8568 test 0.8595 loss 0.441 bo 0 (3s)
  -> results\p3\h3lr\pruned_reinit_d0.005\dfa_lr0.002.json val 0.8567 test 0.8597 acc0 0.101 backoffs 0 perturbed 10,354 (3s)
  [pruned_reinit d=0.005 dfa lr=0.001 s0] step 1000/2150 val 0.7098 test 0.7144 loss 0.881 bo 0 (1s)
  [pruned_reinit d=0.005 dfa lr=0.001 s0] step 2000/2150 val 0.7994 test 0.8025 loss 0.626 bo 0 (3s)
  [pruned_reinit d=0.005 dfa lr=0.001 s0] step 2150/2150 val 0.7990 test 0.8026 loss 0.629 bo 0 (3s)
  -> results\p3\h3lr\pruned_reinit_d0.005\dfa_lr0.001.json val 0.7991 test 0.8026 acc0 0.101 backoffs 0 perturbed 10,354 (3s)
[lr3] pruned_reinit_d0.005/dfa -> (0.035, 0.9394666666666667, 0)
  [pruned_reinit d=0.005 np s0] diverged at step 300: restore to 0 + lr -> 0.015 (backoff 1)
  [pruned_reinit d=0.005 np s0] diverged at step 454: restore to 200 + lr -> 0.0075 (backoff 2)
  [pruned_reinit d=0.005 np lr=0.0075 s0] step 1000/2150 val 0.5084 test 0.5149 loss 4.784 bo 2 (3s)
  [pruned_reinit d=0.005 np s0] diverged at step 1025: restore to 800 + lr -> 0.00375 (backoff 3)
  [pruned_reinit d=0.005 np lr=0.00375 s0] step 1000/2150 val 0.7136 test 0.7297 loss 1.051 bo 3 (3s)
  [pruned_reinit d=0.005 np lr=0.00375 s0] step 2000/2150 val 0.8514 test 0.8532 loss 0.495 bo 3 (5s)
  [pruned_reinit d=0.005 np lr=0.00375 s0] step 2150/2150 val 0.8508 test 0.8532 loss 0.393 bo 3 (6s)
  -> results\p3\h3lr\pruned_reinit_d0.005\np_lr0.03.json val 0.8513 test 0.8532 acc0 0.101 backoffs 3 perturbed 10,354 (6s)
  [pruned_reinit d=0.005 np s0] diverged at step 463: restore to 200 + lr -> 0.0075 (backoff 1)
  [pruned_reinit d=0.005 np lr=0.0075 s0] step 1000/2150 val 0.6444 test 0.6492 loss 2.357 bo 1 (3s)
  [pruned_reinit d=0.005 np s0] diverged at step 1131: restore to 900 + lr -> 0.00375 (backoff 2)
  [pruned_reinit d=0.005 np lr=0.00375 s0] step 1000/2150 val 0.7506 test 0.7514 loss 1.029 bo 2 (3s)
  [pruned_reinit d=0.005 np lr=0.00375 s0] step 2000/2150 val 0.8544 test 0.8605 loss 0.566 bo 2 (6s)
  [pruned_reinit d=0.005 np lr=0.00375 s0] step 2150/2150 val 0.8554 test 0.8626 loss 0.413 bo 2 (6s)
  -> results\p3\h3lr\pruned_reinit_d0.005\np_lr0.015.json val 0.8552 test 0.8619 acc0 0.101 backoffs 2 perturbed 10,354 (6s)
  [pruned_reinit d=0.005 np lr=0.007 s0] step 1000/2150 val 0.7262 test 0.7304 loss 0.834 bo 0 (2s)
  [pruned_reinit d=0.005 np lr=0.007 s0] step 2000/2150 val 0.8142 test 0.8287 loss 0.719 bo 0 (4s)
  [pruned_reinit d=0.005 np lr=0.007 s0] step 2150/2150 val 0.8156 test 0.8320 loss 0.614 bo 0 (4s)
  -> results\p3\h3lr\pruned_reinit_d0.005\np_lr0.007.json val 0.8151 test 0.8307 acc0 0.101 backoffs 0 perturbed 10,354 (4s)
  [pruned_reinit d=0.005 np lr=0.0035 s0] step 1000/2150 val 0.4044 test 0.4208 loss 1.924 bo 0 (2s)
  [pruned_reinit d=0.005 np lr=0.0035 s0] step 2000/2150 val 0.7384 test 0.7611 loss 0.935 bo 0 (4s)
  [pruned_reinit d=0.005 np lr=0.0035 s0] step 2150/2150 val 0.7414 test 0.7601 loss 0.870 bo 0 (4s)
  -> results\p3\h3lr\pruned_reinit_d0.005\np_lr0.0035.json val 0.7404 test 0.7605 acc0 0.101 backoffs 0 perturbed 10,354 (4s)
  [pruned_reinit d=0.005 np lr=0.0017 s0] step 1000/2150 val 0.1094 test 0.1135 loss 2.299 bo 0 (2s)
  [pruned_reinit d=0.005 np lr=0.0017 s0] step 2000/2150 val 0.1312 test 0.1385 loss 2.291 bo 0 (4s)
  [pruned_reinit d=0.005 np lr=0.0017 s0] step 2150/2150 val 0.1322 test 0.1390 loss 2.290 bo 0 (4s)
  -> results\p3\h3lr\pruned_reinit_d0.005\np_lr0.0017.json val 0.1318 test 0.1388 acc0 0.101 backoffs 0 perturbed 10,354 (4s)
  [pruned_reinit d=0.005 np lr=0.0008 s0] step 1000/2150 val 0.1094 test 0.1135 loss 2.302 bo 0 (2s)
  [pruned_reinit d=0.005 np lr=0.0008 s0] step 2000/2150 val 0.1094 test 0.1135 loss 2.302 bo 0 (5s)
  [pruned_reinit d=0.005 np lr=0.0008 s0] step 2150/2150 val 0.1094 test 0.1135 loss 2.304 bo 0 (5s)
  -> results\p3\h3lr\pruned_reinit_d0.005\np_lr0.0008.json val 0.1094 test 0.1135 acc0 0.101 backoffs 0 perturbed 10,354 (5s)
  [pruned_reinit d=0.005 np lr=0.0004 s0] step 1000/2150 val 0.1094 test 0.1135 loss 2.302 bo 0 (2s)
  [pruned_reinit d=0.005 np lr=0.0004 s0] step 2000/2150 val 0.1094 test 0.1135 loss 2.302 bo 0 (4s)
  [pruned_reinit d=0.005 np lr=0.0004 s0] step 2150/2150 val 0.1094 test 0.1135 loss 2.304 bo 0 (4s)
  -> results\p3\h3lr\pruned_reinit_d0.005\np_lr0.0004.json val 0.1094 test 0.1135 acc0 0.101 backoffs 0 perturbed 10,354 (4s)
  [pruned_reinit d=0.005 np lr=0.0002 s0] step 1000/2150 val 0.1094 test 0.1135 loss 2.303 bo 0 (2s)
  [pruned_reinit d=0.005 np lr=0.0002 s0] step 2000/2150 val 0.1094 test 0.1135 loss 2.302 bo 0 (4s)
  [pruned_reinit d=0.005 np lr=0.0002 s0] step 2150/2150 val 0.1094 test 0.1135 loss 2.304 bo 0 (4s)
  -> results\p3\h3lr\pruned_reinit_d0.005\np_lr0.0002.json val 0.1094 test 0.1135 acc0 0.101 backoffs 0 perturbed 10,354 (4s)
  [pruned_reinit d=0.005 np lr=0.0001 s0] step 1000/2150 val 0.1094 test 0.1135 loss 2.303 bo 0 (2s)
  [pruned_reinit d=0.005 np lr=0.0001 s0] step 2000/2150 val 0.1094 test 0.1135 loss 2.302 bo 0 (4s)
  [pruned_reinit d=0.005 np lr=0.0001 s0] step 2150/2150 val 0.1094 test 0.1135 loss 2.304 bo 0 (4s)
  -> results\p3\h3lr\pruned_reinit_d0.005\np_lr0.0001.json val 0.1094 test 0.1135 acc0 0.101 backoffs 0 perturbed 10,354 (4s)
[lr3] pruned_reinit_d0.005/np -> (0.015, 0.8552, 2)
  [pruned_reinit d=0.005 fg s0] diverged at step 379: restore to 100 + lr -> 0.015 (backoff 1)
  [pruned_reinit d=0.005 fg s0] diverged at step 548: restore to 300 + lr -> 0.0075 (backoff 2)
  [pruned_reinit d=0.005 fg s0] diverged at step 952: restore to 700 + lr -> 0.00375 (backoff 3)
  [pruned_reinit d=0.005 fg lr=0.00375 s0] step 1000/2150 val 0.7276 test 0.7341 loss 0.975 bo 3 (47s)
  [pruned_reinit d=0.005 fg lr=0.00375 s0] step 2000/2150 val 0.8282 test 0.8307 loss 0.506 bo 3 (74s)
  [pruned_reinit d=0.005 fg lr=0.00375 s0] step 2150/2150 val 0.8280 test 0.8305 loss 0.552 bo 3 (77s)
  -> results\p3\h3lr\pruned_reinit_d0.005\fg_lr0.03.json val 0.8281 test 0.8306 acc0 0.101 backoffs 3 perturbed 10,354 (77s)
  [pruned_reinit d=0.005 fg s0] diverged at step 562: restore to 300 + lr -> 0.0075 (backoff 1)
  [pruned_reinit d=0.005 fg lr=0.0075 s0] step 1000/2150 val 0.5156 test 0.5147 loss 2.135 bo 1 (34s)
  [pruned_reinit d=0.005 fg s0] diverged at step 1049: restore to 800 + lr -> 0.00375 (backoff 2)
  [pruned_reinit d=0.005 fg lr=0.00375 s0] step 1000/2150 val 0.7174 test 0.7290 loss 0.906 bo 2 (40s)
  [pruned_reinit d=0.005 fg lr=0.00375 s0] step 2000/2150 val 0.8134 test 0.8156 loss 0.601 bo 2 (67s)
  [pruned_reinit d=0.005 fg lr=0.00375 s0] step 2150/2150 val 0.8130 test 0.8160 loss 0.545 bo 2 (71s)
  -> results\p3\h3lr\pruned_reinit_d0.005\fg_lr0.015.json val 0.8131 test 0.8159 acc0 0.101 backoffs 2 perturbed 10,354 (71s)
  [pruned_reinit d=0.005 fg lr=0.007 s0] step 1000/2150 val 0.5856 test 0.5832 loss 1.250 bo 0 (26s)
  [pruned_reinit d=0.005 fg lr=0.007 s0] step 2000/2150 val 0.7976 test 0.8085 loss 0.551 bo 0 (53s)
  [pruned_reinit d=0.005 fg lr=0.007 s0] step 2150/2150 val 0.7996 test 0.8090 loss 0.594 bo 0 (57s)
  -> results\p3\h3lr\pruned_reinit_d0.005\fg_lr0.007.json val 0.7991 test 0.8088 acc0 0.101 backoffs 0 perturbed 10,354 (57s)
  [pruned_reinit d=0.005 fg lr=0.0035 s0] step 1000/2150 val 0.1094 test 0.1135 loss 2.289 bo 0 (26s)
  [pruned_reinit d=0.005 fg lr=0.0035 s0] step 2000/2150 val 0.2706 test 0.2828 loss 2.261 bo 0 (52s)
  [pruned_reinit d=0.005 fg lr=0.0035 s0] step 2150/2150 val 0.2726 test 0.2837 loss 2.269 bo 0 (56s)
  -> results\p3\h3lr\pruned_reinit_d0.005\fg_lr0.0035.json val 0.2719 test 0.2834 acc0 0.101 backoffs 0 perturbed 10,354 (56s)
  [pruned_reinit d=0.005 fg lr=0.0017 s0] step 1000/2150 val 0.1094 test 0.1135 loss 2.295 bo 0 (26s)
  [pruned_reinit d=0.005 fg lr=0.0017 s0] step 2000/2150 val 0.1094 test 0.1135 loss 2.302 bo 0 (53s)
  [pruned_reinit d=0.005 fg lr=0.0017 s0] step 2150/2150 val 0.1094 test 0.1135 loss 2.304 bo 0 (57s)
  -> results\p3\h3lr\pruned_reinit_d0.005\fg_lr0.0017.json val 0.1094 test 0.1135 acc0 0.101 backoffs 0 perturbed 10,354 (57s)
  [pruned_reinit d=0.005 fg lr=0.0008 s0] step 1000/2150 val 0.1094 test 0.1135 loss 2.297 bo 0 (26s)
  [pruned_reinit d=0.005 fg lr=0.0008 s0] step 2000/2150 val 0.1094 test 0.1135 loss 2.301 bo 0 (53s)
  [pruned_reinit d=0.005 fg lr=0.0008 s0] step 2150/2150 val 0.1094 test 0.1135 loss 2.304 bo 0 (57s)
  -> results\p3\h3lr\pruned_reinit_d0.005\fg_lr0.0008.json val 0.1094 test 0.1135 acc0 0.101 backoffs 0 perturbed 10,354 (57s)
  [pruned_reinit d=0.005 fg lr=0.0004 s0] step 1000/2150 val 0.1094 test 0.1135 loss 2.299 bo 0 (26s)
  [pruned_reinit d=0.005 fg lr=0.0004 s0] step 2000/2150 val 0.1094 test 0.1135 loss 2.300 bo 0 (53s)
  [pruned_reinit d=0.005 fg lr=0.0004 s0] step 2150/2150 val 0.1094 test 0.1135 loss 2.303 bo 0 (57s)
  -> results\p3\h3lr\pruned_reinit_d0.005\fg_lr0.0004.json val 0.1094 test 0.1135 acc0 0.101 backoffs 0 perturbed 10,354 (57s)
  [pruned_reinit d=0.005 fg lr=0.0002 s0] step 1000/2150 val 0.1094 test 0.1135 loss 2.300 bo 0 (26s)
  [pruned_reinit d=0.005 fg lr=0.0002 s0] step 2000/2150 val 0.1094 test 0.1135 loss 2.300 bo 0 (53s)
  [pruned_reinit d=0.005 fg lr=0.0002 s0] step 2150/2150 val 0.1094 test 0.1135 loss 2.303 bo 0 (57s)
  -> results\p3\h3lr\pruned_reinit_d0.005\fg_lr0.0002.json val 0.1094 test 0.1135 acc0 0.101 backoffs 0 perturbed 10,354 (57s)
  [pruned_reinit d=0.005 fg lr=0.0001 s0] step 1000/2150 val 0.1084 test 0.1010 loss 2.301 bo 0 (26s)
  [pruned_reinit d=0.005 fg lr=0.0001 s0] step 2000/2150 val 0.1346 test 0.1371 loss 2.299 bo 0 (53s)
  [pruned_reinit d=0.005 fg lr=0.0001 s0] step 2150/2150 val 0.1340 test 0.1365 loss 2.303 bo 0 (57s)
  -> results\p3\h3lr\pruned_reinit_d0.005\fg_lr0.0001.json val 0.1342 test 0.1367 acc0 0.101 backoffs 0 perturbed 10,354 (57s)
[lr3] pruned_reinit_d0.005/fg -> (0.03, 0.8280666666666666, 3)
  [dense d=1 bp lr=0.3 s0] step 1000/2150 val 0.9194 test 0.9167 loss 1.119 bo 0 (1s)
  [dense d=1 bp lr=0.3 s0] step 2000/2150 val 0.9774 test 0.9766 loss 0.032 bo 0 (3s)
  [dense d=1 bp lr=0.3 s0] step 2150/2150 val 0.9780 test 0.9769 loss 0.010 bo 0 (3s)
  -> results\p3\h3lr\dense_d1\bp_lr0.3.json val 0.9778 test 0.9768 acc0 0.109 backoffs 0 perturbed 1,863,690 (3s)
  [dense d=1 bp lr=0.15 s0] step 1000/2150 val 0.9764 test 0.9757 loss 0.040 bo 0 (1s)
  [dense d=1 bp lr=0.15 s0] step 2000/2150 val 0.9856 test 0.9858 loss 0.005 bo 0 (3s)
  [dense d=1 bp lr=0.15 s0] step 2150/2150 val 0.9858 test 0.9858 loss 0.002 bo 0 (3s)
  -> results\p3\h3lr\dense_d1\bp_lr0.15.json val 0.9857 test 0.9858 acc0 0.109 backoffs 0 perturbed 1,863,690 (3s)
  [dense d=1 bp lr=0.07 s0] step 1000/2150 val 0.9792 test 0.9796 loss 0.038 bo 0 (1s)
  [dense d=1 bp lr=0.07 s0] step 2000/2150 val 0.9858 test 0.9851 loss 0.004 bo 0 (3s)
  [dense d=1 bp lr=0.07 s0] step 2150/2150 val 0.9868 test 0.9850 loss 0.002 bo 0 (3s)
  -> results\p3\h3lr\dense_d1\bp_lr0.07.json val 0.9864 test 0.9850 acc0 0.109 backoffs 0 perturbed 1,863,690 (3s)
  [dense d=1 bp lr=0.035 s0] step 1000/2150 val 0.9780 test 0.9784 loss 0.033 bo 0 (2s)
  [dense d=1 bp lr=0.035 s0] step 2000/2150 val 0.9844 test 0.9833 loss 0.014 bo 0 (3s)
  [dense d=1 bp lr=0.035 s0] step 2150/2150 val 0.9838 test 0.9831 loss 0.009 bo 0 (3s)
  -> results\p3\h3lr\dense_d1\bp_lr0.035.json val 0.9841 test 0.9832 acc0 0.109 backoffs 0 perturbed 1,863,690 (3s)
  [dense d=1 bp lr=0.017 s0] step 1000/2150 val 0.9706 test 0.9728 loss 0.053 bo 0 (2s)
  [dense d=1 bp lr=0.017 s0] step 2000/2150 val 0.9794 test 0.9795 loss 0.066 bo 0 (3s)
  [dense d=1 bp lr=0.017 s0] step 2150/2150 val 0.9792 test 0.9795 loss 0.028 bo 0 (3s)
  -> results\p3\h3lr\dense_d1\bp_lr0.017.json val 0.9793 test 0.9795 acc0 0.109 backoffs 0 perturbed 1,863,690 (3s)
  [dense d=1 bp lr=0.008 s0] step 1000/2150 val 0.9578 test 0.9608 loss 0.104 bo 0 (2s)
  [dense d=1 bp lr=0.008 s0] step 2000/2150 val 0.9684 test 0.9695 loss 0.163 bo 0 (3s)
  [dense d=1 bp lr=0.008 s0] step 2150/2150 val 0.9680 test 0.9698 loss 0.068 bo 0 (3s)
  -> results\p3\h3lr\dense_d1\bp_lr0.008.json val 0.9681 test 0.9697 acc0 0.109 backoffs 0 perturbed 1,863,690 (3s)
  [dense d=1 bp lr=0.004 s0] step 1000/2150 val 0.9390 test 0.9420 loss 0.180 bo 0 (2s)
  [dense d=1 bp lr=0.004 s0] step 2000/2150 val 0.9520 test 0.9538 loss 0.254 bo 0 (3s)
  [dense d=1 bp lr=0.004 s0] step 2150/2150 val 0.9522 test 0.9537 loss 0.121 bo 0 (3s)
  -> results\p3\h3lr\dense_d1\bp_lr0.004.json val 0.9521 test 0.9537 acc0 0.109 backoffs 0 perturbed 1,863,690 (3s)
  [dense d=1 bp lr=0.002 s0] step 1000/2150 val 0.9218 test 0.9265 loss 0.250 bo 0 (2s)
  [dense d=1 bp lr=0.002 s0] step 2000/2150 val 0.9344 test 0.9352 loss 0.310 bo 0 (3s)
  [dense d=1 bp lr=0.002 s0] step 2150/2150 val 0.9344 test 0.9355 loss 0.189 bo 0 (3s)
  -> results\p3\h3lr\dense_d1\bp_lr0.002.json val 0.9344 test 0.9354 acc0 0.109 backoffs 0 perturbed 1,863,690 (3s)
  [dense d=1 bp lr=0.001 s0] step 1000/2150 val 0.9022 test 0.9083 loss 0.338 bo 0 (2s)
  [dense d=1 bp lr=0.001 s0] step 2000/2150 val 0.9148 test 0.9188 loss 0.339 bo 0 (3s)
  [dense d=1 bp lr=0.001 s0] step 2150/2150 val 0.9154 test 0.9188 loss 0.256 bo 0 (4s)
  -> results\p3\h3lr\dense_d1\bp_lr0.001.json val 0.9152 test 0.9188 acc0 0.109 backoffs 0 perturbed 1,863,690 (4s)
[lr3] dense_d1/bp -> (0.07, 0.9864, 0)
  [dense d=1 dfa s0] diverged at step 15: restore to 0 + lr -> 0.15 (backoff 1)
  [dense d=1 dfa s0] diverged at step 21: restore to 0 + lr -> 0.075 (backoff 2)
  [dense d=1 dfa s0] diverged at step 27: restore to 0 + lr -> 0.0375 (backoff 3)
  [dense d=1 dfa s0] diverged at step 39: restore to 0 + lr -> 0.01875 (backoff 4)
  [dense d=1 dfa s0] diverged at step 80: restore to 0 + lr -> 0.009375 (backoff 5)
  [dense d=1 dfa s0] FAILED after 5 backoffs at step 192
  -> results\p3\h3lr\dense_d1\dfa_lr0.3.json val 0.4180 test 0.4241 acc0 0.109 backoffs 6 perturbed 1,863,690 (0s)
  [dense d=1 dfa s0] diverged at step 20: restore to 0 + lr -> 0.075 (backoff 1)
  [dense d=1 dfa s0] diverged at step 27: restore to 0 + lr -> 0.0375 (backoff 2)
  [dense d=1 dfa s0] diverged at step 39: restore to 0 + lr -> 0.01875 (backoff 3)
  [dense d=1 dfa s0] diverged at step 63: restore to 0 + lr -> 0.009375 (backoff 4)
  [dense d=1 dfa s0] diverged at step 190: restore to 0 + lr -> 0.0046875 (backoff 5)
  [dense d=1 dfa s0] FAILED after 5 backoffs at step 479
  -> results\p3\h3lr\dense_d1\dfa_lr0.15.json val 0.7880 test 0.7888 acc0 0.109 backoffs 6 perturbed 1,863,690 (1s)
  [dense d=1 dfa s0] diverged at step 28: restore to 0 + lr -> 0.035 (backoff 1)
  [dense d=1 dfa s0] diverged at step 43: restore to 0 + lr -> 0.0175 (backoff 2)
  [dense d=1 dfa s0] diverged at step 88: restore to 0 + lr -> 0.00875 (backoff 3)
  [dense d=1 dfa s0] diverged at step 193: restore to 0 + lr -> 0.004375 (backoff 4)
  [dense d=1 dfa s0] diverged at step 686: restore to 400 + lr -> 0.0021875 (backoff 5)
  [dense d=1 dfa lr=0.0021875 s0] step 1000/2150 val 0.9480 test 0.9487 loss 0.303 bo 5 (2s)
  [dense d=1 dfa lr=0.0021875 s0] step 2000/2150 val 0.9676 test 0.9647 loss 0.068 bo 5 (3s)
  [dense d=1 dfa lr=0.0021875 s0] step 2150/2150 val 0.9672 test 0.9652 loss 0.069 bo 5 (4s)
  -> results\p3\h3lr\dense_d1\dfa_lr0.07.json val 0.9673 test 0.9650 acc0 0.109 backoffs 5 perturbed 1,863,690 (4s)
  [dense d=1 dfa s0] diverged at step 42: restore to 0 + lr -> 0.0175 (backoff 1)
  [dense d=1 dfa s0] diverged at step 87: restore to 0 + lr -> 0.00875 (backoff 2)
  [dense d=1 dfa s0] diverged at step 245: restore to 0 + lr -> 0.004375 (backoff 3)
  [dense d=1 dfa lr=0.004375 s0] step 1000/2150 val 0.9388 test 0.9377 loss 2.396 bo 3 (2s)
  [dense d=1 dfa lr=0.004375 s0] step 2000/2150 val 0.9682 test 0.9689 loss 0.626 bo 3 (3s)
  [dense d=1 dfa lr=0.004375 s0] step 2150/2150 val 0.9688 test 0.9690 loss 0.311 bo 3 (3s)
  -> results\p3\h3lr\dense_d1\dfa_lr0.035.json val 0.9685 test 0.9689 acc0 0.109 backoffs 3 perturbed 1,863,690 (3s)
  [dense d=1 dfa s0] diverged at step 85: restore to 0 + lr -> 0.0085 (backoff 1)
  [dense d=1 dfa s0] diverged at step 222: restore to 0 + lr -> 0.00425 (backoff 2)
  [dense d=1 dfa s0] diverged at step 601: restore to 400 + lr -> 0.002125 (backoff 3)
  [dense d=1 dfa lr=0.002125 s0] step 1000/2150 val 0.9456 test 0.9450 loss 0.097 bo 3 (2s)
  [dense d=1 dfa lr=0.002125 s0] step 2000/2150 val 0.9668 test 0.9671 loss 0.045 bo 3 (3s)
  [dense d=1 dfa lr=0.002125 s0] step 2150/2150 val 0.9672 test 0.9669 loss 0.067 bo 3 (3s)
  -> results\p3\h3lr\dense_d1\dfa_lr0.017.json val 0.9671 test 0.9670 acc0 0.109 backoffs 3 perturbed 1,863,690 (3s)
  [dense d=1 dfa s0] diverged at step 260: restore to 0 + lr -> 0.004 (backoff 1)
  [dense d=1 dfa lr=0.004 s0] step 1000/2150 val 0.9432 test 0.9491 loss 1.297 bo 1 (2s)
  [dense d=1 dfa lr=0.004 s0] step 2000/2150 val 0.9668 test 0.9684 loss 0.106 bo 1 (3s)
  [dense d=1 dfa lr=0.004 s0] step 2150/2150 val 0.9674 test 0.9684 loss 0.406 bo 1 (3s)
  -> results\p3\h3lr\dense_d1\dfa_lr0.008.json val 0.9672 test 0.9684 acc0 0.109 backoffs 1 perturbed 1,863,690 (3s)
  [dense d=1 dfa lr=0.004 s0] step 1000/2150 val 0.9478 test 0.9465 loss 1.620 bo 0 (1s)
  [dense d=1 dfa lr=0.004 s0] step 2000/2150 val 0.9680 test 0.9693 loss 0.840 bo 0 (3s)
  [dense d=1 dfa lr=0.004 s0] step 2150/2150 val 0.9698 test 0.9679 loss 0.271 bo 0 (3s)
  -> results\p3\h3lr\dense_d1\dfa_lr0.004.json val 0.9693 test 0.9683 acc0 0.109 backoffs 0 perturbed 1,863,690 (3s)
  [dense d=1 dfa lr=0.002 s0] step 1000/2150 val 0.9446 test 0.9498 loss 0.140 bo 0 (1s)
  [dense d=1 dfa lr=0.002 s0] step 2000/2150 val 0.9664 test 0.9671 loss 0.192 bo 0 (3s)
  [dense d=1 dfa lr=0.002 s0] step 2150/2150 val 0.9664 test 0.9668 loss 0.091 bo 0 (3s)
  -> results\p3\h3lr\dense_d1\dfa_lr0.002.json val 0.9665 test 0.9669 acc0 0.109 backoffs 0 perturbed 1,863,690 (3s)
  [dense d=1 dfa lr=0.001 s0] step 1000/2150 val 0.9418 test 0.9431 loss 0.195 bo 0 (1s)
  [dense d=1 dfa lr=0.001 s0] step 2000/2150 val 0.9528 test 0.9544 loss 0.272 bo 0 (3s)
  [dense d=1 dfa lr=0.001 s0] step 2150/2150 val 0.9520 test 0.9540 loss 0.139 bo 0 (3s)
  -> results\p3\h3lr\dense_d1\dfa_lr0.001.json val 0.9522 test 0.9542 acc0 0.109 backoffs 0 perturbed 1,863,690 (3s)
[lr3] dense_d1/dfa -> (0.004, 0.9693333333333333, 0)
  [dense d=1 np s0] diverged at step 42: restore to 0 + lr -> 0.015 (backoff 1)
  [dense d=1 np s0] diverged at step 60: restore to 0 + lr -> 0.0075 (backoff 2)
  [dense d=1 np s0] diverged at step 92: restore to 0 + lr -> 0.00375 (backoff 3)
  [dense d=1 np s0] diverged at step 138: restore to 0 + lr -> 0.001875 (backoff 4)
  [dense d=1 np s0] diverged at step 226: restore to 0 + lr -> 0.0009375 (backoff 5)
  [dense d=1 np s0] FAILED after 5 backoffs at step 440
  -> results\p3\h3lr\dense_d1\np_lr0.03.json val 0.2382 test 0.2427 acc0 0.109 backoffs 6 perturbed 1,863,690 (2s)
  [dense d=1 np s0] diverged at step 61: restore to 0 + lr -> 0.0075 (backoff 1)
  [dense d=1 np s0] diverged at step 90: restore to 0 + lr -> 0.00375 (backoff 2)
  [dense d=1 np s0] diverged at step 138: restore to 0 + lr -> 0.001875 (backoff 3)
  [dense d=1 np s0] diverged at step 228: restore to 0 + lr -> 0.0009375 (backoff 4)
  [dense d=1 np s0] diverged at step 353: restore to 100 + lr -> 0.00046875 (backoff 5)
  [dense d=1 np lr=0.00046875 s0] step 1000/2150 val 0.5346 test 0.5351 loss 2.441 bo 5 (3s)
  [dense d=1 np lr=0.00046875 s0] step 2000/2150 val 0.8762 test 0.8746 loss 0.401 bo 5 (5s)
  [dense d=1 np lr=0.00046875 s0] step 2150/2150 val 0.8770 test 0.8767 loss 0.615 bo 5 (5s)
  -> results\p3\h3lr\dense_d1\np_lr0.015.json val 0.8768 test 0.8763 acc0 0.109 backoffs 5 perturbed 1,863,690 (5s)
  [dense d=1 np s0] diverged at step 95: restore to 0 + lr -> 0.0035 (backoff 1)
  [dense d=1 np s0] diverged at step 149: restore to 0 + lr -> 0.00175 (backoff 2)
  [dense d=1 np s0] diverged at step 232: restore to 0 + lr -> 0.000875 (backoff 3)
  [dense d=1 np s0] diverged at step 372: restore to 100 + lr -> 0.0004375 (backoff 4)
  [dense d=1 np lr=0.0004375 s0] step 1000/2150 val 0.5790 test 0.5792 loss 1.715 bo 4 (3s)
  [dense d=1 np lr=0.0004375 s0] step 2000/2150 val 0.8704 test 0.8710 loss 0.435 bo 4 (4s)
  [dense d=1 np lr=0.0004375 s0] step 2150/2150 val 0.8728 test 0.8723 loss 0.672 bo 4 (5s)
  -> results\p3\h3lr\dense_d1\np_lr0.007.json val 0.8719 test 0.8718 acc0 0.109 backoffs 4 perturbed 1,863,690 (5s)
  [dense d=1 np s0] diverged at step 142: restore to 0 + lr -> 0.00175 (backoff 1)
  [dense d=1 np s0] diverged at step 227: restore to 0 + lr -> 0.000875 (backoff 2)
  [dense d=1 np s0] diverged at step 393: restore to 100 + lr -> 0.0004375 (backoff 3)
  [dense d=1 np lr=0.0004375 s0] step 1000/2150 val 0.5502 test 0.5458 loss 2.283 bo 3 (3s)
  [dense d=1 np lr=0.0004375 s0] step 2000/2150 val 0.8730 test 0.8767 loss 0.253 bo 3 (5s)
  [dense d=1 np lr=0.0004375 s0] step 2150/2150 val 0.8730 test 0.8777 loss 0.327 bo 3 (5s)
  -> results\p3\h3lr\dense_d1\np_lr0.0035.json val 0.8733 test 0.8773 acc0 0.109 backoffs 3 perturbed 1,863,690 (5s)
  [dense d=1 np s0] diverged at step 231: restore to 0 + lr -> 0.00085 (backoff 1)
  [dense d=1 np s0] diverged at step 406: restore to 200 + lr -> 0.000425 (backoff 2)
  [dense d=1 np lr=0.000425 s0] step 1000/2150 val 0.5748 test 0.5819 loss 2.092 bo 2 (3s)
  [dense d=1 np lr=0.000425 s0] step 2000/2150 val 0.8696 test 0.8712 loss 0.485 bo 2 (4s)
  [dense d=1 np lr=0.000425 s0] step 2150/2150 val 0.8754 test 0.8753 loss 0.565 bo 2 (5s)
  -> results\p3\h3lr\dense_d1\np_lr0.0017.json val 0.8733 test 0.8739 acc0 0.109 backoffs 2 perturbed 1,863,690 (5s)
  [dense d=1 np s0] diverged at step 427: restore to 200 + lr -> 0.0004 (backoff 1)
  [dense d=1 np lr=0.0004 s0] step 1000/2150 val 0.5900 test 0.5868 loss 3.835 bo 1 (2s)
  [dense d=1 np lr=0.0004 s0] step 2000/2150 val 0.8674 test 0.8685 loss 0.412 bo 1 (4s)
  [dense d=1 np lr=0.0004 s0] step 2150/2150 val 0.8686 test 0.8715 loss 0.341 bo 1 (4s)
  -> results\p3\h3lr\dense_d1\np_lr0.0008.json val 0.8680 test 0.8705 acc0 0.109 backoffs 1 perturbed 1,863,690 (4s)
  [dense d=1 np lr=0.0004 s0] step 1000/2150 val 0.6182 test 0.6150 loss 1.464 bo 0 (2s)
  [dense d=1 np lr=0.0004 s0] step 2000/2150 val 0.8742 test 0.8748 loss 0.431 bo 0 (3s)
  [dense d=1 np lr=0.0004 s0] step 2150/2150 val 0.8762 test 0.8752 loss 0.544 bo 0 (3s)
  -> results\p3\h3lr\dense_d1\np_lr0.0004.json val 0.8751 test 0.8750 acc0 0.109 backoffs 0 perturbed 1,863,690 (3s)
  [dense d=1 np lr=0.0002 s0] step 1000/2150 val 0.7284 test 0.7385 loss 1.131 bo 0 (2s)
  [dense d=1 np lr=0.0002 s0] step 2000/2150 val 0.8290 test 0.8316 loss 0.792 bo 0 (3s)
  [dense d=1 np lr=0.0002 s0] step 2150/2150 val 0.8272 test 0.8303 loss 0.800 bo 0 (4s)
  -> results\p3\h3lr\dense_d1\np_lr0.0002.json val 0.8278 test 0.8307 acc0 0.109 backoffs 0 perturbed 1,863,690 (4s)
  [dense d=1 np lr=0.0001 s0] step 1000/2150 val 0.7324 test 0.7283 loss 1.783 bo 0 (2s)
  [dense d=1 np lr=0.0001 s0] step 2000/2150 val 0.7604 test 0.7716 loss 1.411 bo 0 (4s)
  [dense d=1 np lr=0.0001 s0] step 2150/2150 val 0.7612 test 0.7713 loss 1.402 bo 0 (4s)
  -> results\p3\h3lr\dense_d1\np_lr0.0001.json val 0.7609 test 0.7714 acc0 0.109 backoffs 0 perturbed 1,863,690 (4s)
[lr3] dense_d1/np -> (0.015, 0.8767999999999999, 5)
  [dense d=1 fg s0] diverged at step 43: restore to 0 + lr -> 0.015 (backoff 1)
  [dense d=1 fg s0] diverged at step 59: restore to 0 + lr -> 0.0075 (backoff 2)
  [dense d=1 fg s0] diverged at step 86: restore to 0 + lr -> 0.00375 (backoff 3)
  [dense d=1 fg s0] diverged at step 129: restore to 0 + lr -> 0.001875 (backoff 4)
  [dense d=1 fg s0] diverged at step 198: restore to 0 + lr -> 0.0009375 (backoff 5)
  [dense d=1 fg s0] FAILED after 5 backoffs at step 295
  -> results\p3\h3lr\dense_d1\fg_lr0.03.json val 0.3011 test 0.3113 acc0 0.109 backoffs 6 perturbed 1,863,690 (11s)
  [dense d=1 fg s0] diverged at step 59: restore to 0 + lr -> 0.0075 (backoff 1)
  [dense d=1 fg s0] diverged at step 90: restore to 0 + lr -> 0.00375 (backoff 2)
  [dense d=1 fg s0] diverged at step 129: restore to 0 + lr -> 0.001875 (backoff 3)
  [dense d=1 fg s0] diverged at step 191: restore to 0 + lr -> 0.0009375 (backoff 4)
  [dense d=1 fg s0] diverged at step 299: restore to 0 + lr -> 0.00046875 (backoff 5)
  [dense d=1 fg s0] FAILED after 5 backoffs at step 457
  -> results\p3\h3lr\dense_d1\fg_lr0.015.json val 0.5469 test 0.5613 acc0 0.109 backoffs 6 perturbed 1,863,690 (17s)
  [dense d=1 fg s0] diverged at step 90: restore to 0 + lr -> 0.0035 (backoff 1)
  [dense d=1 fg s0] diverged at step 138: restore to 0 + lr -> 0.00175 (backoff 2)
  [dense d=1 fg s0] diverged at step 205: restore to 0 + lr -> 0.000875 (backoff 3)
  [dense d=1 fg s0] diverged at step 312: restore to 100 + lr -> 0.0004375 (backoff 4)
  [dense d=1 fg s0] diverged at step 470: restore to 200 + lr -> 0.00021875 (backoff 5)
  [dense d=1 fg lr=0.00021875 s0] step 1000/2150 val 0.7454 test 0.7462 loss 0.866 bo 5 (27s)
  [dense d=1 fg s0] FAILED after 5 backoffs at step 1391
  -> results\p3\h3lr\dense_d1\fg_lr0.007.json val 0.6175 test 0.6325 acc0 0.109 backoffs 6 perturbed 1,863,690 (32s)
  [dense d=1 fg s0] diverged at step 137: restore to 0 + lr -> 0.00175 (backoff 1)
  [dense d=1 fg s0] diverged at step 200: restore to 0 + lr -> 0.000875 (backoff 2)
  [dense d=1 fg s0] diverged at step 306: restore to 100 + lr -> 0.0004375 (backoff 3)
  [dense d=1 fg s0] diverged at step 479: restore to 200 + lr -> 0.00021875 (backoff 4)
  [dense d=1 fg lr=0.00021875 s0] step 1000/2150 val 0.7356 test 0.7387 loss 0.689 bo 4 (25s)
  [dense d=1 fg s0] diverged at step 1295: restore to 1000 + lr -> 0.000109375 (backoff 5)
  [dense d=1 fg lr=0.000109375 s0] step 2000/2150 val 0.8234 test 0.8199 loss 0.595 bo 5 (44s)
  [dense d=1 fg lr=0.000109375 s0] step 2150/2150 val 0.8236 test 0.8203 loss 0.512 bo 5 (46s)
  -> results\p3\h3lr\dense_d1\fg_lr0.0035.json val 0.8235 test 0.8202 acc0 0.109 backoffs 5 perturbed 1,863,690 (46s)
  [dense d=1 fg s0] diverged at step 209: restore to 0 + lr -> 0.00085 (backoff 1)
  [dense d=1 fg s0] diverged at step 310: restore to 100 + lr -> 0.000425 (backoff 2)
  [dense d=1 fg s0] diverged at step 483: restore to 200 + lr -> 0.0002125 (backoff 3)
  [dense d=1 fg lr=0.0002125 s0] step 1000/2150 val 0.7696 test 0.7813 loss 0.728 bo 3 (23s)
  [dense d=1 fg lr=0.0002125 s0] step 2000/2150 val 0.7158 test 0.7248 loss 2.582 bo 3 (37s)
  [dense d=1 fg lr=0.0002125 s0] step 2150/2150 val 0.7194 test 0.7277 loss 2.697 bo 3 (39s)
  -> results\p3\h3lr\dense_d1\fg_lr0.0017.json val 0.7177 test 0.7266 acc0 0.109 backoffs 3 perturbed 1,863,690 (39s)
  [dense d=1 fg s0] diverged at step 335: restore to 100 + lr -> 0.0004 (backoff 1)
  [dense d=1 fg s0] diverged at step 518: restore to 300 + lr -> 0.0002 (backoff 2)
  [dense d=1 fg lr=0.0002 s0] step 1000/2150 val 0.7890 test 0.7926 loss 0.669 bo 2 (20s)
  [dense d=1 fg lr=0.0002 s0] step 2000/2150 val 0.8050 test 0.8168 loss 0.594 bo 2 (34s)
  [dense d=1 fg lr=0.0002 s0] step 2150/2150 val 0.8048 test 0.8170 loss 0.552 bo 2 (36s)
  -> results\p3\h3lr\dense_d1\fg_lr0.0008.json val 0.8048 test 0.8169 acc0 0.109 backoffs 2 perturbed 1,863,690 (36s)
  [dense d=1 fg s0] diverged at step 520: restore to 300 + lr -> 0.0002 (backoff 1)
  [dense d=1 fg lr=0.0002 s0] step 1000/2150 val 0.7932 test 0.8074 loss 0.727 bo 1 (17s)
  [dense d=1 fg lr=0.0002 s0] step 2000/2150 val 0.8256 test 0.8384 loss 0.701 bo 1 (31s)
  [dense d=1 fg lr=0.0002 s0] step 2150/2150 val 0.8252 test 0.8395 loss 0.538 bo 1 (33s)
  -> results\p3\h3lr\dense_d1\fg_lr0.0004.json val 0.8253 test 0.8391 acc0 0.109 backoffs 1 perturbed 1,863,690 (33s)
  [dense d=1 fg lr=0.0002 s0] step 1000/2150 val 0.8016 test 0.8156 loss 0.666 bo 0 (14s)
  [dense d=1 fg lr=0.0002 s0] step 2000/2150 val 0.8450 test 0.8587 loss 0.373 bo 0 (28s)
  [dense d=1 fg lr=0.0002 s0] step 2150/2150 val 0.8462 test 0.8586 loss 0.423 bo 0 (30s)
  -> results\p3\h3lr\dense_d1\fg_lr0.0002.json val 0.8458 test 0.8586 acc0 0.109 backoffs 0 perturbed 1,863,690 (30s)
  [dense d=1 fg lr=0.0001 s0] step 1000/2150 val 0.7366 test 0.7521 loss 1.657 bo 0 (14s)
  [dense d=1 fg lr=0.0001 s0] step 2000/2150 val 0.7856 test 0.7940 loss 1.098 bo 0 (28s)
  [dense d=1 fg lr=0.0001 s0] step 2150/2150 val 0.7854 test 0.7941 loss 1.189 bo 0 (30s)
  -> results\p3\h3lr\dense_d1\fg_lr0.0001.json val 0.7855 test 0.7941 acc0 0.109 backoffs 0 perturbed 1,863,690 (30s)
[lr3] dense_d1/fg -> (0.0002, 0.8458, 0)
  [pruned d=0.01 bp lr=0.3 s0] step 1000/2150 val 0.9852 test 0.9807 loss 0.023 bo 0 (2s)
  [pruned d=0.01 bp lr=0.3 s0] step 2000/2150 val 0.9898 test 0.9836 loss 0.015 bo 0 (4s)
  [pruned d=0.01 bp lr=0.3 s0] step 2150/2150 val 0.9894 test 0.9836 loss 0.005 bo 0 (4s)
  -> results\p3\h3lr\pruned_d0.01\bp_lr0.3.json val 0.9895 test 0.9836 acc0 0.196 backoffs 0 perturbed 20,051 (4s)
  [pruned d=0.01 bp lr=0.15 s0] step 1000/2150 val 0.9840 test 0.9800 loss 0.019 bo 0 (2s)
  [pruned d=0.01 bp lr=0.15 s0] step 2000/2150 val 0.9872 test 0.9831 loss 0.037 bo 0 (4s)
  [pruned d=0.01 bp lr=0.15 s0] step 2150/2150 val 0.9872 test 0.9833 loss 0.015 bo 0 (4s)
  -> results\p3\h3lr\pruned_d0.01\bp_lr0.15.json val 0.9872 test 0.9832 acc0 0.196 backoffs 0 perturbed 20,051 (4s)
  [pruned d=0.01 bp lr=0.07 s0] step 1000/2150 val 0.9792 test 0.9782 loss 0.023 bo 0 (2s)
  [pruned d=0.01 bp lr=0.07 s0] step 2000/2150 val 0.9836 test 0.9813 loss 0.067 bo 0 (3s)
  [pruned d=0.01 bp lr=0.07 s0] step 2150/2150 val 0.9836 test 0.9814 loss 0.037 bo 0 (4s)
  -> results\p3\h3lr\pruned_d0.01\bp_lr0.07.json val 0.9836 test 0.9814 acc0 0.196 backoffs 0 perturbed 20,051 (4s)
  [pruned d=0.01 bp lr=0.035 s0] step 1000/2150 val 0.9718 test 0.9726 loss 0.046 bo 0 (2s)
  [pruned d=0.01 bp lr=0.035 s0] step 2000/2150 val 0.9796 test 0.9770 loss 0.097 bo 0 (4s)
  [pruned d=0.01 bp lr=0.035 s0] step 2150/2150 val 0.9794 test 0.9770 loss 0.051 bo 0 (4s)
  -> results\p3\h3lr\pruned_d0.01\bp_lr0.035.json val 0.9795 test 0.9770 acc0 0.196 backoffs 0 perturbed 20,051 (4s)
  [pruned d=0.01 bp lr=0.017 s0] step 1000/2150 val 0.9512 test 0.9540 loss 0.122 bo 0 (2s)
  [pruned d=0.01 bp lr=0.017 s0] step 2000/2150 val 0.9644 test 0.9671 loss 0.137 bo 0 (4s)
  [pruned d=0.01 bp lr=0.017 s0] step 2150/2150 val 0.9644 test 0.9671 loss 0.075 bo 0 (5s)
  -> results\p3\h3lr\pruned_d0.01\bp_lr0.017.json val 0.9644 test 0.9671 acc0 0.196 backoffs 0 perturbed 20,051 (5s)
  [pruned d=0.01 bp lr=0.008 s0] step 1000/2150 val 0.8792 test 0.8897 loss 0.393 bo 0 (2s)
  [pruned d=0.01 bp lr=0.008 s0] step 2000/2150 val 0.9312 test 0.9351 loss 0.238 bo 0 (4s)
  [pruned d=0.01 bp lr=0.008 s0] step 2150/2150 val 0.9308 test 0.9352 loss 0.189 bo 0 (4s)
  -> results\p3\h3lr\pruned_d0.01\bp_lr0.008.json val 0.9309 test 0.9352 acc0 0.196 backoffs 0 perturbed 20,051 (4s)
  [pruned d=0.01 bp lr=0.004 s0] step 1000/2150 val 0.4758 test 0.4623 loss 1.930 bo 0 (2s)
  [pruned d=0.01 bp lr=0.004 s0] step 2000/2150 val 0.7954 test 0.8104 loss 0.777 bo 0 (4s)
  [pruned d=0.01 bp lr=0.004 s0] step 2150/2150 val 0.7958 test 0.8111 loss 0.791 bo 0 (4s)
  -> results\p3\h3lr\pruned_d0.01\bp_lr0.004.json val 0.7957 test 0.8108 acc0 0.196 backoffs 0 perturbed 20,051 (4s)
  [pruned d=0.01 bp lr=0.002 s0] step 1000/2150 val 0.1190 test 0.1223 loss 2.269 bo 0 (2s)
  [pruned d=0.01 bp lr=0.002 s0] step 2000/2150 val 0.3682 test 0.3799 loss 2.220 bo 0 (4s)
  [pruned d=0.01 bp lr=0.002 s0] step 2150/2150 val 0.3688 test 0.3806 loss 2.234 bo 0 (4s)
  -> results\p3\h3lr\pruned_d0.01\bp_lr0.002.json val 0.3686 test 0.3804 acc0 0.196 backoffs 0 perturbed 20,051 (4s)
  [pruned d=0.01 bp lr=0.001 s0] step 1000/2150 val 0.1094 test 0.1135 loss 2.286 bo 0 (2s)
  [pruned d=0.01 bp lr=0.001 s0] step 2000/2150 val 0.1094 test 0.1135 loss 2.271 bo 0 (4s)
  [pruned d=0.01 bp lr=0.001 s0] step 2150/2150 val 0.1094 test 0.1135 loss 2.282 bo 0 (4s)
  -> results\p3\h3lr\pruned_d0.01\bp_lr0.001.json val 0.1094 test 0.1135 acc0 0.196 backoffs 0 perturbed 20,051 (4s)
[lr3] pruned_d0.01/bp -> (0.3, 0.9895333333333333, 0)
  [pruned d=0.01 dfa s0] diverged at step 66: restore to 0 + lr -> 0.15 (backoff 1)
  [pruned d=0.01 dfa s0] diverged at step 144: restore to 0 + lr -> 0.075 (backoff 2)
  [pruned d=0.01 dfa s0] diverged at step 361: restore to 100 + lr -> 0.0375 (backoff 3)
  [pruned d=0.01 dfa lr=0.0375 s0] step 1000/2150 val 0.9266 test 0.9322 loss 0.750 bo 3 (2s)
  [pruned d=0.01 dfa lr=0.0375 s0] step 2000/2150 val 0.9570 test 0.9585 loss 0.389 bo 3 (3s)
  [pruned d=0.01 dfa lr=0.0375 s0] step 2150/2150 val 0.9592 test 0.9589 loss 0.462 bo 3 (4s)
  -> results\p3\h3lr\pruned_d0.01\dfa_lr0.3.json val 0.9585 test 0.9587 acc0 0.196 backoffs 3 perturbed 20,051 (4s)
  [pruned d=0.01 dfa s0] diverged at step 157: restore to 0 + lr -> 0.075 (backoff 1)
  [pruned d=0.01 dfa s0] diverged at step 397: restore to 100 + lr -> 0.0375 (backoff 2)
  [pruned d=0.01 dfa lr=0.0375 s0] step 1000/2150 val 0.9052 test 0.9106 loss 0.450 bo 2 (2s)
  [pruned d=0.01 dfa lr=0.0375 s0] step 2000/2150 val 0.9562 test 0.9563 loss 0.387 bo 2 (3s)
  [pruned d=0.01 dfa lr=0.0375 s0] step 2150/2150 val 0.9568 test 0.9559 loss 0.373 bo 2 (4s)
  -> results\p3\h3lr\pruned_d0.01\dfa_lr0.15.json val 0.9565 test 0.9559 acc0 0.196 backoffs 2 perturbed 20,051 (4s)
  [pruned d=0.01 dfa s0] diverged at step 412: restore to 200 + lr -> 0.035 (backoff 1)
  [pruned d=0.01 dfa lr=0.035 s0] step 1000/2150 val 0.9292 test 0.9328 loss 0.424 bo 1 (2s)
  [pruned d=0.01 dfa lr=0.035 s0] step 2000/2150 val 0.9586 test 0.9581 loss 0.306 bo 1 (3s)
  [pruned d=0.01 dfa lr=0.035 s0] step 2150/2150 val 0.9606 test 0.9579 loss 0.095 bo 1 (4s)
  -> results\p3\h3lr\pruned_d0.01\dfa_lr0.07.json val 0.9599 test 0.9581 acc0 0.196 backoffs 1 perturbed 20,051 (4s)
  [pruned d=0.01 dfa lr=0.035 s0] step 1000/2150 val 0.9374 test 0.9368 loss 0.413 bo 0 (2s)
  [pruned d=0.01 dfa lr=0.035 s0] step 2000/2150 val 0.9576 test 0.9575 loss 0.302 bo 0 (3s)
  [pruned d=0.01 dfa lr=0.035 s0] step 2150/2150 val 0.9588 test 0.9571 loss 0.087 bo 0 (3s)
  -> results\p3\h3lr\pruned_d0.01\dfa_lr0.035.json val 0.9583 test 0.9572 acc0 0.196 backoffs 0 perturbed 20,051 (3s)
  [pruned d=0.01 dfa lr=0.017 s0] step 1000/2150 val 0.9332 test 0.9382 loss 0.203 bo 0 (1s)
  [pruned d=0.01 dfa lr=0.017 s0] step 2000/2150 val 0.9518 test 0.9523 loss 0.232 bo 0 (3s)
  [pruned d=0.01 dfa lr=0.017 s0] step 2150/2150 val 0.9514 test 0.9531 loss 0.117 bo 0 (3s)
  -> results\p3\h3lr\pruned_d0.01\dfa_lr0.017.json val 0.9515 test 0.9528 acc0 0.196 backoffs 0 perturbed 20,051 (3s)
  [pruned d=0.01 dfa lr=0.008 s0] step 1000/2150 val 0.9232 test 0.9264 loss 0.239 bo 0 (1s)
  [pruned d=0.01 dfa lr=0.008 s0] step 2000/2150 val 0.9330 test 0.9410 loss 0.308 bo 0 (3s)
  [pruned d=0.01 dfa lr=0.008 s0] step 2150/2150 val 0.9340 test 0.9404 loss 0.202 bo 0 (3s)
  -> results\p3\h3lr\pruned_d0.01\dfa_lr0.008.json val 0.9338 test 0.9407 acc0 0.196 backoffs 0 perturbed 20,051 (3s)
  [pruned d=0.01 dfa lr=0.004 s0] step 1000/2150 val 0.8954 test 0.9051 loss 0.316 bo 0 (1s)
  [pruned d=0.01 dfa lr=0.004 s0] step 2000/2150 val 0.9158 test 0.9172 loss 0.357 bo 0 (3s)
  [pruned d=0.01 dfa lr=0.004 s0] step 2150/2150 val 0.9156 test 0.9170 loss 0.275 bo 0 (3s)
  -> results\p3\h3lr\pruned_d0.01\dfa_lr0.004.json val 0.9157 test 0.9171 acc0 0.196 backoffs 0 perturbed 20,051 (3s)
  [pruned d=0.01 dfa lr=0.002 s0] step 1000/2150 val 0.8682 test 0.8744 loss 0.457 bo 0 (1s)
  [pruned d=0.01 dfa lr=0.002 s0] step 2000/2150 val 0.8886 test 0.8937 loss 0.409 bo 0 (3s)
  [pruned d=0.01 dfa lr=0.002 s0] step 2150/2150 val 0.8894 test 0.8940 loss 0.354 bo 0 (3s)
  -> results\p3\h3lr\pruned_d0.01\dfa_lr0.002.json val 0.8891 test 0.8939 acc0 0.196 backoffs 0 perturbed 20,051 (3s)
  [pruned d=0.01 dfa lr=0.001 s0] step 1000/2150 val 0.8090 test 0.8192 loss 0.671 bo 0 (2s)
  [pruned d=0.01 dfa lr=0.001 s0] step 2000/2150 val 0.8476 test 0.8583 loss 0.463 bo 0 (3s)
  [pruned d=0.01 dfa lr=0.001 s0] step 2150/2150 val 0.8478 test 0.8583 loss 0.459 bo 0 (3s)
  -> results\p3\h3lr\pruned_d0.01\dfa_lr0.001.json val 0.8477 test 0.8583 acc0 0.196 backoffs 0 perturbed 20,051 (3s)
[lr3] pruned_d0.01/dfa -> (0.07, 0.9599333333333333, 1)
  [pruned d=0.01 np s0] diverged at step 245: restore to 0 + lr -> 0.015 (backoff 1)
  [pruned d=0.01 np s0] diverged at step 427: restore to 200 + lr -> 0.0075 (backoff 2)
  [pruned d=0.01 np s0] diverged at step 672: restore to 400 + lr -> 0.00375 (backoff 3)
  [pruned d=0.01 np lr=0.00375 s0] step 1000/2150 val 0.7884 test 0.8054 loss 0.952 bo 3 (4s)
  [pruned d=0.01 np lr=0.00375 s0] step 2000/2150 val 0.8674 test 0.8799 loss 0.391 bo 3 (6s)
  [pruned d=0.01 np lr=0.00375 s0] step 2150/2150 val 0.8688 test 0.8802 loss 0.463 bo 3 (6s)
  -> results\p3\h3lr\pruned_d0.01\np_lr0.03.json val 0.8684 test 0.8801 acc0 0.196 backoffs 3 perturbed 20,051 (6s)
  [pruned d=0.01 np s0] diverged at step 390: restore to 100 + lr -> 0.0075 (backoff 1)
  [pruned d=0.01 np s0] diverged at step 773: restore to 500 + lr -> 0.00375 (backoff 2)
  [pruned d=0.01 np lr=0.00375 s0] step 1000/2150 val 0.8054 test 0.8162 loss 0.621 bo 2 (3s)
  [pruned d=0.01 np lr=0.00375 s0] step 2000/2150 val 0.8670 test 0.8670 loss 0.390 bo 2 (5s)
  [pruned d=0.01 np lr=0.00375 s0] step 2150/2150 val 0.8692 test 0.8689 loss 0.454 bo 2 (5s)
  -> results\p3\h3lr\pruned_d0.01\np_lr0.015.json val 0.8684 test 0.8683 acc0 0.196 backoffs 2 perturbed 20,051 (5s)
  [pruned d=0.01 np s0] diverged at step 767: restore to 500 + lr -> 0.0035 (backoff 1)
  [pruned d=0.01 np lr=0.0035 s0] step 1000/2150 val 0.7536 test 0.7542 loss 0.915 bo 1 (2s)
  [pruned d=0.01 np lr=0.0035 s0] step 2000/2150 val 0.8662 test 0.8698 loss 0.367 bo 1 (5s)
  [pruned d=0.01 np lr=0.0035 s0] step 2150/2150 val 0.8680 test 0.8707 loss 0.508 bo 1 (5s)
  -> results\p3\h3lr\pruned_d0.01\np_lr0.007.json val 0.8673 test 0.8704 acc0 0.196 backoffs 1 perturbed 20,051 (5s)
  [pruned d=0.01 np lr=0.0035 s0] step 1000/2150 val 0.6912 test 0.7094 loss 1.053 bo 0 (2s)
  [pruned d=0.01 np lr=0.0035 s0] step 2000/2150 val 0.8234 test 0.8307 loss 0.594 bo 0 (4s)
  [pruned d=0.01 np lr=0.0035 s0] step 2150/2150 val 0.8244 test 0.8327 loss 0.601 bo 0 (5s)
  -> results\p3\h3lr\pruned_d0.01\np_lr0.0035.json val 0.8240 test 0.8320 acc0 0.196 backoffs 0 perturbed 20,051 (5s)
  [pruned d=0.01 np lr=0.0017 s0] step 1000/2150 val 0.2908 test 0.2975 loss 2.253 bo 0 (2s)
  [pruned d=0.01 np lr=0.0017 s0] step 2000/2150 val 0.4212 test 0.4233 loss 2.060 bo 0 (4s)
  [pruned d=0.01 np lr=0.0017 s0] step 2150/2150 val 0.4220 test 0.4233 loss 2.060 bo 0 (4s)
  -> results\p3\h3lr\pruned_d0.01\np_lr0.0017.json val 0.4217 test 0.4233 acc0 0.196 backoffs 0 perturbed 20,051 (4s)
  [pruned d=0.01 np lr=0.0008 s0] step 1000/2150 val 0.1094 test 0.1135 loss 2.293 bo 0 (2s)
  [pruned d=0.01 np lr=0.0008 s0] step 2000/2150 val 0.1094 test 0.1135 loss 2.292 bo 0 (4s)
  [pruned d=0.01 np lr=0.0008 s0] step 2150/2150 val 0.1094 test 0.1135 loss 2.292 bo 0 (4s)
  -> results\p3\h3lr\pruned_d0.01\np_lr0.0008.json val 0.1094 test 0.1135 acc0 0.196 backoffs 0 perturbed 20,051 (4s)
  [pruned d=0.01 np lr=0.0004 s0] step 1000/2150 val 0.1094 test 0.1135 loss 2.294 bo 0 (2s)
  [pruned d=0.01 np lr=0.0004 s0] step 2000/2150 val 0.1094 test 0.1135 loss 2.295 bo 0 (4s)
  [pruned d=0.01 np lr=0.0004 s0] step 2150/2150 val 0.1094 test 0.1135 loss 2.296 bo 0 (4s)
  -> results\p3\h3lr\pruned_d0.01\np_lr0.0004.json val 0.1094 test 0.1135 acc0 0.196 backoffs 0 perturbed 20,051 (4s)
  [pruned d=0.01 np lr=0.0002 s0] step 1000/2150 val 0.1094 test 0.1135 loss 2.295 bo 0 (2s)
  [pruned d=0.01 np lr=0.0002 s0] step 2000/2150 val 0.1094 test 0.1135 loss 2.296 bo 0 (4s)
  [pruned d=0.01 np lr=0.0002 s0] step 2150/2150 val 0.1094 test 0.1135 loss 2.297 bo 0 (5s)
  -> results\p3\h3lr\pruned_d0.01\np_lr0.0002.json val 0.1094 test 0.1135 acc0 0.196 backoffs 0 perturbed 20,051 (5s)
  [pruned d=0.01 np lr=0.0001 s0] step 1000/2150 val 0.2418 test 0.2522 loss 2.295 bo 0 (2s)
  [pruned d=0.01 np lr=0.0001 s0] step 2000/2150 val 0.2050 test 0.2181 loss 2.296 bo 0 (4s)
  [pruned d=0.01 np lr=0.0001 s0] step 2150/2150 val 0.2050 test 0.2181 loss 2.297 bo 0 (4s)
  -> results\p3\h3lr\pruned_d0.01\np_lr0.0001.json val 0.2050 test 0.2181 acc0 0.196 backoffs 0 perturbed 20,051 (4s)
[lr3] pruned_d0.01/np -> (0.03, 0.8684, 3)
  [pruned d=0.01 fg s0] diverged at step 308: restore to 100 + lr -> 0.015 (backoff 1)
  [pruned d=0.01 fg s0] diverged at step 436: restore to 200 + lr -> 0.0075 (backoff 2)
  [pruned d=0.01 fg s0] diverged at step 674: restore to 400 + lr -> 0.00375 (backoff 3)
  [pruned d=0.01 fg lr=0.00375 s0] step 1000/2150 val 0.7826 test 0.7831 loss 0.855 bo 3 (45s)
  [pruned d=0.01 fg lr=0.00375 s0] step 2000/2150 val 0.8532 test 0.8583 loss 0.550 bo 3 (70s)
  [pruned d=0.01 fg lr=0.00375 s0] step 2150/2150 val 0.8532 test 0.8581 loss 0.621 bo 3 (74s)
  -> results\p3\h3lr\pruned_d0.01\fg_lr0.03.json val 0.8532 test 0.8582 acc0 0.196 backoffs 3 perturbed 20,051 (74s)
  [pruned d=0.01 fg s0] diverged at step 444: restore to 200 + lr -> 0.0075 (backoff 1)
  [pruned d=0.01 fg s0] diverged at step 721: restore to 500 + lr -> 0.00375 (backoff 2)
  [pruned d=0.01 fg lr=0.00375 s0] step 1000/2150 val 0.8158 test 0.8206 loss 0.578 bo 2 (38s)
  [pruned d=0.01 fg lr=0.00375 s0] step 2000/2150 val 0.8730 test 0.8710 loss 0.448 bo 2 (64s)
  [pruned d=0.01 fg lr=0.00375 s0] step 2150/2150 val 0.8726 test 0.8712 loss 0.347 bo 2 (68s)
  -> results\p3\h3lr\pruned_d0.01\fg_lr0.015.json val 0.8727 test 0.8712 acc0 0.196 backoffs 2 perturbed 20,051 (68s)
  [pruned d=0.01 fg s0] diverged at step 855: restore to 600 + lr -> 0.0035 (backoff 1)
  [pruned d=0.01 fg lr=0.0035 s0] step 1000/2150 val 0.8132 test 0.8159 loss 0.623 bo 1 (33s)
  [pruned d=0.01 fg lr=0.0035 s0] step 2000/2150 val 0.8604 test 0.8712 loss 0.532 bo 1 (59s)
  [pruned d=0.01 fg lr=0.0035 s0] step 2150/2150 val 0.8602 test 0.8717 loss 0.459 bo 1 (63s)
  -> results\p3\h3lr\pruned_d0.01\fg_lr0.007.json val 0.8603 test 0.8715 acc0 0.196 backoffs 1 perturbed 20,051 (63s)
  [pruned d=0.01 fg lr=0.0035 s0] step 1000/2150 val 0.5310 test 0.5366 loss 2.072 bo 0 (26s)
  [pruned d=0.01 fg lr=0.0035 s0] step 2000/2150 val 0.7576 test 0.7704 loss 0.791 bo 0 (53s)
  [pruned d=0.01 fg lr=0.0035 s0] step 2150/2150 val 0.7582 test 0.7721 loss 0.817 bo 0 (57s)
  -> results\p3\h3lr\pruned_d0.01\fg_lr0.0035.json val 0.7579 test 0.7715 acc0 0.196 backoffs 0 perturbed 20,051 (57s)
  [pruned d=0.01 fg lr=0.0017 s0] step 1000/2150 val 0.1102 test 0.1141 loss 2.275 bo 0 (27s)
  [pruned d=0.01 fg lr=0.0017 s0] step 2000/2150 val 0.2534 test 0.2505 loss 2.251 bo 0 (53s)
  [pruned d=0.01 fg lr=0.0017 s0] step 2150/2150 val 0.2542 test 0.2514 loss 2.254 bo 0 (57s)
  -> results\p3\h3lr\pruned_d0.01\fg_lr0.0017.json val 0.2539 test 0.2511 acc0 0.196 backoffs 0 perturbed 20,051 (57s)
  [pruned d=0.01 fg lr=0.0008 s0] step 1000/2150 val 0.1094 test 0.1135 loss 2.287 bo 0 (27s)
  [pruned d=0.01 fg lr=0.0008 s0] step 2000/2150 val 0.1094 test 0.1135 loss 2.288 bo 0 (54s)
  [pruned d=0.01 fg lr=0.0008 s0] step 2150/2150 val 0.1094 test 0.1135 loss 2.288 bo 0 (58s)
  -> results\p3\h3lr\pruned_d0.01\fg_lr0.0008.json val 0.1094 test 0.1135 acc0 0.196 backoffs 0 perturbed 20,051 (58s)
  [pruned d=0.01 fg lr=0.0004 s0] step 1000/2150 val 0.1172 test 0.1189 loss 2.291 bo 0 (27s)
  [pruned d=0.01 fg lr=0.0004 s0] step 2000/2150 val 0.1094 test 0.1135 loss 2.293 bo 0 (54s)
  [pruned d=0.01 fg lr=0.0004 s0] step 2150/2150 val 0.1094 test 0.1135 loss 2.293 bo 0 (58s)
  -> results\p3\h3lr\pruned_d0.01\fg_lr0.0004.json val 0.1094 test 0.1135 acc0 0.196 backoffs 0 perturbed 20,051 (58s)
  [pruned d=0.01 fg lr=0.0002 s0] step 1000/2150 val 0.2528 test 0.2611 loss 2.294 bo 0 (27s)
  [pruned d=0.01 fg lr=0.0002 s0] step 2000/2150 val 0.1300 test 0.1309 loss 2.295 bo 0 (54s)
  [pruned d=0.01 fg lr=0.0002 s0] step 2150/2150 val 0.1296 test 0.1306 loss 2.294 bo 0 (58s)
  -> results\p3\h3lr\pruned_d0.01\fg_lr0.0002.json val 0.1297 test 0.1307 acc0 0.196 backoffs 0 perturbed 20,051 (58s)
  [pruned d=0.01 fg lr=0.0001 s0] step 1000/2150 val 0.3154 test 0.3066 loss 2.295 bo 0 (27s)
  [pruned d=0.01 fg lr=0.0001 s0] step 2000/2150 val 0.2952 test 0.2935 loss 2.296 bo 0 (54s)
  [pruned d=0.01 fg lr=0.0001 s0] step 2150/2150 val 0.2952 test 0.2935 loss 2.295 bo 0 (57s)
  -> results\p3\h3lr\pruned_d0.01\fg_lr0.0001.json val 0.2952 test 0.2935 acc0 0.196 backoffs 0 perturbed 20,051 (57s)
[lr3] pruned_d0.01/fg -> (0.015, 0.8727333333333332, 2)
  [random_degree d=0.01 bp lr=0.3 s0] step 1000/2150 val 0.9548 test 0.9550 loss 0.088 bo 0 (2s)
  [random_degree d=0.01 bp lr=0.3 s0] step 2000/2150 val 0.9692 test 0.9688 loss 0.050 bo 0 (4s)
  [random_degree d=0.01 bp lr=0.3 s0] step 2150/2150 val 0.9688 test 0.9691 loss 0.054 bo 0 (4s)
  -> results\p3\h3lr\random_degree_d0.01\bp_lr0.3.json val 0.9689 test 0.9689 acc0 0.096 backoffs 0 perturbed 20,051 (4s)
  [random_degree d=0.01 bp lr=0.15 s0] step 1000/2150 val 0.9516 test 0.9507 loss 0.123 bo 0 (2s)
  [random_degree d=0.01 bp lr=0.15 s0] step 2000/2150 val 0.9652 test 0.9667 loss 0.135 bo 0 (4s)
  [random_degree d=0.01 bp lr=0.15 s0] step 2150/2150 val 0.9662 test 0.9672 loss 0.068 bo 0 (4s)
  -> results\p3\h3lr\random_degree_d0.01\bp_lr0.15.json val 0.9659 test 0.9670 acc0 0.096 backoffs 0 perturbed 20,051 (4s)
  [random_degree d=0.01 bp lr=0.07 s0] step 1000/2150 val 0.9418 test 0.9415 loss 0.163 bo 0 (2s)
  [random_degree d=0.01 bp lr=0.07 s0] step 2000/2150 val 0.9556 test 0.9571 loss 0.200 bo 0 (4s)
  [random_degree d=0.01 bp lr=0.07 s0] step 2150/2150 val 0.9566 test 0.9577 loss 0.112 bo 0 (4s)
  -> results\p3\h3lr\random_degree_d0.01\bp_lr0.07.json val 0.9563 test 0.9576 acc0 0.096 backoffs 0 perturbed 20,051 (4s)
  [random_degree d=0.01 bp lr=0.035 s0] step 1000/2150 val 0.9174 test 0.9200 loss 0.255 bo 0 (2s)
  [random_degree d=0.01 bp lr=0.035 s0] step 2000/2150 val 0.9396 test 0.9404 loss 0.236 bo 0 (4s)
  [random_degree d=0.01 bp lr=0.035 s0] step 2150/2150 val 0.9390 test 0.9407 loss 0.203 bo 0 (4s)
  -> results\p3\h3lr\random_degree_d0.01\bp_lr0.035.json val 0.9392 test 0.9406 acc0 0.096 backoffs 0 perturbed 20,051 (4s)
  [random_degree d=0.01 bp lr=0.017 s0] step 1000/2150 val 0.8762 test 0.8864 loss 0.390 bo 0 (2s)
  [random_degree d=0.01 bp lr=0.017 s0] step 2000/2150 val 0.9056 test 0.9085 loss 0.312 bo 0 (4s)
  [random_degree d=0.01 bp lr=0.017 s0] step 2150/2150 val 0.9050 test 0.9085 loss 0.337 bo 0 (4s)
  -> results\p3\h3lr\random_degree_d0.01\bp_lr0.017.json val 0.9052 test 0.9084 acc0 0.096 backoffs 0 perturbed 20,051 (4s)
  [random_degree d=0.01 bp lr=0.008 s0] step 1000/2150 val 0.6152 test 0.6301 loss 1.129 bo 0 (2s)
  [random_degree d=0.01 bp lr=0.008 s0] step 2000/2150 val 0.8302 test 0.8442 loss 0.465 bo 0 (4s)
  [random_degree d=0.01 bp lr=0.008 s0] step 2150/2150 val 0.8302 test 0.8435 loss 0.514 bo 0 (4s)
  -> results\p3\h3lr\random_degree_d0.01\bp_lr0.008.json val 0.8302 test 0.8437 acc0 0.096 backoffs 0 perturbed 20,051 (4s)
  [random_degree d=0.01 bp lr=0.004 s0] step 1000/2150 val 0.1094 test 0.1135 loss 2.286 bo 0 (2s)
  [random_degree d=0.01 bp lr=0.004 s0] step 2000/2150 val 0.2434 test 0.2463 loss 2.070 bo 0 (4s)
  [random_degree d=0.01 bp lr=0.004 s0] step 2150/2150 val 0.2432 test 0.2463 loss 2.134 bo 0 (4s)
  -> results\p3\h3lr\random_degree_d0.01\bp_lr0.004.json val 0.2433 test 0.2463 acc0 0.096 backoffs 0 perturbed 20,051 (4s)
  [random_degree d=0.01 bp lr=0.002 s0] step 1000/2150 val 0.1094 test 0.1135 loss 2.296 bo 0 (2s)
  [random_degree d=0.01 bp lr=0.002 s0] step 2000/2150 val 0.1094 test 0.1135 loss 2.283 bo 0 (4s)
  [random_degree d=0.01 bp lr=0.002 s0] step 2150/2150 val 0.1094 test 0.1135 loss 2.296 bo 0 (4s)
  -> results\p3\h3lr\random_degree_d0.01\bp_lr0.002.json val 0.1094 test 0.1135 acc0 0.096 backoffs 0 perturbed 20,051 (4s)
  [random_degree d=0.01 bp lr=0.001 s0] step 1000/2150 val 0.1094 test 0.1135 loss 2.298 bo 0 (2s)
  [random_degree d=0.01 bp lr=0.001 s0] step 2000/2150 val 0.1094 test 0.1135 loss 2.288 bo 0 (4s)
  [random_degree d=0.01 bp lr=0.001 s0] step 2150/2150 val 0.1094 test 0.1135 loss 2.299 bo 0 (4s)
  -> results\p3\h3lr\random_degree_d0.01\bp_lr0.001.json val 0.1094 test 0.1135 acc0 0.096 backoffs 0 perturbed 20,051 (4s)
[lr3] random_degree_d0.01/bp -> (0.3, 0.9688666666666667, 0)
  [random_degree d=0.01 dfa s0] diverged at step 94: restore to 0 + lr -> 0.15 (backoff 1)
  [random_degree d=0.01 dfa s0] diverged at step 177: restore to 0 + lr -> 0.075 (backoff 2)
  [random_degree d=0.01 dfa s0] diverged at step 400: restore to 100 + lr -> 0.0375 (backoff 3)
  [random_degree d=0.01 dfa lr=0.0375 s0] step 1000/2150 val 0.8998 test 0.9080 loss 1.562 bo 3 (3s)
  [random_degree d=0.01 dfa lr=0.0375 s0] step 2000/2150 val 0.9344 test 0.9394 loss 0.407 bo 3 (4s)
  [random_degree d=0.01 dfa lr=0.0375 s0] step 2150/2150 val 0.9362 test 0.9411 loss 0.404 bo 3 (4s)
  -> results\p3\h3lr\random_degree_d0.01\dfa_lr0.3.json val 0.9355 test 0.9406 acc0 0.096 backoffs 3 perturbed 20,051 (4s)
  [random_degree d=0.01 dfa s0] diverged at step 142: restore to 0 + lr -> 0.075 (backoff 1)
  [random_degree d=0.01 dfa s0] diverged at step 389: restore to 100 + lr -> 0.0375 (backoff 2)
  [random_degree d=0.01 dfa lr=0.0375 s0] step 1000/2150 val 0.8400 test 0.8439 loss 0.812 bo 2 (2s)
  [random_degree d=0.01 dfa lr=0.0375 s0] step 2000/2150 val 0.9360 test 0.9392 loss 0.466 bo 2 (4s)
  [random_degree d=0.01 dfa lr=0.0375 s0] step 2150/2150 val 0.9386 test 0.9399 loss 0.252 bo 2 (4s)
  -> results\p3\h3lr\random_degree_d0.01\dfa_lr0.15.json val 0.9375 test 0.9397 acc0 0.096 backoffs 2 perturbed 20,051 (4s)
  [random_degree d=0.01 dfa s0] diverged at step 386: restore to 100 + lr -> 0.035 (backoff 1)
  [random_degree d=0.01 dfa lr=0.035 s0] step 1000/2150 val 0.8618 test 0.8646 loss 1.285 bo 1 (2s)
  [random_degree d=0.01 dfa lr=0.035 s0] step 2000/2150 val 0.9370 test 0.9428 loss 0.386 bo 1 (4s)
  [random_degree d=0.01 dfa lr=0.035 s0] step 2150/2150 val 0.9394 test 0.9424 loss 0.268 bo 1 (4s)
  -> results\p3\h3lr\random_degree_d0.01\dfa_lr0.07.json val 0.9387 test 0.9425 acc0 0.096 backoffs 1 perturbed 20,051 (4s)
  [random_degree d=0.01 dfa lr=0.035 s0] step 1000/2150 val 0.8892 test 0.8857 loss 0.417 bo 0 (2s)
  [random_degree d=0.01 dfa lr=0.035 s0] step 2000/2150 val 0.9384 test 0.9406 loss 0.489 bo 0 (3s)
  [random_degree d=0.01 dfa lr=0.035 s0] step 2150/2150 val 0.9370 test 0.9412 loss 0.224 bo 0 (3s)
  -> results\p3\h3lr\random_degree_d0.01\dfa_lr0.035.json val 0.9375 test 0.9411 acc0 0.096 backoffs 0 perturbed 20,051 (3s)
  [random_degree d=0.01 dfa lr=0.017 s0] step 1000/2150 val 0.9154 test 0.9222 loss 0.322 bo 0 (2s)
  [random_degree d=0.01 dfa lr=0.017 s0] step 2000/2150 val 0.9294 test 0.9372 loss 0.332 bo 0 (3s)
  [random_degree d=0.01 dfa lr=0.017 s0] step 2150/2150 val 0.9300 test 0.9367 loss 0.194 bo 0 (3s)
  -> results\p3\h3lr\random_degree_d0.01\dfa_lr0.017.json val 0.9299 test 0.9368 acc0 0.096 backoffs 0 perturbed 20,051 (3s)
  [random_degree d=0.01 dfa lr=0.008 s0] step 1000/2150 val 0.9038 test 0.9108 loss 0.358 bo 0 (2s)
  [random_degree d=0.01 dfa lr=0.008 s0] step 2000/2150 val 0.9144 test 0.9204 loss 0.360 bo 0 (3s)
  [random_degree d=0.01 dfa lr=0.008 s0] step 2150/2150 val 0.9150 test 0.9203 loss 0.275 bo 0 (3s)
  -> results\p3\h3lr\random_degree_d0.01\dfa_lr0.008.json val 0.9148 test 0.9203 acc0 0.096 backoffs 0 perturbed 20,051 (3s)
  [random_degree d=0.01 dfa lr=0.004 s0] step 1000/2150 val 0.8814 test 0.8915 loss 0.409 bo 0 (2s)
  [random_degree d=0.01 dfa lr=0.004 s0] step 2000/2150 val 0.8960 test 0.9034 loss 0.371 bo 0 (3s)
  [random_degree d=0.01 dfa lr=0.004 s0] step 2150/2150 val 0.8964 test 0.9038 loss 0.315 bo 0 (3s)
  -> results\p3\h3lr\random_degree_d0.01\dfa_lr0.004.json val 0.8963 test 0.9037 acc0 0.096 backoffs 0 perturbed 20,051 (3s)
  [random_degree d=0.01 dfa lr=0.002 s0] step 1000/2150 val 0.8576 test 0.8678 loss 0.495 bo 0 (2s)
  [random_degree d=0.01 dfa lr=0.002 s0] step 2000/2150 val 0.8742 test 0.8831 loss 0.398 bo 0 (3s)
  [random_degree d=0.01 dfa lr=0.002 s0] step 2150/2150 val 0.8744 test 0.8832 loss 0.363 bo 0 (3s)
  -> results\p3\h3lr\random_degree_d0.01\dfa_lr0.002.json val 0.8743 test 0.8831 acc0 0.096 backoffs 0 perturbed 20,051 (3s)
  [random_degree d=0.01 dfa lr=0.001 s0] step 1000/2150 val 0.8138 test 0.8240 loss 0.619 bo 0 (1s)
  [random_degree d=0.01 dfa lr=0.001 s0] step 2000/2150 val 0.8436 test 0.8538 loss 0.478 bo 0 (3s)
  [random_degree d=0.01 dfa lr=0.001 s0] step 2150/2150 val 0.8436 test 0.8537 loss 0.495 bo 0 (3s)
  -> results\p3\h3lr\random_degree_d0.01\dfa_lr0.001.json val 0.8436 test 0.8537 acc0 0.096 backoffs 0 perturbed 20,051 (3s)
[lr3] random_degree_d0.01/dfa -> (0.07, 0.9386666666666666, 1)
  [random_degree d=0.01 np s0] diverged at step 290: restore to 0 + lr -> 0.015 (backoff 1)
  [random_degree d=0.01 np s0] diverged at step 442: restore to 200 + lr -> 0.0075 (backoff 2)
  [random_degree d=0.01 np s0] diverged at step 758: restore to 500 + lr -> 0.00375 (backoff 3)
  [random_degree d=0.01 np lr=0.00375 s0] step 1000/2150 val 0.7972 test 0.8039 loss 0.698 bo 3 (4s)
  [random_degree d=0.01 np lr=0.00375 s0] step 2000/2150 val 0.8556 test 0.8575 loss 0.511 bo 3 (6s)
  [random_degree d=0.01 np lr=0.00375 s0] step 2150/2150 val 0.8556 test 0.8584 loss 0.546 bo 3 (7s)
  -> results\p3\h3lr\random_degree_d0.01\np_lr0.03.json val 0.8557 test 0.8580 acc0 0.096 backoffs 3 perturbed 20,051 (7s)
  [random_degree d=0.01 np s0] diverged at step 439: restore to 200 + lr -> 0.0075 (backoff 1)
  [random_degree d=0.01 np s0] diverged at step 783: restore to 500 + lr -> 0.00375 (backoff 2)
  [random_degree d=0.01 np lr=0.00375 s0] step 1000/2150 val 0.7844 test 0.7906 loss 0.557 bo 2 (3s)
  [random_degree d=0.01 np lr=0.00375 s0] step 2000/2150 val 0.8578 test 0.8650 loss 0.400 bo 2 (5s)
  [random_degree d=0.01 np lr=0.00375 s0] step 2150/2150 val 0.8576 test 0.8652 loss 0.585 bo 2 (6s)
  -> results\p3\h3lr\random_degree_d0.01\np_lr0.015.json val 0.8575 test 0.8650 acc0 0.096 backoffs 2 perturbed 20,051 (6s)
  [random_degree d=0.01 np s0] diverged at step 997: restore to 700 + lr -> 0.0035 (backoff 1)
  [random_degree d=0.01 np lr=0.0035 s0] step 1000/2150 val 0.6646 test 0.6790 loss 0.937 bo 1 (3s)
  [random_degree d=0.01 np lr=0.0035 s0] step 2000/2150 val 0.8544 test 0.8622 loss 0.401 bo 1 (5s)
  [random_degree d=0.01 np lr=0.0035 s0] step 2150/2150 val 0.8538 test 0.8608 loss 0.495 bo 1 (5s)
  -> results\p3\h3lr\random_degree_d0.01\np_lr0.007.json val 0.8541 test 0.8613 acc0 0.096 backoffs 1 perturbed 20,051 (5s)
  [random_degree d=0.01 np lr=0.0035 s0] step 1000/2150 val 0.5640 test 0.5741 loss 1.497 bo 0 (2s)
  [random_degree d=0.01 np lr=0.0035 s0] step 2000/2150 val 0.8024 test 0.8073 loss 0.708 bo 0 (4s)
  [random_degree d=0.01 np lr=0.0035 s0] step 2150/2150 val 0.8016 test 0.8078 loss 0.728 bo 0 (4s)
  -> results\p3\h3lr\random_degree_d0.01\np_lr0.0035.json val 0.8020 test 0.8077 acc0 0.096 backoffs 0 perturbed 20,051 (4s)
  [random_degree d=0.01 np lr=0.0017 s0] step 1000/2150 val 0.1100 test 0.1136 loss 2.292 bo 0 (2s)
  [random_degree d=0.01 np lr=0.0017 s0] step 2000/2150 val 0.2252 test 0.2441 loss 2.269 bo 0 (4s)
  [random_degree d=0.01 np lr=0.0017 s0] step 2150/2150 val 0.2232 test 0.2421 loss 2.269 bo 0 (5s)
  -> results\p3\h3lr\random_degree_d0.01\np_lr0.0017.json val 0.2239 test 0.2428 acc0 0.096 backoffs 0 perturbed 20,051 (5s)
  [random_degree d=0.01 np lr=0.0008 s0] step 1000/2150 val 0.1094 test 0.1135 loss 2.300 bo 0 (2s)
  [random_degree d=0.01 np lr=0.0008 s0] step 2000/2150 val 0.1094 test 0.1135 loss 2.301 bo 0 (4s)
  [random_degree d=0.01 np lr=0.0008 s0] step 2150/2150 val 0.1094 test 0.1135 loss 2.303 bo 0 (4s)
  -> results\p3\h3lr\random_degree_d0.01\np_lr0.0008.json val 0.1094 test 0.1135 acc0 0.096 backoffs 0 perturbed 20,051 (4s)
  [random_degree d=0.01 np lr=0.0004 s0] step 1000/2150 val 0.1094 test 0.1135 loss 2.301 bo 0 (2s)
  [random_degree d=0.01 np lr=0.0004 s0] step 2000/2150 val 0.1094 test 0.1135 loss 2.302 bo 0 (4s)
  [random_degree d=0.01 np lr=0.0004 s0] step 2150/2150 val 0.1094 test 0.1135 loss 2.304 bo 0 (5s)
  -> results\p3\h3lr\random_degree_d0.01\np_lr0.0004.json val 0.1094 test 0.1135 acc0 0.096 backoffs 0 perturbed 20,051 (5s)
  [random_degree d=0.01 np lr=0.0002 s0] step 1000/2150 val 0.1094 test 0.1135 loss 2.301 bo 0 (2s)
  [random_degree d=0.01 np lr=0.0002 s0] step 2000/2150 val 0.1094 test 0.1135 loss 2.303 bo 0 (4s)
  [random_degree d=0.01 np lr=0.0002 s0] step 2150/2150 val 0.1094 test 0.1135 loss 2.304 bo 0 (4s)
  -> results\p3\h3lr\random_degree_d0.01\np_lr0.0002.json val 0.1094 test 0.1135 acc0 0.096 backoffs 0 perturbed 20,051 (4s)
  [random_degree d=0.01 np lr=0.0001 s0] step 1000/2150 val 0.1210 test 0.1282 loss 2.302 bo 0 (2s)
  [random_degree d=0.01 np lr=0.0001 s0] step 2000/2150 val 0.1112 test 0.1153 loss 2.303 bo 0 (4s)
  [random_degree d=0.01 np lr=0.0001 s0] step 2150/2150 val 0.1110 test 0.1152 loss 2.304 bo 0 (5s)
  -> results\p3\h3lr\random_degree_d0.01\np_lr0.0001.json val 0.1111 test 0.1152 acc0 0.096 backoffs 0 perturbed 20,051 (5s)
[lr3] random_degree_d0.01/np -> (0.015, 0.8574666666666667, 2)
  [random_degree d=0.01 fg s0] diverged at step 316: restore to 100 + lr -> 0.015 (backoff 1)
  [random_degree d=0.01 fg s0] diverged at step 476: restore to 200 + lr -> 0.0075 (backoff 2)
  [random_degree d=0.01 fg s0] diverged at step 783: restore to 500 + lr -> 0.00375 (backoff 3)
  [random_degree d=0.01 fg lr=0.00375 s0] step 1000/2150 val 0.7028 test 0.7073 loss 1.090 bo 3 (46s)
  [random_degree d=0.01 fg lr=0.00375 s0] step 2000/2150 val 0.8250 test 0.8323 loss 0.498 bo 3 (72s)
  [random_degree d=0.01 fg lr=0.00375 s0] step 2150/2150 val 0.8252 test 0.8320 loss 0.587 bo 3 (76s)
  -> results\p3\h3lr\random_degree_d0.01\fg_lr0.03.json val 0.8253 test 0.8321 acc0 0.096 backoffs 3 perturbed 20,051 (76s)
  [random_degree d=0.01 fg s0] diverged at step 477: restore to 200 + lr -> 0.0075 (backoff 1)
  [random_degree d=0.01 fg s0] diverged at step 803: restore to 600 + lr -> 0.00375 (backoff 2)
  [random_degree d=0.01 fg lr=0.00375 s0] step 1000/2150 val 0.7424 test 0.7572 loss 0.814 bo 2 (39s)
  [random_degree d=0.01 fg lr=0.00375 s0] step 2000/2150 val 0.8116 test 0.8274 loss 0.492 bo 2 (64s)
  [random_degree d=0.01 fg lr=0.00375 s0] step 2150/2150 val 0.8114 test 0.8286 loss 0.401 bo 2 (68s)
  -> results\p3\h3lr\random_degree_d0.01\fg_lr0.015.json val 0.8116 test 0.8282 acc0 0.096 backoffs 2 perturbed 20,051 (68s)
  [random_degree d=0.01 fg lr=0.007 s0] step 1000/2150 val 0.3080 test 0.3012 loss 6.518 bo 0 (26s)
  [random_degree d=0.01 fg s0] diverged at step 1011: restore to 800 + lr -> 0.0035 (backoff 1)
  [random_degree d=0.01 fg lr=0.0035 s0] step 1000/2150 val 0.6966 test 0.6984 loss 0.978 bo 1 (31s)
  [random_degree d=0.01 fg lr=0.0035 s0] step 2000/2150 val 0.8090 test 0.8255 loss 0.468 bo 1 (58s)
  [random_degree d=0.01 fg lr=0.0035 s0] step 2150/2150 val 0.8100 test 0.8263 loss 0.745 bo 1 (61s)
  -> results\p3\h3lr\random_degree_d0.01\fg_lr0.007.json val 0.8097 test 0.8260 acc0 0.096 backoffs 1 perturbed 20,051 (61s)
  [random_degree d=0.01 fg lr=0.0035 s0] step 1000/2150 val 0.1188 test 0.1225 loss 2.280 bo 0 (26s)
  [random_degree d=0.01 fg lr=0.0035 s0] step 2000/2150 val 0.3824 test 0.3864 loss 2.115 bo 0 (52s)
  [random_degree d=0.01 fg lr=0.0035 s0] step 2150/2150 val 0.3830 test 0.3865 loss 2.149 bo 0 (56s)
  -> results\p3\h3lr\random_degree_d0.01\fg_lr0.0035.json val 0.3828 test 0.3866 acc0 0.096 backoffs 0 perturbed 20,051 (56s)
  [random_degree d=0.01 fg lr=0.0017 s0] step 1000/2150 val 0.1094 test 0.1135 loss 2.294 bo 0 (27s)
  [random_degree d=0.01 fg lr=0.0017 s0] step 2000/2150 val 0.1094 test 0.1135 loss 2.300 bo 0 (53s)
  [random_degree d=0.01 fg lr=0.0017 s0] step 2150/2150 val 0.1094 test 0.1135 loss 2.301 bo 0 (56s)
  -> results\p3\h3lr\random_degree_d0.01\fg_lr0.0017.json val 0.1094 test 0.1135 acc0 0.096 backoffs 0 perturbed 20,051 (56s)
  [random_degree d=0.01 fg lr=0.0008 s0] step 1000/2150 val 0.1094 test 0.1135 loss 2.298 bo 0 (26s)
  [random_degree d=0.01 fg lr=0.0008 s0] step 2000/2150 val 0.1094 test 0.1135 loss 2.303 bo 0 (52s)
  [random_degree d=0.01 fg lr=0.0008 s0] step 2150/2150 val 0.1094 test 0.1135 loss 2.303 bo 0 (56s)
  -> results\p3\h3lr\random_degree_d0.01\fg_lr0.0008.json val 0.1094 test 0.1135 acc0 0.096 backoffs 0 perturbed 20,051 (56s)
  [random_degree d=0.01 fg lr=0.0004 s0] step 1000/2150 val 0.1094 test 0.1135 loss 2.300 bo 0 (27s)
  [random_degree d=0.01 fg lr=0.0004 s0] step 2000/2150 val 0.1094 test 0.1135 loss 2.303 bo 0 (52s)
  [random_degree d=0.01 fg lr=0.0004 s0] step 2150/2150 val 0.1094 test 0.1135 loss 2.302 bo 0 (56s)
  -> results\p3\h3lr\random_degree_d0.01\fg_lr0.0004.json val 0.1094 test 0.1135 acc0 0.096 backoffs 0 perturbed 20,051 (56s)
  [random_degree d=0.01 fg lr=0.0002 s0] step 1000/2150 val 0.1094 test 0.1135 loss 2.301 bo 0 (26s)
  [random_degree d=0.01 fg lr=0.0002 s0] step 2000/2150 val 0.1094 test 0.1135 loss 2.303 bo 0 (52s)
  [random_degree d=0.01 fg lr=0.0002 s0] step 2150/2150 val 0.1094 test 0.1135 loss 2.302 bo 0 (56s)
  -> results\p3\h3lr\random_degree_d0.01\fg_lr0.0002.json val 0.1094 test 0.1135 acc0 0.096 backoffs 0 perturbed 20,051 (56s)
  [random_degree d=0.01 fg lr=0.0001 s0] step 1000/2150 val 0.1020 test 0.0958 loss 2.302 bo 0 (26s)
  [random_degree d=0.01 fg lr=0.0001 s0] step 2000/2150 val 0.1442 test 0.1498 loss 2.303 bo 0 (52s)
  [random_degree d=0.01 fg lr=0.0001 s0] step 2150/2150 val 0.1438 test 0.1492 loss 2.302 bo 0 (56s)
  -> results\p3\h3lr\random_degree_d0.01\fg_lr0.0001.json val 0.1439 test 0.1494 acc0 0.096 backoffs 0 perturbed 20,051 (56s)
[lr3] random_degree_d0.01/fg -> (0.03, 0.8252666666666667, 3)
  [random_mask d=0.01 bp lr=0.3 s0] step 1000/2150 val 0.9154 test 0.9184 loss 0.317 bo 0 (2s)
  [random_mask d=0.01 bp lr=0.3 s0] step 2000/2150 val 0.9454 test 0.9461 loss 0.274 bo 0 (4s)
  [random_mask d=0.01 bp lr=0.3 s0] step 2150/2150 val 0.9456 test 0.9468 loss 0.161 bo 0 (4s)
  -> results\p3\h3lr\random_mask_d0.01\bp_lr0.3.json val 0.9455 test 0.9466 acc0 0.096 backoffs 0 perturbed 20,673 (4s)
  [random_mask d=0.01 bp lr=0.15 s0] step 1000/2150 val 0.9060 test 0.9087 loss 0.372 bo 0 (2s)
  [random_mask d=0.01 bp lr=0.15 s0] step 2000/2150 val 0.9256 test 0.9304 loss 0.393 bo 0 (4s)
  [random_mask d=0.01 bp lr=0.15 s0] step 2150/2150 val 0.9270 test 0.9305 loss 0.177 bo 0 (4s)
  -> results\p3\h3lr\random_mask_d0.01\bp_lr0.15.json val 0.9265 test 0.9305 acc0 0.096 backoffs 0 perturbed 20,673 (4s)
  [random_mask d=0.01 bp lr=0.07 s0] step 1000/2150 val 0.8686 test 0.8704 loss 0.388 bo 0 (2s)
  [random_mask d=0.01 bp lr=0.07 s0] step 2000/2150 val 0.8976 test 0.9018 loss 0.486 bo 0 (4s)
  [random_mask d=0.01 bp lr=0.07 s0] step 2150/2150 val 0.8984 test 0.9025 loss 0.239 bo 0 (4s)
  -> results\p3\h3lr\random_mask_d0.01\bp_lr0.07.json val 0.8981 test 0.9023 acc0 0.096 backoffs 0 perturbed 20,673 (4s)
  [random_mask d=0.01 bp lr=0.035 s0] step 1000/2150 val 0.6700 test 0.6717 loss 1.003 bo 0 (2s)
  [random_mask d=0.01 bp lr=0.035 s0] step 2000/2150 val 0.8444 test 0.8441 loss 0.552 bo 0 (4s)
  [random_mask d=0.01 bp lr=0.035 s0] step 2150/2150 val 0.8422 test 0.8442 loss 0.496 bo 0 (4s)
  -> results\p3\h3lr\random_mask_d0.01\bp_lr0.035.json val 0.8429 test 0.8441 acc0 0.096 backoffs 0 perturbed 20,673 (4s)
  [random_mask d=0.01 bp lr=0.017 s0] step 1000/2150 val 0.1094 test 0.1135 loss 2.294 bo 0 (2s)
  [random_mask d=0.01 bp lr=0.017 s0] step 2000/2150 val 0.2904 test 0.3007 loss 1.944 bo 0 (3s)
  [random_mask d=0.01 bp lr=0.017 s0] step 2150/2150 val 0.2908 test 0.3008 loss 2.054 bo 0 (4s)
  -> results\p3\h3lr\random_mask_d0.01\bp_lr0.017.json val 0.2907 test 0.3008 acc0 0.096 backoffs 0 perturbed 20,673 (4s)
  [random_mask d=0.01 bp lr=0.008 s0] step 1000/2150 val 0.1094 test 0.1135 loss 2.297 bo 0 (2s)
  [random_mask d=0.01 bp lr=0.008 s0] step 2000/2150 val 0.1094 test 0.1135 loss 2.286 bo 0 (4s)
  [random_mask d=0.01 bp lr=0.008 s0] step 2150/2150 val 0.1094 test 0.1135 loss 2.299 bo 0 (4s)
  -> results\p3\h3lr\random_mask_d0.01\bp_lr0.008.json val 0.1094 test 0.1135 acc0 0.096 backoffs 0 perturbed 20,673 (4s)
  [random_mask d=0.01 bp lr=0.004 s0] step 1000/2150 val 0.1094 test 0.1135 loss 2.297 bo 0 (2s)
  [random_mask d=0.01 bp lr=0.004 s0] step 2000/2150 val 0.1094 test 0.1135 loss 2.287 bo 0 (4s)
  [random_mask d=0.01 bp lr=0.004 s0] step 2150/2150 val 0.1094 test 0.1135 loss 2.300 bo 0 (4s)
  -> results\p3\h3lr\random_mask_d0.01\bp_lr0.004.json val 0.1094 test 0.1135 acc0 0.096 backoffs 0 perturbed 20,673 (4s)
  [random_mask d=0.01 bp lr=0.002 s0] step 1000/2150 val 0.1094 test 0.1135 loss 2.298 bo 0 (2s)
  [random_mask d=0.01 bp lr=0.002 s0] step 2000/2150 val 0.1094 test 0.1135 loss 2.288 bo 0 (4s)
  [random_mask d=0.01 bp lr=0.002 s0] step 2150/2150 val 0.1094 test 0.1135 loss 2.300 bo 0 (4s)
  -> results\p3\h3lr\random_mask_d0.01\bp_lr0.002.json val 0.1094 test 0.1135 acc0 0.096 backoffs 0 perturbed 20,673 (4s)
  [random_mask d=0.01 bp lr=0.001 s0] step 1000/2150 val 0.1094 test 0.1135 loss 2.299 bo 0 (2s)
  [random_mask d=0.01 bp lr=0.001 s0] step 2000/2150 val 0.1094 test 0.1135 loss 2.290 bo 0 (4s)
  [random_mask d=0.01 bp lr=0.001 s0] step 2150/2150 val 0.1094 test 0.1135 loss 2.300 bo 0 (4s)
  -> results\p3\h3lr\random_mask_d0.01\bp_lr0.001.json val 0.1094 test 0.1135 acc0 0.096 backoffs 0 perturbed 20,673 (4s)
[lr3] random_mask_d0.01/bp -> (0.3, 0.9454666666666668, 0)
  [random_mask d=0.01 dfa s0] diverged at step 115: restore to 0 + lr -> 0.15 (backoff 1)
  [random_mask d=0.01 dfa s0] diverged at step 199: restore to 0 + lr -> 0.075 (backoff 2)
  [random_mask d=0.01 dfa s0] diverged at step 390: restore to 100 + lr -> 0.0375 (backoff 3)
  [random_mask d=0.01 dfa s0] diverged at step 978: restore to 700 + lr -> 0.01875 (backoff 4)
  [random_mask d=0.01 dfa lr=0.01875 s0] step 1000/2150 val 0.8416 test 0.8576 loss 2.517 bo 4 (3s)
  [random_mask d=0.01 dfa lr=0.01875 s0] step 2000/2150 val 0.8868 test 0.8906 loss 0.446 bo 4 (4s)
  [random_mask d=0.01 dfa lr=0.01875 s0] step 2150/2150 val 0.8884 test 0.8944 loss 0.910 bo 4 (4s)
  -> results\p3\h3lr\random_mask_d0.01\dfa_lr0.3.json val 0.8878 test 0.8932 acc0 0.096 backoffs 4 perturbed 20,673 (4s)
  [random_mask d=0.01 dfa s0] diverged at step 209: restore to 0 + lr -> 0.075 (backoff 1)
  [random_mask d=0.01 dfa s0] diverged at step 317: restore to 100 + lr -> 0.0375 (backoff 2)
  [random_mask d=0.01 dfa s0] diverged at step 817: restore to 600 + lr -> 0.01875 (backoff 3)
  [random_mask d=0.01 dfa lr=0.01875 s0] step 1000/2150 val 0.8304 test 0.8343 loss 2.123 bo 3 (2s)
  [random_mask d=0.01 dfa lr=0.01875 s0] step 2000/2150 val 0.8924 test 0.8941 loss 0.613 bo 3 (4s)
  [random_mask d=0.01 dfa lr=0.01875 s0] step 2150/2150 val 0.8932 test 0.8967 loss 0.418 bo 3 (4s)
  -> results\p3\h3lr\random_mask_d0.01\dfa_lr0.15.json val 0.8929 test 0.8958 acc0 0.096 backoffs 3 perturbed 20,673 (4s)
  [random_mask d=0.01 dfa s0] diverged at step 402: restore to 200 + lr -> 0.035 (backoff 1)
  [random_mask d=0.01 dfa s0] diverged at step 723: restore to 500 + lr -> 0.0175 (backoff 2)
  [random_mask d=0.01 dfa lr=0.0175 s0] step 1000/2150 val 0.8218 test 0.8266 loss 2.473 bo 2 (2s)
  [random_mask d=0.01 dfa lr=0.0175 s0] step 2000/2150 val 0.8924 test 0.8967 loss 0.542 bo 2 (4s)
  [random_mask d=0.01 dfa lr=0.0175 s0] step 2150/2150 val 0.8914 test 0.8964 loss 0.530 bo 2 (4s)
  -> results\p3\h3lr\random_mask_d0.01\dfa_lr0.07.json val 0.8915 test 0.8965 acc0 0.096 backoffs 2 perturbed 20,673 (4s)
  [random_mask d=0.01 dfa lr=0.035 s0] step 1000/2150 val 0.8070 test 0.8104 loss 12.710 bo 0 (2s)
  [random_mask d=0.01 dfa lr=0.035 s0] step 2000/2150 val 0.8922 test 0.8986 loss 3.392 bo 0 (3s)
  [random_mask d=0.01 dfa lr=0.035 s0] step 2150/2150 val 0.8950 test 0.9014 loss 2.070 bo 0 (3s)
  -> results\p3\h3lr\random_mask_d0.01\dfa_lr0.035.json val 0.8937 test 0.9005 acc0 0.096 backoffs 0 perturbed 20,673 (3s)
  [random_mask d=0.01 dfa lr=0.017 s0] step 1000/2150 val 0.8188 test 0.8279 loss 0.775 bo 0 (1s)
  [random_mask d=0.01 dfa lr=0.017 s0] step 2000/2150 val 0.8936 test 0.9006 loss 0.439 bo 0 (3s)
  [random_mask d=0.01 dfa lr=0.017 s0] step 2150/2150 val 0.8950 test 0.9008 loss 0.288 bo 0 (3s)
  -> results\p3\h3lr\random_mask_d0.01\dfa_lr0.017.json val 0.8948 test 0.9008 acc0 0.096 backoffs 0 perturbed 20,673 (3s)
  [random_mask d=0.01 dfa lr=0.008 s0] step 1000/2150 val 0.8566 test 0.8661 loss 0.511 bo 0 (1s)
  [random_mask d=0.01 dfa lr=0.008 s0] step 2000/2150 val 0.8766 test 0.8846 loss 0.400 bo 0 (3s)
  [random_mask d=0.01 dfa lr=0.008 s0] step 2150/2150 val 0.8768 test 0.8842 loss 0.334 bo 0 (3s)
  -> results\p3\h3lr\random_mask_d0.01\dfa_lr0.008.json val 0.8767 test 0.8844 acc0 0.096 backoffs 0 perturbed 20,673 (3s)
  [random_mask d=0.01 dfa lr=0.004 s0] step 1000/2150 val 0.8044 test 0.8196 loss 0.582 bo 0 (1s)
  [random_mask d=0.01 dfa lr=0.004 s0] step 2000/2150 val 0.8366 test 0.8519 loss 0.465 bo 0 (3s)
  [random_mask d=0.01 dfa lr=0.004 s0] step 2150/2150 val 0.8368 test 0.8531 loss 0.406 bo 0 (3s)
  -> results\p3\h3lr\random_mask_d0.01\dfa_lr0.004.json val 0.8367 test 0.8527 acc0 0.096 backoffs 0 perturbed 20,673 (3s)
  [random_mask d=0.01 dfa lr=0.002 s0] step 1000/2150 val 0.7018 test 0.7182 loss 0.864 bo 0 (1s)
  [random_mask d=0.01 dfa lr=0.002 s0] step 2000/2150 val 0.7678 test 0.7915 loss 0.638 bo 0 (3s)
  [random_mask d=0.01 dfa lr=0.002 s0] step 2150/2150 val 0.7676 test 0.7914 loss 0.589 bo 0 (3s)
  -> results\p3\h3lr\random_mask_d0.01\dfa_lr0.002.json val 0.7677 test 0.7914 acc0 0.096 backoffs 0 perturbed 20,673 (3s)
  [random_mask d=0.01 dfa lr=0.001 s0] step 1000/2150 val 0.4592 test 0.4751 loss 1.757 bo 0 (1s)
  [random_mask d=0.01 dfa lr=0.001 s0] step 2000/2150 val 0.6026 test 0.6127 loss 1.171 bo 0 (3s)
  [random_mask d=0.01 dfa lr=0.001 s0] step 2150/2150 val 0.6030 test 0.6137 loss 1.264 bo 0 (3s)
  -> results\p3\h3lr\random_mask_d0.01\dfa_lr0.001.json val 0.6029 test 0.6134 acc0 0.096 backoffs 0 perturbed 20,673 (3s)
[lr3] random_mask_d0.01/dfa -> (0.017, 0.8948, 0)
  [random_mask d=0.01 np s0] diverged at step 415: restore to 200 + lr -> 0.015 (backoff 1)
  [random_mask d=0.01 np s0] diverged at step 632: restore to 400 + lr -> 0.0075 (backoff 2)
  [random_mask d=0.01 np lr=0.0075 s0] step 1000/2150 val 0.7026 test 0.7076 loss 0.751 bo 2 (3s)
  [random_mask d=0.01 np lr=0.0075 s0] step 2000/2150 val 0.8050 test 0.8092 loss 0.574 bo 2 (5s)
  [random_mask d=0.01 np lr=0.0075 s0] step 2150/2150 val 0.8044 test 0.8092 loss 0.738 bo 2 (6s)
  -> results\p3\h3lr\random_mask_d0.01\np_lr0.03.json val 0.8047 test 0.8092 acc0 0.096 backoffs 2 perturbed 20,673 (6s)
  [random_mask d=0.01 np s0] diverged at step 686: restore to 400 + lr -> 0.0075 (backoff 1)
  [random_mask d=0.01 np lr=0.0075 s0] step 1000/2150 val 0.6536 test 0.6531 loss 1.153 bo 1 (3s)
  [random_mask d=0.01 np lr=0.0075 s0] step 2000/2150 val 0.7892 test 0.7953 loss 0.830 bo 1 (5s)
  [random_mask d=0.01 np lr=0.0075 s0] step 2150/2150 val 0.7862 test 0.7949 loss 1.054 bo 1 (5s)
  -> results\p3\h3lr\random_mask_d0.01\np_lr0.015.json val 0.7873 test 0.7950 acc0 0.096 backoffs 1 perturbed 20,673 (5s)
  [random_mask d=0.01 np lr=0.007 s0] step 1000/2150 val 0.5222 test 0.5355 loss 1.576 bo 0 (2s)
  [random_mask d=0.01 np lr=0.007 s0] step 2000/2150 val 0.7564 test 0.7526 loss 0.883 bo 0 (4s)
  [random_mask d=0.01 np lr=0.007 s0] step 2150/2150 val 0.7554 test 0.7540 loss 0.831 bo 0 (4s)
  -> results\p3\h3lr\random_mask_d0.01\np_lr0.007.json val 0.7555 test 0.7533 acc0 0.096 backoffs 0 perturbed 20,673 (4s)
  [random_mask d=0.01 np lr=0.0035 s0] step 1000/2150 val 0.1094 test 0.1135 loss 2.296 bo 0 (2s)
  [random_mask d=0.01 np lr=0.0035 s0] step 2000/2150 val 0.2670 test 0.2770 loss 2.277 bo 0 (4s)
  [random_mask d=0.01 np lr=0.0035 s0] step 2150/2150 val 0.2642 test 0.2749 loss 2.270 bo 0 (5s)
  -> results\p3\h3lr\random_mask_d0.01\np_lr0.0035.json val 0.2651 test 0.2758 acc0 0.096 backoffs 0 perturbed 20,673 (5s)
  [random_mask d=0.01 np lr=0.0017 s0] step 1000/2150 val 0.1094 test 0.1135 loss 2.301 bo 0 (2s)
  [random_mask d=0.01 np lr=0.0017 s0] step 2000/2150 val 0.1094 test 0.1135 loss 2.303 bo 0 (4s)
  [random_mask d=0.01 np lr=0.0017 s0] step 2150/2150 val 0.1094 test 0.1135 loss 2.302 bo 0 (5s)
  -> results\p3\h3lr\random_mask_d0.01\np_lr0.0017.json val 0.1094 test 0.1135 acc0 0.096 backoffs 0 perturbed 20,673 (5s)
  [random_mask d=0.01 np lr=0.0008 s0] step 1000/2150 val 0.1094 test 0.1135 loss 2.301 bo 0 (2s)
  [random_mask d=0.01 np lr=0.0008 s0] step 2000/2150 val 0.1094 test 0.1135 loss 2.303 bo 0 (4s)
  [random_mask d=0.01 np lr=0.0008 s0] step 2150/2150 val 0.1094 test 0.1135 loss 2.304 bo 0 (4s)
  -> results\p3\h3lr\random_mask_d0.01\np_lr0.0008.json val 0.1094 test 0.1135 acc0 0.096 backoffs 0 perturbed 20,673 (4s)
  [random_mask d=0.01 np lr=0.0004 s0] step 1000/2150 val 0.1094 test 0.1135 loss 2.301 bo 0 (2s)
  [random_mask d=0.01 np lr=0.0004 s0] step 2000/2150 val 0.1094 test 0.1135 loss 2.303 bo 0 (4s)
  [random_mask d=0.01 np lr=0.0004 s0] step 2150/2150 val 0.1094 test 0.1135 loss 2.304 bo 0 (4s)
  -> results\p3\h3lr\random_mask_d0.01\np_lr0.0004.json val 0.1094 test 0.1135 acc0 0.096 backoffs 0 perturbed 20,673 (4s)
  [random_mask d=0.01 np lr=0.0002 s0] step 1000/2150 val 0.1094 test 0.1135 loss 2.302 bo 0 (2s)
  [random_mask d=0.01 np lr=0.0002 s0] step 2000/2150 val 0.1094 test 0.1135 loss 2.303 bo 0 (4s)
  [random_mask d=0.01 np lr=0.0002 s0] step 2150/2150 val 0.1094 test 0.1135 loss 2.304 bo 0 (4s)
  -> results\p3\h3lr\random_mask_d0.01\np_lr0.0002.json val 0.1094 test 0.1135 acc0 0.096 backoffs 0 perturbed 20,673 (4s)
  [random_mask d=0.01 np lr=0.0001 s0] step 1000/2150 val 0.1094 test 0.1135 loss 2.302 bo 0 (2s)
  [random_mask d=0.01 np lr=0.0001 s0] step 2000/2150 val 0.1094 test 0.1135 loss 2.303 bo 0 (4s)
  [random_mask d=0.01 np lr=0.0001 s0] step 2150/2150 val 0.1094 test 0.1135 loss 2.304 bo 0 (5s)
  -> results\p3\h3lr\random_mask_d0.01\np_lr0.0001.json val 0.1094 test 0.1135 acc0 0.096 backoffs 0 perturbed 20,673 (5s)
[lr3] random_mask_d0.01/np -> (0.03, 0.8046666666666665, 2)
  [random_mask d=0.01 fg s0] diverged at step 432: restore to 200 + lr -> 0.015 (backoff 1)
  [random_mask d=0.01 fg s0] diverged at step 746: restore to 500 + lr -> 0.0075 (backoff 2)
  [random_mask d=0.01 fg lr=0.0075 s0] step 1000/2150 val 0.7090 test 0.7171 loss 1.026 bo 2 (39s)
  [random_mask d=0.01 fg lr=0.0075 s0] step 2000/2150 val 0.8178 test 0.8318 loss 0.614 bo 2 (65s)
  [random_mask d=0.01 fg lr=0.0075 s0] step 2150/2150 val 0.8182 test 0.8317 loss 0.705 bo 2 (68s)
  -> results\p3\h3lr\random_mask_d0.01\fg_lr0.03.json val 0.8181 test 0.8317 acc0 0.096 backoffs 2 perturbed 20,673 (68s)
  [random_mask d=0.01 fg s0] diverged at step 774: restore to 500 + lr -> 0.0075 (backoff 1)
  [random_mask d=0.01 fg lr=0.0075 s0] step 1000/2150 val 0.6436 test 0.6667 loss 0.907 bo 1 (34s)
  [random_mask d=0.01 fg lr=0.0075 s0] step 2000/2150 val 0.7902 test 0.8113 loss 0.670 bo 1 (59s)
  [random_mask d=0.01 fg lr=0.0075 s0] step 2150/2150 val 0.7908 test 0.8107 loss 0.694 bo 1 (63s)
  -> results\p3\h3lr\random_mask_d0.01\fg_lr0.015.json val 0.7907 test 0.8109 acc0 0.096 backoffs 1 perturbed 20,673 (63s)
  [random_mask d=0.01 fg lr=0.007 s0] step 1000/2150 val 0.2112 test 0.2147 loss 2.267 bo 0 (26s)
  [random_mask d=0.01 fg lr=0.007 s0] step 2000/2150 val 0.4148 test 0.4235 loss 1.757 bo 0 (52s)
  [random_mask d=0.01 fg lr=0.007 s0] step 2150/2150 val 0.4144 test 0.4240 loss 1.898 bo 0 (56s)
  -> results\p3\h3lr\random_mask_d0.01\fg_lr0.007.json val 0.4146 test 0.4238 acc0 0.096 backoffs 0 perturbed 20,673 (56s)
  [random_mask d=0.01 fg lr=0.0035 s0] step 1000/2150 val 0.1094 test 0.1135 loss 2.293 bo 0 (26s)
  [random_mask d=0.01 fg lr=0.0035 s0] step 2000/2150 val 0.1094 test 0.1135 loss 2.304 bo 0 (52s)
  [random_mask d=0.01 fg lr=0.0035 s0] step 2150/2150 val 0.1094 test 0.1135 loss 2.303 bo 0 (56s)
  -> results\p3\h3lr\random_mask_d0.01\fg_lr0.0035.json val 0.1094 test 0.1135 acc0 0.096 backoffs 0 perturbed 20,673 (56s)
  [random_mask d=0.01 fg lr=0.0017 s0] step 1000/2150 val 0.1094 test 0.1135 loss 2.296 bo 0 (27s)
  [random_mask d=0.01 fg lr=0.0017 s0] step 2000/2150 val 0.1094 test 0.1135 loss 2.305 bo 0 (53s)
  [random_mask d=0.01 fg lr=0.0017 s0] step 2150/2150 val 0.1094 test 0.1135 loss 2.305 bo 0 (56s)
  -> results\p3\h3lr\random_mask_d0.01\fg_lr0.0017.json val 0.1094 test 0.1135 acc0 0.096 backoffs 0 perturbed 20,673 (56s)
  [random_mask d=0.01 fg lr=0.0008 s0] step 1000/2150 val 0.1094 test 0.1135 loss 2.298 bo 0 (26s)
  [random_mask d=0.01 fg lr=0.0008 s0] step 2000/2150 val 0.1094 test 0.1135 loss 2.304 bo 0 (52s)
  [random_mask d=0.01 fg lr=0.0008 s0] step 2150/2150 val 0.1094 test 0.1135 loss 2.304 bo 0 (56s)
  -> results\p3\h3lr\random_mask_d0.01\fg_lr0.0008.json val 0.1094 test 0.1135 acc0 0.096 backoffs 0 perturbed 20,673 (56s)
  [random_mask d=0.01 fg lr=0.0004 s0] step 1000/2150 val 0.1094 test 0.1135 loss 2.300 bo 0 (26s)
  [random_mask d=0.01 fg lr=0.0004 s0] step 2000/2150 val 0.1094 test 0.1135 loss 2.304 bo 0 (52s)
  [random_mask d=0.01 fg lr=0.0004 s0] step 2150/2150 val 0.1094 test 0.1135 loss 2.303 bo 0 (56s)
  -> results\p3\h3lr\random_mask_d0.01\fg_lr0.0004.json val 0.1094 test 0.1135 acc0 0.096 backoffs 0 perturbed 20,673 (56s)
  [random_mask d=0.01 fg lr=0.0002 s0] step 1000/2150 val 0.1094 test 0.1135 loss 2.301 bo 0 (26s)
  [random_mask d=0.01 fg lr=0.0002 s0] step 2000/2150 val 0.1094 test 0.1135 loss 2.304 bo 0 (53s)
  [random_mask d=0.01 fg lr=0.0002 s0] step 2150/2150 val 0.1094 test 0.1135 loss 2.303 bo 0 (57s)
  -> results\p3\h3lr\random_mask_d0.01\fg_lr0.0002.json val 0.1094 test 0.1135 acc0 0.096 backoffs 0 perturbed 20,673 (57s)
  [random_mask d=0.01 fg lr=0.0001 s0] step 1000/2150 val 0.1020 test 0.0958 loss 2.302 bo 0 (26s)
  [random_mask d=0.01 fg lr=0.0001 s0] step 2000/2150 val 0.1094 test 0.1135 loss 2.304 bo 0 (52s)
  [random_mask d=0.01 fg lr=0.0001 s0] step 2150/2150 val 0.1094 test 0.1135 loss 2.302 bo 0 (56s)
  -> results\p3\h3lr\random_mask_d0.01\fg_lr0.0001.json val 0.1094 test 0.1135 acc0 0.096 backoffs 0 perturbed 20,673 (56s)
[lr3] random_mask_d0.01/fg -> (0.03, 0.8180666666666667, 2)
  [dense_small d=0.01 bp lr=0.3 s0] step 1000/2150 val 0.1928 test 0.1994 loss 1.918 bo 0 (2s)
  [dense_small d=0.01 bp lr=0.3 s0] step 2000/2150 val 0.1976 test 0.2051 loss 1.839 bo 0 (3s)
  [dense_small d=0.01 bp lr=0.3 s0] step 2150/2150 val 0.1978 test 0.2049 loss 1.932 bo 0 (3s)
  -> results\p3\h3lr\dense_small_d0.01\bp_lr0.3.json val 0.1977 test 0.2050 acc0 0.095 backoffs 0 perturbed 18,847 (3s)
  [dense_small d=0.01 bp lr=0.15 s0] step 1000/2150 val 0.9362 test 0.9384 loss 0.212 bo 0 (2s)
  [dense_small d=0.01 bp lr=0.15 s0] step 2000/2150 val 0.9572 test 0.9593 loss 0.120 bo 0 (3s)
  [dense_small d=0.01 bp lr=0.15 s0] step 2150/2150 val 0.9594 test 0.9589 loss 0.070 bo 0 (3s)
  -> results\p3\h3lr\dense_small_d0.01\bp_lr0.15.json val 0.9587 test 0.9590 acc0 0.095 backoffs 0 perturbed 18,847 (3s)
  [dense_small d=0.01 bp lr=0.07 s0] step 1000/2150 val 0.9496 test 0.9451 loss 0.087 bo 0 (1s)
  [dense_small d=0.01 bp lr=0.07 s0] step 2000/2150 val 0.9660 test 0.9644 loss 0.153 bo 0 (3s)
  [dense_small d=0.01 bp lr=0.07 s0] step 2150/2150 val 0.9668 test 0.9643 loss 0.063 bo 0 (3s)
  -> results\p3\h3lr\dense_small_d0.01\bp_lr0.07.json val 0.9665 test 0.9643 acc0 0.095 backoffs 0 perturbed 18,847 (3s)
  [dense_small d=0.01 bp lr=0.035 s0] step 1000/2150 val 0.9474 test 0.9472 loss 0.126 bo 0 (1s)
  [dense_small d=0.01 bp lr=0.035 s0] step 2000/2150 val 0.9642 test 0.9644 loss 0.140 bo 0 (3s)
  [dense_small d=0.01 bp lr=0.035 s0] step 2150/2150 val 0.9658 test 0.9647 loss 0.054 bo 0 (3s)
  -> results\p3\h3lr\dense_small_d0.01\bp_lr0.035.json val 0.9653 test 0.9646 acc0 0.095 backoffs 0 perturbed 18,847 (3s)
  [dense_small d=0.01 bp lr=0.017 s0] step 1000/2150 val 0.9454 test 0.9457 loss 0.149 bo 0 (1s)
  [dense_small d=0.01 bp lr=0.017 s0] step 2000/2150 val 0.9590 test 0.9571 loss 0.193 bo 0 (3s)
  [dense_small d=0.01 bp lr=0.017 s0] step 2150/2150 val 0.9594 test 0.9569 loss 0.114 bo 0 (3s)
  -> results\p3\h3lr\dense_small_d0.01\bp_lr0.017.json val 0.9593 test 0.9570 acc0 0.095 backoffs 0 perturbed 18,847 (3s)
  [dense_small d=0.01 bp lr=0.008 s0] step 1000/2150 val 0.9308 test 0.9325 loss 0.200 bo 0 (1s)
  [dense_small d=0.01 bp lr=0.008 s0] step 2000/2150 val 0.9448 test 0.9447 loss 0.250 bo 0 (3s)
  [dense_small d=0.01 bp lr=0.008 s0] step 2150/2150 val 0.9454 test 0.9451 loss 0.162 bo 0 (3s)
  -> results\p3\h3lr\dense_small_d0.01\bp_lr0.008.json val 0.9452 test 0.9449 acc0 0.095 backoffs 0 perturbed 18,847 (3s)
  [dense_small d=0.01 bp lr=0.004 s0] step 1000/2150 val 0.9186 test 0.9229 loss 0.257 bo 0 (1s)
  [dense_small d=0.01 bp lr=0.004 s0] step 2000/2150 val 0.9284 test 0.9316 loss 0.311 bo 0 (3s)
  [dense_small d=0.01 bp lr=0.004 s0] step 2150/2150 val 0.9288 test 0.9310 loss 0.198 bo 0 (3s)
  -> results\p3\h3lr\dense_small_d0.01\bp_lr0.004.json val 0.9287 test 0.9312 acc0 0.095 backoffs 0 perturbed 18,847 (3s)
  [dense_small d=0.01 bp lr=0.002 s0] step 1000/2150 val 0.9054 test 0.9077 loss 0.307 bo 0 (1s)
  [dense_small d=0.01 bp lr=0.002 s0] step 2000/2150 val 0.9174 test 0.9194 loss 0.359 bo 0 (3s)
  [dense_small d=0.01 bp lr=0.002 s0] step 2150/2150 val 0.9176 test 0.9191 loss 0.242 bo 0 (3s)
  -> results\p3\h3lr\dense_small_d0.01\bp_lr0.002.json val 0.9175 test 0.9192 acc0 0.095 backoffs 0 perturbed 18,847 (3s)
  [dense_small d=0.01 bp lr=0.001 s0] step 1000/2150 val 0.8768 test 0.8787 loss 0.441 bo 0 (1s)
  [dense_small d=0.01 bp lr=0.001 s0] step 2000/2150 val 0.8942 test 0.8975 loss 0.390 bo 0 (3s)
  [dense_small d=0.01 bp lr=0.001 s0] step 2150/2150 val 0.8944 test 0.8978 loss 0.303 bo 0 (3s)
  -> results\p3\h3lr\dense_small_d0.01\bp_lr0.001.json val 0.8943 test 0.8977 acc0 0.095 backoffs 0 perturbed 18,847 (3s)
[lr3] dense_small_d0.01/bp -> (0.07, 0.9665333333333334, 0)
  [dense_small d=0.01 dfa s0] diverged at step 23: restore to 0 + lr -> 0.15 (backoff 1)
  [dense_small d=0.01 dfa s0] diverged at step 33: restore to 0 + lr -> 0.075 (backoff 2)
  [dense_small d=0.01 dfa s0] diverged at step 45: restore to 0 + lr -> 0.0375 (backoff 3)
  [dense_small d=0.01 dfa s0] diverged at step 225: restore to 0 + lr -> 0.01875 (backoff 4)
  [dense_small d=0.01 dfa lr=0.01875 s0] step 1000/2150 val 0.8922 test 0.8923 loss 8.712 bo 4 (2s)
  [dense_small d=0.01 dfa lr=0.01875 s0] step 2000/2150 val 0.9358 test 0.9388 loss 1.270 bo 4 (3s)
  [dense_small d=0.01 dfa lr=0.01875 s0] step 2150/2150 val 0.9368 test 0.9408 loss 0.351 bo 4 (3s)
  -> results\p3\h3lr\dense_small_d0.01\dfa_lr0.3.json val 0.9367 test 0.9402 acc0 0.095 backoffs 4 perturbed 18,847 (3s)
  [dense_small d=0.01 dfa s0] diverged at step 32: restore to 0 + lr -> 0.075 (backoff 1)
  [dense_small d=0.01 dfa s0] diverged at step 44: restore to 0 + lr -> 0.0375 (backoff 2)
  [dense_small d=0.01 dfa s0] diverged at step 191: restore to 0 + lr -> 0.01875 (backoff 3)
  [dense_small d=0.01 dfa s0] diverged at step 490: restore to 200 + lr -> 0.009375 (backoff 4)
  [dense_small d=0.01 dfa lr=0.009375 s0] step 1000/2150 val 0.9030 test 0.9044 loss 0.075 bo 4 (2s)
  [dense_small d=0.01 dfa lr=0.009375 s0] step 2000/2150 val 0.9394 test 0.9401 loss 0.156 bo 4 (3s)
  [dense_small d=0.01 dfa lr=0.009375 s0] step 2150/2150 val 0.9376 test 0.9404 loss 0.229 bo 4 (3s)
  -> results\p3\h3lr\dense_small_d0.01\dfa_lr0.15.json val 0.9383 test 0.9402 acc0 0.095 backoffs 4 perturbed 18,847 (3s)
  [dense_small d=0.01 dfa s0] diverged at step 53: restore to 0 + lr -> 0.035 (backoff 1)
  [dense_small d=0.01 dfa s0] diverged at step 239: restore to 0 + lr -> 0.0175 (backoff 2)
  [dense_small d=0.01 dfa lr=0.0175 s0] step 1000/2150 val 0.8798 test 0.8785 loss 6.658 bo 2 (1s)
  [dense_small d=0.01 dfa lr=0.0175 s0] step 2000/2150 val 0.9388 test 0.9366 loss 0.365 bo 2 (3s)
  [dense_small d=0.01 dfa lr=0.0175 s0] step 2150/2150 val 0.9414 test 0.9372 loss 0.923 bo 2 (3s)
  -> results\p3\h3lr\dense_small_d0.01\dfa_lr0.07.json val 0.9405 test 0.9371 acc0 0.095 backoffs 2 perturbed 18,847 (3s)
  [dense_small d=0.01 dfa s0] diverged at step 276: restore to 0 + lr -> 0.0175 (backoff 1)
  [dense_small d=0.01 dfa lr=0.0175 s0] step 1000/2150 val 0.8942 test 0.9008 loss 3.024 bo 1 (1s)
  [dense_small d=0.01 dfa lr=0.0175 s0] step 2000/2150 val 0.9346 test 0.9361 loss 0.476 bo 1 (3s)
  [dense_small d=0.01 dfa lr=0.0175 s0] step 2150/2150 val 0.9374 test 0.9373 loss 0.697 bo 1 (3s)
  -> results\p3\h3lr\dense_small_d0.01\dfa_lr0.035.json val 0.9364 test 0.9368 acc0 0.095 backoffs 1 perturbed 18,847 (3s)
  [dense_small d=0.01 dfa s0] diverged at step 948: restore to 700 + lr -> 0.0085 (backoff 1)
  [dense_small d=0.01 dfa lr=0.0085 s0] step 1000/2150 val 0.9130 test 0.9186 loss 1.920 bo 1 (2s)
  [dense_small d=0.01 dfa lr=0.0085 s0] step 2000/2150 val 0.9332 test 0.9330 loss 1.211 bo 1 (3s)
  [dense_small d=0.01 dfa lr=0.0085 s0] step 2150/2150 val 0.9314 test 0.9342 loss 0.321 bo 1 (3s)
  -> results\p3\h3lr\dense_small_d0.01\dfa_lr0.017.json val 0.9321 test 0.9335 acc0 0.095 backoffs 1 perturbed 18,847 (3s)
  [dense_small d=0.01 dfa lr=0.008 s0] step 1000/2150 val 0.9126 test 0.9113 loss 0.296 bo 0 (1s)
  [dense_small d=0.01 dfa lr=0.008 s0] step 2000/2150 val 0.9364 test 0.9398 loss 0.275 bo 0 (2s)
  [dense_small d=0.01 dfa lr=0.008 s0] step 2150/2150 val 0.9358 test 0.9383 loss 0.215 bo 0 (3s)
  -> results\p3\h3lr\dense_small_d0.01\dfa_lr0.008.json val 0.9360 test 0.9388 acc0 0.095 backoffs 0 perturbed 18,847 (3s)
  [dense_small d=0.01 dfa lr=0.004 s0] step 1000/2150 val 0.9164 test 0.9208 loss 0.273 bo 0 (1s)
  [dense_small d=0.01 dfa lr=0.004 s0] step 2000/2150 val 0.9286 test 0.9300 loss 0.313 bo 0 (2s)
  [dense_small d=0.01 dfa lr=0.004 s0] step 2150/2150 val 0.9280 test 0.9303 loss 0.292 bo 0 (3s)
  -> results\p3\h3lr\dense_small_d0.01\dfa_lr0.004.json val 0.9281 test 0.9301 acc0 0.095 backoffs 0 perturbed 18,847 (3s)
  [dense_small d=0.01 dfa lr=0.002 s0] step 1000/2150 val 0.9044 test 0.9099 loss 0.289 bo 0 (1s)
  [dense_small d=0.01 dfa lr=0.002 s0] step 2000/2150 val 0.9128 test 0.9185 loss 0.348 bo 0 (2s)
  [dense_small d=0.01 dfa lr=0.002 s0] step 2150/2150 val 0.9132 test 0.9190 loss 0.337 bo 0 (3s)
  -> results\p3\h3lr\dense_small_d0.01\dfa_lr0.002.json val 0.9131 test 0.9188 acc0 0.095 backoffs 0 perturbed 18,847 (3s)
  [dense_small d=0.01 dfa lr=0.001 s0] step 1000/2150 val 0.8880 test 0.8899 loss 0.374 bo 0 (1s)
  [dense_small d=0.01 dfa lr=0.001 s0] step 2000/2150 val 0.8982 test 0.9039 loss 0.388 bo 0 (2s)
  [dense_small d=0.01 dfa lr=0.001 s0] step 2150/2150 val 0.8984 test 0.9044 loss 0.359 bo 0 (2s)
  -> results\p3\h3lr\dense_small_d0.01\dfa_lr0.001.json val 0.8983 test 0.9042 acc0 0.095 backoffs 0 perturbed 18,847 (2s)
[lr3] dense_small_d0.01/dfa -> (0.07, 0.9404666666666666, 2)
  [dense_small d=0.01 np s0] diverged at step 234: restore to 0 + lr -> 0.015 (backoff 1)
  [dense_small d=0.01 np s0] diverged at step 455: restore to 200 + lr -> 0.0075 (backoff 2)
  [dense_small d=0.01 np lr=0.0075 s0] step 1000/2150 val 0.1138 test 0.1189 loss 2.411 bo 2 (2s)
  [dense_small d=0.01 np s0] diverged at step 1237: restore to 1000 + lr -> 0.00375 (backoff 3)
  [dense_small d=0.01 np lr=0.00375 s0] step 2000/2150 val 0.1094 test 0.1135 loss 2.307 bo 3 (4s)
  [dense_small d=0.01 np lr=0.00375 s0] step 2150/2150 val 0.1094 test 0.1135 loss 2.300 bo 3 (5s)
  -> results\p3\h3lr\dense_small_d0.01\np_lr0.03.json val 0.1094 test 0.1135 acc0 0.095 backoffs 3 perturbed 18,847 (5s)
  [dense_small d=0.01 np s0] diverged at step 354: restore to 100 + lr -> 0.0075 (backoff 1)
  [dense_small d=0.01 np lr=0.0075 s0] step 1000/2150 val 0.5910 test 0.5742 loss 1.509 bo 1 (2s)
  [dense_small d=0.01 np lr=0.0075 s0] step 2000/2150 val 0.7380 test 0.7313 loss 0.765 bo 1 (4s)
  [dense_small d=0.01 np lr=0.0075 s0] step 2150/2150 val 0.7396 test 0.7325 loss 0.596 bo 1 (4s)
  -> results\p3\h3lr\dense_small_d0.01\np_lr0.015.json val 0.7391 test 0.7321 acc0 0.095 backoffs 1 perturbed 18,847 (4s)
  [dense_small d=0.01 np s0] diverged at step 815: restore to 600 + lr -> 0.0035 (backoff 1)
  [dense_small d=0.01 np lr=0.0035 s0] step 1000/2150 val 0.0970 test 0.0986 loss 2.298 bo 1 (2s)
  [dense_small d=0.01 np lr=0.0035 s0] step 2000/2150 val 0.1644 test 0.1582 loss 2.292 bo 1 (4s)
  [dense_small d=0.01 np lr=0.0035 s0] step 2150/2150 val 0.1594 test 0.1550 loss 2.235 bo 1 (4s)
  -> results\p3\h3lr\dense_small_d0.01\np_lr0.007.json val 0.1611 test 0.1562 acc0 0.095 backoffs 1 perturbed 18,847 (4s)
  [dense_small d=0.01 np lr=0.0035 s0] step 1000/2150 val 0.8182 test 0.8182 loss 0.679 bo 0 (2s)
  [dense_small d=0.01 np lr=0.0035 s0] step 2000/2150 val 0.8862 test 0.8948 loss 0.329 bo 0 (3s)
  [dense_small d=0.01 np lr=0.0035 s0] step 2150/2150 val 0.8854 test 0.8941 loss 0.443 bo 0 (4s)
  -> results\p3\h3lr\dense_small_d0.01\np_lr0.0035.json val 0.8857 test 0.8944 acc0 0.095 backoffs 0 perturbed 18,847 (4s)
  [dense_small d=0.01 np lr=0.0017 s0] step 1000/2150 val 0.8422 test 0.8424 loss 0.628 bo 0 (2s)
  [dense_small d=0.01 np lr=0.0017 s0] step 2000/2150 val 0.8878 test 0.8923 loss 0.359 bo 0 (3s)
  [dense_small d=0.01 np lr=0.0017 s0] step 2150/2150 val 0.8874 test 0.8909 loss 0.403 bo 0 (3s)
  -> results\p3\h3lr\dense_small_d0.01\np_lr0.0017.json val 0.8875 test 0.8914 acc0 0.095 backoffs 0 perturbed 18,847 (3s)
  [dense_small d=0.01 np lr=0.0008 s0] step 1000/2150 val 0.8384 test 0.8455 loss 0.630 bo 0 (2s)
  [dense_small d=0.01 np lr=0.0008 s0] step 2000/2150 val 0.8818 test 0.8773 loss 0.424 bo 0 (3s)
  [dense_small d=0.01 np lr=0.0008 s0] step 2150/2150 val 0.8814 test 0.8770 loss 0.473 bo 0 (4s)
  -> results\p3\h3lr\dense_small_d0.01\np_lr0.0008.json val 0.8816 test 0.8771 acc0 0.095 backoffs 0 perturbed 18,847 (4s)
  [dense_small d=0.01 np lr=0.0004 s0] step 1000/2150 val 0.7452 test 0.7471 loss 0.980 bo 0 (2s)
  [dense_small d=0.01 np lr=0.0004 s0] step 2000/2150 val 0.8230 test 0.8247 loss 0.655 bo 0 (4s)
  [dense_small d=0.01 np lr=0.0004 s0] step 2150/2150 val 0.8226 test 0.8250 loss 0.705 bo 0 (4s)
  -> results\p3\h3lr\dense_small_d0.01\np_lr0.0004.json val 0.8227 test 0.8249 acc0 0.095 backoffs 0 perturbed 18,847 (4s)
  [dense_small d=0.01 np lr=0.0002 s0] step 1000/2150 val 0.5092 test 0.5181 loss 1.774 bo 0 (2s)
  [dense_small d=0.01 np lr=0.0002 s0] step 2000/2150 val 0.6958 test 0.7064 loss 1.245 bo 0 (3s)
  [dense_small d=0.01 np lr=0.0002 s0] step 2150/2150 val 0.6954 test 0.7067 loss 1.283 bo 0 (4s)
  -> results\p3\h3lr\dense_small_d0.01\np_lr0.0002.json val 0.6955 test 0.7066 acc0 0.095 backoffs 0 perturbed 18,847 (4s)
  [dense_small d=0.01 np lr=0.0001 s0] step 1000/2150 val 0.2940 test 0.2987 loss 2.151 bo 0 (2s)
  [dense_small d=0.01 np lr=0.0001 s0] step 2000/2150 val 0.4638 test 0.4702 loss 1.971 bo 0 (3s)
  [dense_small d=0.01 np lr=0.0001 s0] step 2150/2150 val 0.4638 test 0.4703 loss 1.974 bo 0 (4s)
  -> results\p3\h3lr\dense_small_d0.01\np_lr0.0001.json val 0.4638 test 0.4703 acc0 0.095 backoffs 0 perturbed 18,847 (4s)
[lr3] dense_small_d0.01/np -> (0.0017, 0.8874666666666666, 0)
  [dense_small d=0.01 fg s0] diverged at step 117: restore to 0 + lr -> 0.015 (backoff 1)
  [dense_small d=0.01 fg s0] diverged at step 175: restore to 0 + lr -> 0.0075 (backoff 2)
  [dense_small d=0.01 fg s0] diverged at step 247: restore to 0 + lr -> 0.00375 (backoff 3)
  [dense_small d=0.01 fg s0] diverged at step 364: restore to 100 + lr -> 0.001875 (backoff 4)
  [dense_small d=0.01 fg lr=0.001875 s0] step 1000/2150 val 0.1110 test 0.1142 loss 2.322 bo 4 (25s)
  [dense_small d=0.01 fg lr=0.001875 s0] step 2000/2150 val 0.1052 test 0.0984 loss 2.315 bo 4 (39s)
  [dense_small d=0.01 fg lr=0.001875 s0] step 2150/2150 val 0.1052 test 0.0984 loss 2.283 bo 4 (41s)
  -> results\p3\h3lr\dense_small_d0.01\fg_lr0.03.json val 0.1052 test 0.0984 acc0 0.095 backoffs 4 perturbed 18,847 (41s)
  [dense_small d=0.01 fg s0] diverged at step 179: restore to 0 + lr -> 0.0075 (backoff 1)
  [dense_small d=0.01 fg s0] diverged at step 252: restore to 0 + lr -> 0.00375 (backoff 2)
  [dense_small d=0.01 fg s0] diverged at step 395: restore to 100 + lr -> 0.001875 (backoff 3)
  [dense_small d=0.01 fg lr=0.001875 s0] step 1000/2150 val 0.2232 test 0.2276 loss 2.197 bo 3 (24s)
  [dense_small d=0.01 fg lr=0.001875 s0] step 2000/2150 val 0.3744 test 0.3821 loss 1.924 bo 3 (38s)
  [dense_small d=0.01 fg lr=0.001875 s0] step 2150/2150 val 0.3762 test 0.3817 loss 1.686 bo 3 (40s)
  -> results\p3\h3lr\dense_small_d0.01\fg_lr0.015.json val 0.3755 test 0.3817 acc0 0.095 backoffs 3 perturbed 18,847 (40s)
  [dense_small d=0.01 fg s0] diverged at step 257: restore to 0 + lr -> 0.0035 (backoff 1)
  [dense_small d=0.01 fg s0] diverged at step 426: restore to 200 + lr -> 0.00175 (backoff 2)
  [dense_small d=0.01 fg lr=0.00175 s0] step 1000/2150 val 0.2706 test 0.2533 loss 1.994 bo 2 (21s)
  [dense_small d=0.01 fg lr=0.00175 s0] step 2000/2150 val 0.3960 test 0.3909 loss 1.885 bo 2 (35s)
  [dense_small d=0.01 fg lr=0.00175 s0] step 2150/2150 val 0.3964 test 0.3912 loss 1.594 bo 2 (37s)
  -> results\p3\h3lr\dense_small_d0.01\fg_lr0.007.json val 0.3963 test 0.3911 acc0 0.095 backoffs 2 perturbed 18,847 (37s)
  [dense_small d=0.01 fg s0] diverged at step 399: restore to 100 + lr -> 0.00175 (backoff 1)
  [dense_small d=0.01 fg lr=0.00175 s0] step 1000/2150 val 0.1238 test 0.1274 loss 2.423 bo 1 (18s)
  [dense_small d=0.01 fg lr=0.00175 s0] step 2000/2150 val 0.1330 test 0.1364 loss 2.350 bo 1 (32s)
  [dense_small d=0.01 fg lr=0.00175 s0] step 2150/2150 val 0.1332 test 0.1364 loss 2.401 bo 1 (34s)
  -> results\p3\h3lr\dense_small_d0.01\fg_lr0.0035.json val 0.1331 test 0.1364 acc0 0.095 backoffs 1 perturbed 18,847 (34s)
  [dense_small d=0.01 fg s0] diverged at step 800: restore to 500 + lr -> 0.00085 (backoff 1)
  [dense_small d=0.01 fg lr=0.00085 s0] step 1000/2150 val 0.7774 test 0.7880 loss 0.696 bo 1 (18s)
  [dense_small d=0.01 fg lr=0.00085 s0] step 2000/2150 val 0.8028 test 0.8111 loss 0.523 bo 1 (32s)
  [dense_small d=0.01 fg lr=0.00085 s0] step 2150/2150 val 0.8032 test 0.8111 loss 0.723 bo 1 (34s)
  -> results\p3\h3lr\dense_small_d0.01\fg_lr0.0017.json val 0.8031 test 0.8111 acc0 0.095 backoffs 1 perturbed 18,847 (34s)
  [dense_small d=0.01 fg lr=0.0008 s0] step 1000/2150 val 0.8120 test 0.8161 loss 0.669 bo 0 (14s)
  [dense_small d=0.01 fg lr=0.0008 s0] step 2000/2150 val 0.8418 test 0.8502 loss 0.629 bo 0 (28s)
  [dense_small d=0.01 fg lr=0.0008 s0] step 2150/2150 val 0.8422 test 0.8510 loss 0.627 bo 0 (30s)
  -> results\p3\h3lr\dense_small_d0.01\fg_lr0.0008.json val 0.8421 test 0.8507 acc0 0.095 backoffs 0 perturbed 18,847 (30s)
  [dense_small d=0.01 fg lr=0.0004 s0] step 1000/2150 val 0.7334 test 0.7454 loss 0.999 bo 0 (14s)
  [dense_small d=0.01 fg lr=0.0004 s0] step 2000/2150 val 0.8132 test 0.8155 loss 0.737 bo 0 (28s)
  [dense_small d=0.01 fg lr=0.0004 s0] step 2150/2150 val 0.8134 test 0.8162 loss 0.713 bo 0 (30s)
  -> results\p3\h3lr\dense_small_d0.01\fg_lr0.0004.json val 0.8133 test 0.8160 acc0 0.095 backoffs 0 perturbed 18,847 (30s)
  [dense_small d=0.01 fg lr=0.0002 s0] step 1000/2150 val 0.4948 test 0.5015 loss 1.849 bo 0 (13s)
  [dense_small d=0.01 fg lr=0.0002 s0] step 2000/2150 val 0.6098 test 0.6062 loss 1.454 bo 0 (27s)
  [dense_small d=0.01 fg lr=0.0002 s0] step 2150/2150 val 0.6102 test 0.6065 loss 1.416 bo 0 (30s)
  -> results\p3\h3lr\dense_small_d0.01\fg_lr0.0002.json val 0.6101 test 0.6064 acc0 0.095 backoffs 0 perturbed 18,847 (30s)
  [dense_small d=0.01 fg lr=0.0001 s0] step 1000/2150 val 0.2642 test 0.2638 loss 2.164 bo 0 (14s)
  [dense_small d=0.01 fg lr=0.0001 s0] step 2000/2150 val 0.4210 test 0.4183 loss 2.034 bo 0 (28s)
  [dense_small d=0.01 fg lr=0.0001 s0] step 2150/2150 val 0.4210 test 0.4183 loss 2.038 bo 0 (30s)
  -> results\p3\h3lr\dense_small_d0.01\fg_lr0.0001.json val 0.4210 test 0.4183 acc0 0.095 backoffs 0 perturbed 18,847 (30s)
[lr3] dense_small_d0.01/fg -> (0.0008, 0.8420666666666666, 0)
  [pruned_reinit d=0.01 bp lr=0.3 s0] step 1000/2150 val 0.9674 test 0.9660 loss 0.034 bo 0 (2s)
  [pruned_reinit d=0.01 bp lr=0.3 s0] step 2000/2150 val 0.9782 test 0.9788 loss 0.091 bo 0 (4s)
  [pruned_reinit d=0.01 bp lr=0.3 s0] step 2150/2150 val 0.9782 test 0.9785 loss 0.025 bo 0 (4s)
  -> results\p3\h3lr\pruned_reinit_d0.01\bp_lr0.3.json val 0.9782 test 0.9786 acc0 0.142 backoffs 0 perturbed 20,051 (4s)
  [pruned_reinit d=0.01 bp lr=0.15 s0] step 1000/2150 val 0.9648 test 0.9683 loss 0.068 bo 0 (2s)
  [pruned_reinit d=0.01 bp lr=0.15 s0] step 2000/2150 val 0.9730 test 0.9764 loss 0.150 bo 0 (4s)
  [pruned_reinit d=0.01 bp lr=0.15 s0] step 2150/2150 val 0.9744 test 0.9757 loss 0.063 bo 0 (4s)
  -> results\p3\h3lr\pruned_reinit_d0.01\bp_lr0.15.json val 0.9739 test 0.9760 acc0 0.142 backoffs 0 perturbed 20,051 (4s)
  [pruned_reinit d=0.01 bp lr=0.07 s0] step 1000/2150 val 0.9538 test 0.9580 loss 0.089 bo 0 (2s)
  [pruned_reinit d=0.01 bp lr=0.07 s0] step 2000/2150 val 0.9650 test 0.9670 loss 0.135 bo 0 (3s)
  [pruned_reinit d=0.01 bp lr=0.07 s0] step 2150/2150 val 0.9648 test 0.9673 loss 0.094 bo 0 (4s)
  -> results\p3\h3lr\pruned_reinit_d0.01\bp_lr0.07.json val 0.9649 test 0.9672 acc0 0.142 backoffs 0 perturbed 20,051 (4s)
  [pruned_reinit d=0.01 bp lr=0.035 s0] step 1000/2150 val 0.9390 test 0.9424 loss 0.145 bo 0 (2s)
  [pruned_reinit d=0.01 bp lr=0.035 s0] step 2000/2150 val 0.9522 test 0.9558 loss 0.214 bo 0 (3s)
  [pruned_reinit d=0.01 bp lr=0.035 s0] step 2150/2150 val 0.9526 test 0.9559 loss 0.139 bo 0 (4s)
  -> results\p3\h3lr\pruned_reinit_d0.01\bp_lr0.035.json val 0.9525 test 0.9559 acc0 0.142 backoffs 0 perturbed 20,051 (4s)
  [pruned_reinit d=0.01 bp lr=0.017 s0] step 1000/2150 val 0.8934 test 0.8924 loss 0.309 bo 0 (2s)
  [pruned_reinit d=0.01 bp lr=0.017 s0] step 2000/2150 val 0.9210 test 0.9258 loss 0.314 bo 0 (4s)
  [pruned_reinit d=0.01 bp lr=0.017 s0] step 2150/2150 val 0.9204 test 0.9257 loss 0.254 bo 0 (4s)
  -> results\p3\h3lr\pruned_reinit_d0.01\bp_lr0.017.json val 0.9207 test 0.9257 acc0 0.142 backoffs 0 perturbed 20,051 (4s)
  [pruned_reinit d=0.01 bp lr=0.008 s0] step 1000/2150 val 0.4964 test 0.5119 loss 1.696 bo 0 (2s)
  [pruned_reinit d=0.01 bp lr=0.008 s0] step 2000/2150 val 0.8444 test 0.8429 loss 0.478 bo 0 (4s)
  [pruned_reinit d=0.01 bp lr=0.008 s0] step 2150/2150 val 0.8442 test 0.8431 loss 0.408 bo 0 (4s)
  -> results\p3\h3lr\pruned_reinit_d0.01\bp_lr0.008.json val 0.8443 test 0.8430 acc0 0.142 backoffs 0 perturbed 20,051 (4s)
  [pruned_reinit d=0.01 bp lr=0.004 s0] step 1000/2150 val 0.1094 test 0.1135 loss 2.289 bo 0 (2s)
  [pruned_reinit d=0.01 bp lr=0.004 s0] step 2000/2150 val 0.2020 test 0.2044 loss 2.243 bo 0 (4s)
  [pruned_reinit d=0.01 bp lr=0.004 s0] step 2150/2150 val 0.2020 test 0.2045 loss 2.257 bo 0 (4s)
  -> results\p3\h3lr\pruned_reinit_d0.01\bp_lr0.004.json val 0.2020 test 0.2045 acc0 0.142 backoffs 0 perturbed 20,051 (4s)
  [pruned_reinit d=0.01 bp lr=0.002 s0] step 1000/2150 val 0.1094 test 0.1135 loss 2.295 bo 0 (2s)
  [pruned_reinit d=0.01 bp lr=0.002 s0] step 2000/2150 val 0.1094 test 0.1135 loss 2.285 bo 0 (4s)
  [pruned_reinit d=0.01 bp lr=0.002 s0] step 2150/2150 val 0.1094 test 0.1135 loss 2.297 bo 0 (4s)
  -> results\p3\h3lr\pruned_reinit_d0.01\bp_lr0.002.json val 0.1094 test 0.1135 acc0 0.142 backoffs 0 perturbed 20,051 (4s)
  [pruned_reinit d=0.01 bp lr=0.001 s0] step 1000/2150 val 0.1094 test 0.1135 loss 2.297 bo 0 (2s)
  [pruned_reinit d=0.01 bp lr=0.001 s0] step 2000/2150 val 0.1094 test 0.1135 loss 2.290 bo 0 (4s)
  [pruned_reinit d=0.01 bp lr=0.001 s0] step 2150/2150 val 0.1094 test 0.1135 loss 2.299 bo 0 (4s)
  -> results\p3\h3lr\pruned_reinit_d0.01\bp_lr0.001.json val 0.1094 test 0.1135 acc0 0.142 backoffs 0 perturbed 20,051 (4s)
[lr3] pruned_reinit_d0.01/bp -> (0.3, 0.9781999999999998, 0)
  [pruned_reinit d=0.01 dfa s0] diverged at step 72: restore to 0 + lr -> 0.15 (backoff 1)
  [pruned_reinit d=0.01 dfa s0] diverged at step 154: restore to 0 + lr -> 0.075 (backoff 2)
  [pruned_reinit d=0.01 dfa s0] diverged at step 320: restore to 100 + lr -> 0.0375 (backoff 3)
  [pruned_reinit d=0.01 dfa lr=0.0375 s0] step 1000/2150 val 0.9198 test 0.9259 loss 2.241 bo 3 (2s)
  [pruned_reinit d=0.01 dfa lr=0.0375 s0] step 2000/2150 val 0.9514 test 0.9514 loss 1.042 bo 3 (3s)
  [pruned_reinit d=0.01 dfa lr=0.0375 s0] step 2150/2150 val 0.9518 test 0.9528 loss 0.901 bo 3 (4s)
  -> results\p3\h3lr\pruned_reinit_d0.01\dfa_lr0.3.json val 0.9517 test 0.9523 acc0 0.142 backoffs 3 perturbed 20,051 (4s)
  [pruned_reinit d=0.01 dfa s0] diverged at step 173: restore to 0 + lr -> 0.075 (backoff 1)
  [pruned_reinit d=0.01 dfa s0] diverged at step 278: restore to 0 + lr -> 0.0375 (backoff 2)
  [pruned_reinit d=0.01 dfa lr=0.0375 s0] step 1000/2150 val 0.9000 test 0.9027 loss 2.237 bo 2 (2s)
  [pruned_reinit d=0.01 dfa lr=0.0375 s0] step 2000/2150 val 0.9542 test 0.9550 loss 0.129 bo 2 (3s)
  [pruned_reinit d=0.01 dfa lr=0.0375 s0] step 2150/2150 val 0.9556 test 0.9550 loss 0.187 bo 2 (4s)
  -> results\p3\h3lr\pruned_reinit_d0.01\dfa_lr0.15.json val 0.9551 test 0.9550 acc0 0.142 backoffs 2 perturbed 20,051 (4s)
  [pruned_reinit d=0.01 dfa s0] diverged at step 353: restore to 100 + lr -> 0.035 (backoff 1)
  [pruned_reinit d=0.01 dfa lr=0.035 s0] step 1000/2150 val 0.8894 test 0.8945 loss 1.724 bo 1 (2s)
  [pruned_reinit d=0.01 dfa lr=0.035 s0] step 2000/2150 val 0.9510 test 0.9523 loss 0.726 bo 1 (3s)
  [pruned_reinit d=0.01 dfa lr=0.035 s0] step 2150/2150 val 0.9516 test 0.9537 loss 0.690 bo 1 (4s)
  -> results\p3\h3lr\pruned_reinit_d0.01\dfa_lr0.07.json val 0.9515 test 0.9534 acc0 0.142 backoffs 1 perturbed 20,051 (4s)
  [pruned_reinit d=0.01 dfa lr=0.035 s0] step 1000/2150 val 0.9258 test 0.9262 loss 1.265 bo 0 (2s)
  [pruned_reinit d=0.01 dfa lr=0.035 s0] step 2000/2150 val 0.9550 test 0.9527 loss 0.831 bo 0 (3s)
  [pruned_reinit d=0.01 dfa lr=0.035 s0] step 2150/2150 val 0.9548 test 0.9532 loss 0.366 bo 0 (3s)
  -> results\p3\h3lr\pruned_reinit_d0.01\dfa_lr0.035.json val 0.9549 test 0.9530 acc0 0.142 backoffs 0 perturbed 20,051 (3s)
  [pruned_reinit d=0.01 dfa lr=0.017 s0] step 1000/2150 val 0.9304 test 0.9335 loss 0.246 bo 0 (1s)
  [pruned_reinit d=0.01 dfa lr=0.017 s0] step 2000/2150 val 0.9472 test 0.9500 loss 0.283 bo 0 (3s)
  [pruned_reinit d=0.01 dfa lr=0.017 s0] step 2150/2150 val 0.9474 test 0.9510 loss 0.125 bo 0 (3s)
  -> results\p3\h3lr\pruned_reinit_d0.01\dfa_lr0.017.json val 0.9473 test 0.9507 acc0 0.142 backoffs 0 perturbed 20,051 (3s)
  [pruned_reinit d=0.01 dfa lr=0.008 s0] step 1000/2150 val 0.9184 test 0.9240 loss 0.298 bo 0 (1s)
  [pruned_reinit d=0.01 dfa lr=0.008 s0] step 2000/2150 val 0.9304 test 0.9363 loss 0.340 bo 0 (3s)
  [pruned_reinit d=0.01 dfa lr=0.008 s0] step 2150/2150 val 0.9298 test 0.9362 loss 0.175 bo 0 (3s)
  -> results\p3\h3lr\pruned_reinit_d0.01\dfa_lr0.008.json val 0.9300 test 0.9363 acc0 0.142 backoffs 0 perturbed 20,051 (3s)
  [pruned_reinit d=0.01 dfa lr=0.004 s0] step 1000/2150 val 0.8930 test 0.9025 loss 0.366 bo 0 (1s)
  [pruned_reinit d=0.01 dfa lr=0.004 s0] step 2000/2150 val 0.9094 test 0.9189 loss 0.386 bo 0 (3s)
  [pruned_reinit d=0.01 dfa lr=0.004 s0] step 2150/2150 val 0.9098 test 0.9184 loss 0.241 bo 0 (3s)
  -> results\p3\h3lr\pruned_reinit_d0.01\dfa_lr0.004.json val 0.9096 test 0.9186 acc0 0.142 backoffs 0 perturbed 20,051 (3s)
  [pruned_reinit d=0.01 dfa lr=0.002 s0] step 1000/2150 val 0.8654 test 0.8753 loss 0.464 bo 0 (1s)
  [pruned_reinit d=0.01 dfa lr=0.002 s0] step 2000/2150 val 0.8846 test 0.8921 loss 0.415 bo 0 (3s)
  [pruned_reinit d=0.01 dfa lr=0.002 s0] step 2150/2150 val 0.8846 test 0.8923 loss 0.317 bo 0 (3s)
  -> results\p3\h3lr\pruned_reinit_d0.01\dfa_lr0.002.json val 0.8846 test 0.8922 acc0 0.142 backoffs 0 perturbed 20,051 (3s)
  [pruned_reinit d=0.01 dfa lr=0.001 s0] step 1000/2150 val 0.8166 test 0.8272 loss 0.646 bo 0 (2s)
  [pruned_reinit d=0.01 dfa lr=0.001 s0] step 2000/2150 val 0.8486 test 0.8579 loss 0.463 bo 0 (3s)
  [pruned_reinit d=0.01 dfa lr=0.001 s0] step 2150/2150 val 0.8484 test 0.8577 loss 0.421 bo 0 (3s)
  -> results\p3\h3lr\pruned_reinit_d0.01\dfa_lr0.001.json val 0.8485 test 0.8577 acc0 0.142 backoffs 0 perturbed 20,051 (3s)
[lr3] pruned_reinit_d0.01/dfa -> (0.15, 0.9551333333333334, 2)
  [pruned_reinit d=0.01 np s0] diverged at step 253: restore to 0 + lr -> 0.015 (backoff 1)
  [pruned_reinit d=0.01 np s0] diverged at step 393: restore to 100 + lr -> 0.0075 (backoff 2)
  [pruned_reinit d=0.01 np s0] diverged at step 707: restore to 500 + lr -> 0.00375 (backoff 3)
  [pruned_reinit d=0.01 np lr=0.00375 s0] step 1000/2150 val 0.7478 test 0.7518 loss 0.693 bo 3 (4s)
  [pruned_reinit d=0.01 np lr=0.00375 s0] step 2000/2150 val 0.8620 test 0.8648 loss 0.511 bo 3 (6s)
  [pruned_reinit d=0.01 np lr=0.00375 s0] step 2150/2150 val 0.8630 test 0.8643 loss 0.351 bo 3 (6s)
  -> results\p3\h3lr\pruned_reinit_d0.01\np_lr0.03.json val 0.8626 test 0.8645 acc0 0.142 backoffs 3 perturbed 20,051 (6s)
  [pruned_reinit d=0.01 np s0] diverged at step 381: restore to 100 + lr -> 0.0075 (backoff 1)
  [pruned_reinit d=0.01 np s0] diverged at step 769: restore to 500 + lr -> 0.00375 (backoff 2)
  [pruned_reinit d=0.01 np lr=0.00375 s0] step 1000/2150 val 0.7724 test 0.7929 loss 0.555 bo 2 (3s)
  [pruned_reinit d=0.01 np lr=0.00375 s0] step 2000/2150 val 0.8592 test 0.8677 loss 0.395 bo 2 (5s)
  [pruned_reinit d=0.01 np lr=0.00375 s0] step 2150/2150 val 0.8592 test 0.8691 loss 0.527 bo 2 (5s)
  -> results\p3\h3lr\pruned_reinit_d0.01\np_lr0.015.json val 0.8590 test 0.8685 acc0 0.142 backoffs 2 perturbed 20,051 (5s)
  [pruned_reinit d=0.01 np s0] diverged at step 730: restore to 500 + lr -> 0.0035 (backoff 1)
  [pruned_reinit d=0.01 np lr=0.0035 s0] step 1000/2150 val 0.7914 test 0.8041 loss 0.863 bo 1 (2s)
  [pruned_reinit d=0.01 np lr=0.0035 s0] step 2000/2150 val 0.8616 test 0.8658 loss 0.461 bo 1 (4s)
  [pruned_reinit d=0.01 np lr=0.0035 s0] step 2150/2150 val 0.8662 test 0.8664 loss 0.358 bo 1 (5s)
  -> results\p3\h3lr\pruned_reinit_d0.01\np_lr0.007.json val 0.8648 test 0.8662 acc0 0.142 backoffs 1 perturbed 20,051 (5s)
  [pruned_reinit d=0.01 np lr=0.0035 s0] step 1000/2150 val 0.6690 test 0.6791 loss 1.031 bo 0 (2s)
  [pruned_reinit d=0.01 np lr=0.0035 s0] step 2000/2150 val 0.8232 test 0.8244 loss 0.623 bo 0 (5s)
  [pruned_reinit d=0.01 np lr=0.0035 s0] step 2150/2150 val 0.8226 test 0.8265 loss 0.661 bo 0 (5s)
  -> results\p3\h3lr\pruned_reinit_d0.01\np_lr0.0035.json val 0.8228 test 0.8258 acc0 0.142 backoffs 0 perturbed 20,051 (5s)
  [pruned_reinit d=0.01 np lr=0.0017 s0] step 1000/2150 val 0.2072 test 0.2067 loss 2.255 bo 0 (2s)
  [pruned_reinit d=0.01 np lr=0.0017 s0] step 2000/2150 val 0.4074 test 0.4145 loss 1.980 bo 0 (4s)
  [pruned_reinit d=0.01 np lr=0.0017 s0] step 2150/2150 val 0.4082 test 0.4169 loss 1.972 bo 0 (5s)
  -> results\p3\h3lr\pruned_reinit_d0.01\np_lr0.0017.json val 0.4079 test 0.4161 acc0 0.142 backoffs 0 perturbed 20,051 (5s)
  [pruned_reinit d=0.01 np lr=0.0008 s0] step 1000/2150 val 0.1094 test 0.1135 loss 2.300 bo 0 (2s)
  [pruned_reinit d=0.01 np lr=0.0008 s0] step 2000/2150 val 0.1094 test 0.1135 loss 2.300 bo 0 (4s)
  [pruned_reinit d=0.01 np lr=0.0008 s0] step 2150/2150 val 0.1094 test 0.1135 loss 2.301 bo 0 (4s)
  -> results\p3\h3lr\pruned_reinit_d0.01\np_lr0.0008.json val 0.1094 test 0.1135 acc0 0.142 backoffs 0 perturbed 20,051 (4s)
  [pruned_reinit d=0.01 np lr=0.0004 s0] step 1000/2150 val 0.1094 test 0.1135 loss 2.302 bo 0 (2s)
  [pruned_reinit d=0.01 np lr=0.0004 s0] step 2000/2150 val 0.1094 test 0.1135 loss 2.302 bo 0 (4s)
  [pruned_reinit d=0.01 np lr=0.0004 s0] step 2150/2150 val 0.1094 test 0.1135 loss 2.304 bo 0 (4s)
  -> results\p3\h3lr\pruned_reinit_d0.01\np_lr0.0004.json val 0.1094 test 0.1135 acc0 0.142 backoffs 0 perturbed 20,051 (4s)
  [pruned_reinit d=0.01 np lr=0.0002 s0] step 1000/2150 val 0.1094 test 0.1135 loss 2.303 bo 0 (2s)
  [pruned_reinit d=0.01 np lr=0.0002 s0] step 2000/2150 val 0.1094 test 0.1135 loss 2.302 bo 0 (4s)
  [pruned_reinit d=0.01 np lr=0.0002 s0] step 2150/2150 val 0.1094 test 0.1135 loss 2.304 bo 0 (5s)
  -> results\p3\h3lr\pruned_reinit_d0.01\np_lr0.0002.json val 0.1094 test 0.1135 acc0 0.142 backoffs 0 perturbed 20,051 (5s)
  [pruned_reinit d=0.01 np lr=0.0001 s0] step 1000/2150 val 0.1094 test 0.1135 loss 2.303 bo 0 (2s)
  [pruned_reinit d=0.01 np lr=0.0001 s0] step 2000/2150 val 0.1094 test 0.1135 loss 2.302 bo 0 (4s)
  [pruned_reinit d=0.01 np lr=0.0001 s0] step 2150/2150 val 0.1094 test 0.1135 loss 2.304 bo 0 (5s)
  -> results\p3\h3lr\pruned_reinit_d0.01\np_lr0.0001.json val 0.1094 test 0.1135 acc0 0.142 backoffs 0 perturbed 20,051 (5s)
[lr3] pruned_reinit_d0.01/np -> (0.007, 0.8648000000000001, 1)
  [pruned_reinit d=0.01 fg s0] diverged at step 313: restore to 100 + lr -> 0.015 (backoff 1)
  [pruned_reinit d=0.01 fg s0] diverged at step 456: restore to 200 + lr -> 0.0075 (backoff 2)
  [pruned_reinit d=0.01 fg s0] diverged at step 743: restore to 500 + lr -> 0.00375 (backoff 3)
  [pruned_reinit d=0.01 fg lr=0.00375 s0] step 1000/2150 val 0.7564 test 0.7590 loss 0.902 bo 3 (45s)
  [pruned_reinit d=0.01 fg lr=0.00375 s0] step 2000/2150 val 0.8312 test 0.8459 loss 0.567 bo 3 (71s)
  [pruned_reinit d=0.01 fg lr=0.00375 s0] step 2150/2150 val 0.8318 test 0.8468 loss 0.514 bo 3 (75s)
  -> results\p3\h3lr\pruned_reinit_d0.01\fg_lr0.03.json val 0.8316 test 0.8465 acc0 0.142 backoffs 3 perturbed 20,051 (75s)
  [pruned_reinit d=0.01 fg s0] diverged at step 458: restore to 200 + lr -> 0.0075 (backoff 1)
  [pruned_reinit d=0.01 fg s0] diverged at step 720: restore to 500 + lr -> 0.00375 (backoff 2)
  [pruned_reinit d=0.01 fg lr=0.00375 s0] step 1000/2150 val 0.7506 test 0.7504 loss 0.909 bo 2 (38s)
  [pruned_reinit d=0.01 fg lr=0.00375 s0] step 2000/2150 val 0.8286 test 0.8319 loss 0.690 bo 2 (64s)
  [pruned_reinit d=0.01 fg lr=0.00375 s0] step 2150/2150 val 0.8292 test 0.8333 loss 0.629 bo 2 (68s)
  -> results\p3\h3lr\pruned_reinit_d0.01\fg_lr0.015.json val 0.8291 test 0.8328 acc0 0.142 backoffs 2 perturbed 20,051 (68s)
  [pruned_reinit d=0.01 fg s0] diverged at step 911: restore to 700 + lr -> 0.0035 (backoff 1)
  [pruned_reinit d=0.01 fg lr=0.0035 s0] step 1000/2150 val 0.7398 test 0.7508 loss 0.800 bo 1 (32s)
  [pruned_reinit d=0.01 fg lr=0.0035 s0] step 2000/2150 val 0.8262 test 0.8412 loss 0.626 bo 1 (57s)
  [pruned_reinit d=0.01 fg lr=0.0035 s0] step 2150/2150 val 0.8256 test 0.8409 loss 0.424 bo 1 (61s)
  -> results\p3\h3lr\pruned_reinit_d0.01\fg_lr0.007.json val 0.8259 test 0.8410 acc0 0.142 backoffs 1 perturbed 20,051 (61s)
  [pruned_reinit d=0.01 fg lr=0.0035 s0] step 1000/2150 val 0.2760 test 0.2742 loss 2.273 bo 0 (27s)
  [pruned_reinit d=0.01 fg lr=0.0035 s0] step 2000/2150 val 0.4102 test 0.4107 loss 1.868 bo 0 (52s)
  [pruned_reinit d=0.01 fg lr=0.0035 s0] step 2150/2150 val 0.4146 test 0.4134 loss 1.903 bo 0 (56s)
  -> results\p3\h3lr\pruned_reinit_d0.01\fg_lr0.0035.json val 0.4131 test 0.4125 acc0 0.142 backoffs 0 perturbed 20,051 (56s)
  [pruned_reinit d=0.01 fg lr=0.0017 s0] step 1000/2150 val 0.1094 test 0.1135 loss 2.294 bo 0 (27s)
  [pruned_reinit d=0.01 fg lr=0.0017 s0] step 2000/2150 val 0.1094 test 0.1135 loss 2.298 bo 0 (53s)
  [pruned_reinit d=0.01 fg lr=0.0017 s0] step 2150/2150 val 0.1094 test 0.1135 loss 2.301 bo 0 (56s)
  -> results\p3\h3lr\pruned_reinit_d0.01\fg_lr0.0017.json val 0.1094 test 0.1135 acc0 0.142 backoffs 0 perturbed 20,051 (56s)
  [pruned_reinit d=0.01 fg lr=0.0008 s0] step 1000/2150 val 0.1094 test 0.1135 loss 2.297 bo 0 (26s)
  [pruned_reinit d=0.01 fg lr=0.0008 s0] step 2000/2150 val 0.1094 test 0.1135 loss 2.301 bo 0 (53s)
  [pruned_reinit d=0.01 fg lr=0.0008 s0] step 2150/2150 val 0.1094 test 0.1135 loss 2.303 bo 0 (56s)
  -> results\p3\h3lr\pruned_reinit_d0.01\fg_lr0.0008.json val 0.1094 test 0.1135 acc0 0.142 backoffs 0 perturbed 20,051 (56s)
  [pruned_reinit d=0.01 fg lr=0.0004 s0] step 1000/2150 val 0.1094 test 0.1135 loss 2.299 bo 0 (27s)
  [pruned_reinit d=0.01 fg lr=0.0004 s0] step 2000/2150 val 0.1094 test 0.1135 loss 2.300 bo 0 (53s)
  [pruned_reinit d=0.01 fg lr=0.0004 s0] step 2150/2150 val 0.1094 test 0.1135 loss 2.303 bo 0 (57s)
  -> results\p3\h3lr\pruned_reinit_d0.01\fg_lr0.0004.json val 0.1094 test 0.1135 acc0 0.142 backoffs 0 perturbed 20,051 (57s)
  [pruned_reinit d=0.01 fg lr=0.0002 s0] step 1000/2150 val 0.1094 test 0.1135 loss 2.300 bo 0 (26s)
  [pruned_reinit d=0.01 fg lr=0.0002 s0] step 2000/2150 val 0.1094 test 0.1135 loss 2.300 bo 0 (52s)
  [pruned_reinit d=0.01 fg lr=0.0002 s0] step 2150/2150 val 0.1094 test 0.1135 loss 2.303 bo 0 (56s)
  -> results\p3\h3lr\pruned_reinit_d0.01\fg_lr0.0002.json val 0.1094 test 0.1135 acc0 0.142 backoffs 0 perturbed 20,051 (56s)
  [pruned_reinit d=0.01 fg lr=0.0001 s0] step 1000/2150 val 0.1156 test 0.1071 loss 2.301 bo 0 (26s)
  [pruned_reinit d=0.01 fg lr=0.0001 s0] step 2000/2150 val 0.1094 test 0.1137 loss 2.299 bo 0 (53s)
  [pruned_reinit d=0.01 fg lr=0.0001 s0] step 2150/2150 val 0.1094 test 0.1137 loss 2.303 bo 0 (57s)
  -> results\p3\h3lr\pruned_reinit_d0.01\fg_lr0.0001.json val 0.1094 test 0.1137 acc0 0.142 backoffs 0 perturbed 20,051 (57s)
[lr3] pruned_reinit_d0.01/fg -> (0.03, 0.8316, 3)
==== stage h3lr end 16:29:35
==== stage h3 start 16:29:35
  [pruned d=0.005 bp lr=0.3 s0] step 1000/6450 val 0.9764 test 0.9749 loss 0.032 bo 0 (2s)
  [pruned d=0.005 bp lr=0.3 s0] step 2000/6450 val 0.9808 test 0.9763 loss 0.092 bo 0 (4s)
  [pruned d=0.005 bp lr=0.3 s0] step 3000/6450 val 0.9808 test 0.9801 loss 0.045 bo 0 (5s)
  [pruned d=0.005 bp lr=0.3 s0] step 4000/6450 val 0.9826 test 0.9806 loss 0.006 bo 0 (7s)
  [pruned d=0.005 bp lr=0.3 s0] step 5000/6450 val 0.9832 test 0.9796 loss 0.009 bo 0 (9s)
  [pruned d=0.005 bp lr=0.3 s0] step 6000/6450 val 0.9832 test 0.9797 loss 0.009 bo 0 (10s)
  [pruned d=0.005 bp lr=0.3 s0] step 6450/6450 val 0.9830 test 0.9798 loss 0.003 bo 0 (11s)
  -> results\p3\h3\pruned_d0.005\bp\seed0.json val 0.9830 test 0.9798 acc0 0.097 backoffs 0 perturbed 10,354 (11s)
  [pruned d=0.005 dfa s0] diverged at step 369: restore to 100 + lr -> 0.035 (backoff 1)
  [pruned d=0.005 dfa lr=0.035 s0] step 1000/6450 val 0.8888 test 0.8971 loss 1.348 bo 1 (2s)
  [pruned d=0.005 dfa s0] diverged at step 1272: restore to 1000 + lr -> 0.0175 (backoff 2)
  [pruned d=0.005 dfa lr=0.0175 s0] step 2000/6450 val 0.9116 test 0.9151 loss 3.725 bo 2 (4s)
  [pruned d=0.005 dfa lr=0.0175 s0] step 3000/6450 val 0.9320 test 0.9357 loss 3.801 bo 2 (6s)
  [pruned d=0.005 dfa lr=0.0175 s0] step 4000/6450 val 0.9254 test 0.9260 loss 2.339 bo 2 (7s)
  [pruned d=0.005 dfa lr=0.0175 s0] step 5000/6450 val 0.9414 test 0.9402 loss 0.777 bo 2 (9s)
  [pruned d=0.005 dfa lr=0.0175 s0] step 6000/6450 val 0.9456 test 0.9453 loss 0.976 bo 2 (10s)
  [pruned d=0.005 dfa lr=0.0175 s0] step 6450/6450 val 0.9460 test 0.9452 loss 0.566 bo 2 (11s)
  -> results\p3\h3\pruned_d0.005\dfa\seed0.json val 0.9461 test 0.9451 acc0 0.097 backoffs 2 perturbed 10,354 (11s)
  [pruned d=0.005 np s0] diverged at step 314: restore to 100 + lr -> 0.015 (backoff 1)
  [pruned d=0.005 np s0] diverged at step 514: restore to 300 + lr -> 0.0075 (backoff 2)
  [pruned d=0.005 np s0] diverged at step 816: restore to 600 + lr -> 0.00375 (backoff 3)
  [pruned d=0.005 np lr=0.00375 s0] step 1000/6450 val 0.7936 test 0.8002 loss 0.854 bo 3 (4s)
  [pruned d=0.005 np lr=0.00375 s0] step 2000/6450 val 0.8100 test 0.8214 loss 0.423 bo 3 (6s)
  [pruned d=0.005 np lr=0.00375 s0] step 3000/6450 val 0.8316 test 0.8413 loss 0.568 bo 3 (8s)
  [pruned d=0.005 np lr=0.00375 s0] step 4000/6450 val 0.8784 test 0.8874 loss 0.418 bo 3 (10s)
  [pruned d=0.005 np lr=0.00375 s0] step 5000/6450 val 0.8840 test 0.8979 loss 0.556 bo 3 (12s)
  [pruned d=0.005 np lr=0.00375 s0] step 6000/6450 val 0.8980 test 0.9073 loss 0.318 bo 3 (14s)
  [pruned d=0.005 np lr=0.00375 s0] step 6450/6450 val 0.8980 test 0.9079 loss 0.410 bo 3 (15s)
  -> results\p3\h3\pruned_d0.005\np\seed0.json val 0.8979 test 0.9078 acc0 0.097 backoffs 3 perturbed 10,354 (15s)
  [pruned d=0.005 fg s0] diverged at step 371: restore to 100 + lr -> 0.015 (backoff 1)
  [pruned d=0.005 fg s0] diverged at step 550: restore to 300 + lr -> 0.0075 (backoff 2)
  [pruned d=0.005 fg s0] diverged at step 1000: restore to 700 + lr -> 0.00375 (backoff 3)
  [pruned d=0.005 fg lr=0.00375 s0] step 1000/6450 val 0.7696 test 0.7799 loss 0.737 bo 3 (48s)
  [pruned d=0.005 fg lr=0.00375 s0] step 2000/6450 val 0.8320 test 0.8408 loss 0.761 bo 3 (75s)
  [pruned d=0.005 fg lr=0.00375 s0] step 3000/6450 val 0.7922 test 0.7955 loss 0.741 bo 3 (102s)
  [pruned d=0.005 fg lr=0.00375 s0] step 4000/6450 val 0.7804 test 0.7878 loss 2.378 bo 3 (129s)
  [pruned d=0.005 fg lr=0.00375 s0] step 5000/6450 val 0.8200 test 0.8242 loss 2.009 bo 3 (156s)
  [pruned d=0.005 fg lr=0.00375 s0] step 6000/6450 val 0.8398 test 0.8443 loss 1.529 bo 3 (182s)
  [pruned d=0.005 fg lr=0.00375 s0] step 6450/6450 val 0.8396 test 0.8446 loss 1.139 bo 3 (195s)
  -> results\p3\h3\pruned_d0.005\fg\seed0.json val 0.8396 test 0.8448 acc0 0.097 backoffs 3 perturbed 10,354 (195s)
  [random_degree d=0.005 bp lr=0.3 s0] step 1000/6450 val 0.9390 test 0.9450 loss 0.173 bo 0 (2s)
  [random_degree d=0.005 bp lr=0.3 s0] step 2000/6450 val 0.9576 test 0.9538 loss 0.158 bo 0 (4s)
  [random_degree d=0.005 bp lr=0.3 s0] step 3000/6450 val 0.9586 test 0.9590 loss 0.101 bo 0 (6s)
  [random_degree d=0.005 bp lr=0.3 s0] step 4000/6450 val 0.9646 test 0.9616 loss 0.093 bo 0 (8s)
  [random_degree d=0.005 bp lr=0.3 s0] step 5000/6450 val 0.9662 test 0.9668 loss 0.037 bo 0 (9s)
  [random_degree d=0.005 bp lr=0.3 s0] step 6000/6450 val 0.9692 test 0.9672 loss 0.024 bo 0 (11s)
  [random_degree d=0.005 bp lr=0.3 s0] step 6450/6450 val 0.9690 test 0.9672 loss 0.022 bo 0 (12s)
  -> results\p3\h3\random_degree_d0.005\bp\seed0.json val 0.9690 test 0.9672 acc0 0.096 backoffs 0 perturbed 10,354 (12s)
  [random_degree d=0.005 dfa lr=0.035 s0] step 1000/6450 val 0.8696 test 0.8696 loss 2.416 bo 0 (2s)
  [random_degree d=0.005 dfa lr=0.035 s0] step 2000/6450 val 0.8910 test 0.8886 loss 4.755 bo 0 (3s)
  [random_degree d=0.005 dfa lr=0.035 s0] step 3000/6450 val 0.8998 test 0.9034 loss 5.344 bo 0 (5s)
  [random_degree d=0.005 dfa lr=0.035 s0] step 4000/6450 val 0.9088 test 0.9124 loss 3.330 bo 0 (6s)
  [random_degree d=0.005 dfa lr=0.035 s0] step 5000/6450 val 0.9144 test 0.9213 loss 1.330 bo 0 (8s)
  [random_degree d=0.005 dfa lr=0.035 s0] step 6000/6450 val 0.9266 test 0.9322 loss 1.298 bo 0 (9s)
  [random_degree d=0.005 dfa lr=0.035 s0] step 6450/6450 val 0.9290 test 0.9321 loss 0.894 bo 0 (10s)
  -> results\p3\h3\random_degree_d0.005\dfa\seed0.json val 0.9293 test 0.9318 acc0 0.096 backoffs 0 perturbed 10,354 (10s)
  [random_degree d=0.005 np s0] diverged at step 538: restore to 300 + lr -> 0.0075 (backoff 1)
  [random_degree d=0.005 np s0] diverged at step 998: restore to 700 + lr -> 0.00375 (backoff 2)
  [random_degree d=0.005 np lr=0.00375 s0] step 1000/6450 val 0.7620 test 0.7705 loss 0.606 bo 2 (3s)
  [random_degree d=0.005 np lr=0.00375 s0] step 2000/6450 val 0.8350 test 0.8344 loss 0.619 bo 2 (5s)
  [random_degree d=0.005 np lr=0.00375 s0] step 3000/6450 val 0.8284 test 0.8366 loss 0.767 bo 2 (8s)
  [random_degree d=0.005 np lr=0.00375 s0] step 4000/6450 val 0.8304 test 0.8326 loss 0.549 bo 2 (10s)
  [random_degree d=0.005 np lr=0.00375 s0] step 5000/6450 val 0.8652 test 0.8732 loss 0.275 bo 2 (12s)
  [random_degree d=0.005 np lr=0.00375 s0] step 6000/6450 val 0.8794 test 0.8859 loss 0.452 bo 2 (14s)
  [random_degree d=0.005 np lr=0.00375 s0] step 6450/6450 val 0.8796 test 0.8848 loss 0.346 bo 2 (15s)
  -> results\p3\h3\random_degree_d0.005\np\seed0.json val 0.8797 test 0.8848 acc0 0.096 backoffs 2 perturbed 10,354 (15s)
  [random_degree d=0.005 fg s0] diverged at step 604: restore to 400 + lr -> 0.0075 (backoff 1)
  [random_degree d=0.005 fg s0] diverged at step 918: restore to 700 + lr -> 0.00375 (backoff 2)
  [random_degree d=0.005 fg lr=0.00375 s0] step 1000/6450 val 0.7198 test 0.7347 loss 0.885 bo 2 (39s)
  [random_degree d=0.005 fg s0] diverged at step 1791: restore to 1500 + lr -> 0.001875 (backoff 3)
  [random_degree d=0.005 fg lr=0.001875 s0] step 2000/6450 val 0.7488 test 0.7491 loss 0.911 bo 3 (74s)
  [random_degree d=0.005 fg lr=0.001875 s0] step 3000/6450 val 0.7794 test 0.7836 loss 1.028 bo 3 (100s)
  [random_degree d=0.005 fg lr=0.001875 s0] step 4000/6450 val 0.8018 test 0.8126 loss 0.793 bo 3 (127s)
  [random_degree d=0.005 fg lr=0.001875 s0] step 5000/6450 val 0.8140 test 0.8283 loss 0.503 bo 3 (154s)
  [random_degree d=0.005 fg lr=0.001875 s0] step 6000/6450 val 0.8218 test 0.8347 loss 0.599 bo 3 (180s)
  [random_degree d=0.005 fg lr=0.001875 s0] step 6450/6450 val 0.8214 test 0.8353 loss 0.626 bo 3 (193s)
  -> results\p3\h3\random_degree_d0.005\fg\seed0.json val 0.8214 test 0.8353 acc0 0.096 backoffs 3 perturbed 10,354 (193s)
  [random_mask d=0.005 bp lr=0.3 s0] step 1000/6450 val 0.8516 test 0.8601 loss 0.489 bo 0 (2s)
  [random_mask d=0.005 bp lr=0.3 s0] step 2000/6450 val 0.8918 test 0.8870 loss 0.502 bo 0 (4s)
  [random_mask d=0.005 bp lr=0.3 s0] step 3000/6450 val 0.9014 test 0.9076 loss 0.251 bo 0 (6s)
  [random_mask d=0.005 bp lr=0.3 s0] step 4000/6450 val 0.9158 test 0.9183 loss 0.283 bo 0 (8s)
  [random_mask d=0.005 bp lr=0.3 s0] step 5000/6450 val 0.9228 test 0.9267 loss 0.175 bo 0 (9s)
  [random_mask d=0.005 bp lr=0.3 s0] step 6000/6450 val 0.9242 test 0.9290 loss 0.284 bo 0 (11s)
  [random_mask d=0.005 bp lr=0.3 s0] step 6450/6450 val 0.9244 test 0.9291 loss 0.339 bo 0 (12s)
  -> results\p3\h3\random_mask_d0.005\bp\seed0.json val 0.9242 test 0.9291 acc0 0.096 backoffs 0 perturbed 11,318 (12s)
  [random_mask d=0.005 dfa s0] diverged at step 141: restore to 0 + lr -> 0.075 (backoff 1)
  [random_mask d=0.005 dfa s0] diverged at step 197: restore to 0 + lr -> 0.0375 (backoff 2)
  [random_mask d=0.005 dfa s0] diverged at step 292: restore to 0 + lr -> 0.01875 (backoff 3)
  [random_mask d=0.005 dfa s0] diverged at step 414: restore to 200 + lr -> 0.009375 (backoff 4)
  [random_mask d=0.005 dfa s0] diverged at step 761: restore to 500 + lr -> 0.0046875 (backoff 5)
  [random_mask d=0.005 dfa lr=0.0046875 s0] step 1000/6450 val 0.6988 test 0.7029 loss 4.435 bo 5 (3s)
  [random_mask d=0.005 dfa s0] FAILED after 5 backoffs at step 1230
  -> results\p3\h3\random_mask_d0.005\dfa\seed0.json val 0.6779 test 0.6839 acc0 0.096 backoffs 6 perturbed 11,318 (4s)
  [random_mask d=0.005 np s0] diverged at step 492: restore to 200 + lr -> 0.015 (backoff 1)
  [random_mask d=0.005 np s0] diverged at step 991: restore to 700 + lr -> 0.0075 (backoff 2)
  [random_mask d=0.005 np lr=0.0075 s0] step 1000/6450 val 0.6392 test 0.6540 loss 1.105 bo 2 (4s)
  [random_mask d=0.005 np lr=0.0075 s0] step 2000/6450 val 0.4906 test 0.4914 loss 4.557 bo 2 (6s)
  [random_mask d=0.005 np s0] diverged at step 2215: restore to 2000 + lr -> 0.00375 (backoff 3)
  [random_mask d=0.005 np lr=0.00375 s0] step 3000/6450 val 0.7186 test 0.7387 loss 0.927 bo 3 (8s)
  [random_mask d=0.005 np lr=0.00375 s0] step 4000/6450 val 0.7664 test 0.7794 loss 1.311 bo 3 (10s)
  [random_mask d=0.005 np lr=0.00375 s0] step 5000/6450 val 0.7686 test 0.7795 loss 0.839 bo 3 (12s)
  [random_mask d=0.005 np lr=0.00375 s0] step 6000/6450 val 0.7946 test 0.8091 loss 0.757 bo 3 (14s)
  [random_mask d=0.005 np lr=0.00375 s0] step 6450/6450 val 0.7946 test 0.8072 loss 1.044 bo 3 (15s)
  -> results\p3\h3\random_mask_d0.005\np\seed0.json val 0.7946 test 0.8072 acc0 0.096 backoffs 3 perturbed 11,318 (15s)
  [random_mask d=0.005 fg s0] diverged at step 544: restore to 300 + lr -> 0.015 (backoff 1)
  [random_mask d=0.005 fg lr=0.015 s0] step 1000/6450 val 0.5948 test 0.5928 loss 1.374 bo 1 (34s)
  [random_mask d=0.005 fg s0] diverged at step 1069: restore to 800 + lr -> 0.0075 (backoff 2)
  [random_mask d=0.005 fg lr=0.0075 s0] step 1000/6450 val 0.6514 test 0.6402 loss 1.194 bo 2 (41s)
  [random_mask d=0.005 fg lr=0.0075 s0] step 2000/6450 val 0.6208 test 0.6292 loss 1.878 bo 2 (69s)
  [random_mask d=0.005 fg s0] diverged at step 2290: restore to 2000 + lr -> 0.00375 (backoff 3)
  [random_mask d=0.005 fg lr=0.00375 s0] step 3000/6450 val 0.7290 test 0.7380 loss 1.095 bo 3 (103s)
  [random_mask d=0.005 fg lr=0.00375 s0] step 4000/6450 val 0.7716 test 0.7777 loss 0.813 bo 3 (131s)
  [random_mask d=0.005 fg lr=0.00375 s0] step 5000/6450 val 0.7894 test 0.7975 loss 0.703 bo 3 (157s)
  [random_mask d=0.005 fg lr=0.00375 s0] step 6000/6450 val 0.7934 test 0.8060 loss 0.868 bo 3 (185s)
  [random_mask d=0.005 fg lr=0.00375 s0] step 6450/6450 val 0.7940 test 0.8074 loss 0.602 bo 3 (197s)
  -> results\p3\h3\random_mask_d0.005\fg\seed0.json val 0.7940 test 0.8072 acc0 0.096 backoffs 3 perturbed 11,318 (197s)
  [dense_small d=0.005 bp lr=0.07 s0] step 1000/6450 val 0.9238 test 0.9257 loss 0.303 bo 0 (2s)
  [dense_small d=0.005 bp lr=0.07 s0] step 2000/6450 val 0.9340 test 0.9343 loss 0.247 bo 0 (3s)
  [dense_small d=0.005 bp lr=0.07 s0] step 3000/6450 val 0.9420 test 0.9379 loss 0.187 bo 0 (5s)
  [dense_small d=0.005 bp lr=0.07 s0] step 4000/6450 val 0.9450 test 0.9411 loss 0.170 bo 0 (6s)
  [dense_small d=0.005 bp lr=0.07 s0] step 5000/6450 val 0.9482 test 0.9473 loss 0.121 bo 0 (7s)
  [dense_small d=0.005 bp lr=0.07 s0] step 6000/6450 val 0.9492 test 0.9475 loss 0.083 bo 0 (9s)
  [dense_small d=0.005 bp lr=0.07 s0] step 6450/6450 val 0.9494 test 0.9472 loss 0.140 bo 0 (9s)
  -> results\p3\h3\dense_small_d0.005\bp\seed0.json val 0.9493 test 0.9473 acc0 0.116 backoffs 0 perturbed 9,706 (9s)
  [dense_small d=0.005 dfa s0] diverged at step 56: restore to 0 + lr -> 0.035 (backoff 1)
  [dense_small d=0.005 dfa s0] diverged at step 86: restore to 0 + lr -> 0.0175 (backoff 2)
  [dense_small d=0.005 dfa s0] diverged at step 243: restore to 0 + lr -> 0.00875 (backoff 3)
  [dense_small d=0.005 dfa s0] diverged at step 450: restore to 200 + lr -> 0.004375 (backoff 4)
  [dense_small d=0.005 dfa lr=0.004375 s0] step 1000/6450 val 0.8840 test 0.8893 loss 0.518 bo 4 (2s)
  [dense_small d=0.005 dfa lr=0.004375 s0] step 2000/6450 val 0.8564 test 0.8648 loss 0.533 bo 4 (3s)
  [dense_small d=0.005 dfa lr=0.004375 s0] step 3000/6450 val 0.9038 test 0.9020 loss 0.371 bo 4 (4s)
  [dense_small d=0.005 dfa lr=0.004375 s0] step 4000/6450 val 0.9040 test 0.9053 loss 0.304 bo 4 (5s)
  [dense_small d=0.005 dfa lr=0.004375 s0] step 5000/6450 val 0.9200 test 0.9139 loss 0.400 bo 4 (7s)
  [dense_small d=0.005 dfa lr=0.004375 s0] step 6000/6450 val 0.9224 test 0.9213 loss 0.479 bo 4 (8s)
  [dense_small d=0.005 dfa lr=0.004375 s0] step 6450/6450 val 0.9256 test 0.9237 loss 0.266 bo 4 (8s)
  -> results\p3\h3\dense_small_d0.005\dfa\seed0.json val 0.9259 test 0.9234 acc0 0.116 backoffs 4 perturbed 9,706 (8s)
  [dense_small d=0.005 np lr=0.0017 s0] step 1000/6450 val 0.8334 test 0.8401 loss 0.627 bo 0 (2s)
  [dense_small d=0.005 np lr=0.0017 s0] step 2000/6450 val 0.8474 test 0.8394 loss 0.411 bo 0 (4s)
  [dense_small d=0.005 np lr=0.0017 s0] step 3000/6450 val 0.8818 test 0.8774 loss 0.478 bo 0 (6s)
  [dense_small d=0.005 np lr=0.0017 s0] step 4000/6450 val 0.8972 test 0.8950 loss 0.400 bo 0 (7s)
  [dense_small d=0.005 np lr=0.0017 s0] step 5000/6450 val 0.9024 test 0.9030 loss 0.369 bo 0 (9s)
  [dense_small d=0.005 np lr=0.0017 s0] step 6000/6450 val 0.9104 test 0.9051 loss 0.303 bo 0 (11s)
  [dense_small d=0.005 np lr=0.0017 s0] step 6450/6450 val 0.9110 test 0.9060 loss 0.319 bo 0 (12s)
  -> results\p3\h3\dense_small_d0.005\np\seed0.json val 0.9110 test 0.9060 acc0 0.116 backoffs 0 perturbed 9,706 (12s)
  [dense_small d=0.005 fg lr=0.0008 s0] step 1000/6450 val 0.7612 test 0.7727 loss 0.877 bo 0 (14s)
  [dense_small d=0.005 fg lr=0.0008 s0] step 2000/6450 val 0.7632 test 0.7756 loss 0.622 bo 0 (28s)
  [dense_small d=0.005 fg lr=0.0008 s0] step 3000/6450 val 0.7772 test 0.7785 loss 0.819 bo 0 (42s)
  [dense_small d=0.005 fg lr=0.0008 s0] step 4000/6450 val 0.7832 test 0.7912 loss 0.843 bo 0 (57s)
  [dense_small d=0.005 fg lr=0.0008 s0] step 5000/6450 val 0.7960 test 0.8016 loss 0.603 bo 0 (70s)
  [dense_small d=0.005 fg lr=0.0008 s0] step 6000/6450 val 0.8084 test 0.8108 loss 0.680 bo 0 (85s)
  [dense_small d=0.005 fg lr=0.0008 s0] step 6450/6450 val 0.8088 test 0.8119 loss 0.629 bo 0 (91s)
  -> results\p3\h3\dense_small_d0.005\fg\seed0.json val 0.8089 test 0.8119 acc0 0.116 backoffs 0 perturbed 9,706 (91s)
  [pruned_reinit d=0.005 bp lr=0.3 s0] step 1000/6450 val 0.9436 test 0.9492 loss 0.110 bo 0 (2s)
  [pruned_reinit d=0.005 bp lr=0.3 s0] step 2000/6450 val 0.9672 test 0.9691 loss 0.203 bo 0 (4s)
  [pruned_reinit d=0.005 bp lr=0.3 s0] step 3000/6450 val 0.9714 test 0.9721 loss 0.120 bo 0 (6s)
  [pruned_reinit d=0.005 bp lr=0.3 s0] step 4000/6450 val 0.9734 test 0.9756 loss 0.103 bo 0 (8s)
  [pruned_reinit d=0.005 bp lr=0.3 s0] step 5000/6450 val 0.9760 test 0.9772 loss 0.025 bo 0 (9s)
  [pruned_reinit d=0.005 bp lr=0.3 s0] step 6000/6450 val 0.9750 test 0.9774 loss 0.005 bo 0 (11s)
  [pruned_reinit d=0.005 bp lr=0.3 s0] step 6450/6450 val 0.9750 test 0.9773 loss 0.026 bo 0 (12s)
  -> results\p3\h3\pruned_reinit_d0.005\bp\seed0.json val 0.9750 test 0.9773 acc0 0.101 backoffs 0 perturbed 10,354 (12s)
  [pruned_reinit d=0.005 dfa lr=0.035 s0] step 1000/6450 val 0.8862 test 0.8884 loss 2.811 bo 0 (1s)
  [pruned_reinit d=0.005 dfa lr=0.035 s0] step 2000/6450 val 0.8930 test 0.8893 loss 14.628 bo 0 (3s)
  [pruned_reinit d=0.005 dfa s0] diverged at step 2212: restore to 2000 + lr -> 0.0175 (backoff 1)
  [pruned_reinit d=0.005 dfa lr=0.0175 s0] step 3000/6450 val 0.9294 test 0.9339 loss 3.520 bo 1 (5s)
  [pruned_reinit d=0.005 dfa lr=0.0175 s0] step 4000/6450 val 0.9400 test 0.9393 loss 4.729 bo 1 (6s)
  [pruned_reinit d=0.005 dfa lr=0.0175 s0] step 5000/6450 val 0.9422 test 0.9456 loss 1.203 bo 1 (7s)
  [pruned_reinit d=0.005 dfa lr=0.0175 s0] step 6000/6450 val 0.9464 test 0.9457 loss 0.016 bo 1 (9s)
  [pruned_reinit d=0.005 dfa lr=0.0175 s0] step 6450/6450 val 0.9474 test 0.9462 loss 2.297 bo 1 (9s)
  -> results\p3\h3\pruned_reinit_d0.005\dfa\seed0.json val 0.9475 test 0.9462 acc0 0.101 backoffs 1 perturbed 10,354 (9s)
  [pruned_reinit d=0.005 np s0] diverged at step 500: restore to 200 + lr -> 0.0075 (backoff 1)
  [pruned_reinit d=0.005 np lr=0.0075 s0] step 1000/6450 val 0.5106 test 0.5175 loss 4.544 bo 1 (3s)
  [pruned_reinit d=0.005 np s0] diverged at step 1045: restore to 800 + lr -> 0.00375 (backoff 2)
  [pruned_reinit d=0.005 np lr=0.00375 s0] step 1000/6450 val 0.7384 test 0.7367 loss 0.840 bo 2 (4s)
  [pruned_reinit d=0.005 np lr=0.00375 s0] step 2000/6450 val 0.7994 test 0.8109 loss 0.793 bo 2 (6s)
  [pruned_reinit d=0.005 np lr=0.00375 s0] step 3000/6450 val 0.8224 test 0.8231 loss 0.820 bo 2 (8s)
  [pruned_reinit d=0.005 np lr=0.00375 s0] step 4000/6450 val 0.7944 test 0.7967 loss 0.850 bo 2 (10s)
  [pruned_reinit d=0.005 np lr=0.00375 s0] step 5000/6450 val 0.8702 test 0.8775 loss 0.317 bo 2 (12s)
  [pruned_reinit d=0.005 np lr=0.00375 s0] step 6000/6450 val 0.8858 test 0.8880 loss 0.573 bo 2 (14s)
  [pruned_reinit d=0.005 np lr=0.00375 s0] step 6450/6450 val 0.8864 test 0.8894 loss 0.622 bo 2 (15s)
  -> results\p3\h3\pruned_reinit_d0.005\np\seed0.json val 0.8864 test 0.8894 acc0 0.101 backoffs 2 perturbed 10,354 (15s)
  [pruned_reinit d=0.005 fg s0] diverged at step 384: restore to 100 + lr -> 0.015 (backoff 1)
  [pruned_reinit d=0.005 fg s0] diverged at step 569: restore to 300 + lr -> 0.0075 (backoff 2)
  [pruned_reinit d=0.005 fg s0] diverged at step 909: restore to 700 + lr -> 0.00375 (backoff 3)
  [pruned_reinit d=0.005 fg lr=0.00375 s0] step 1000/6450 val 0.7822 test 0.7807 loss 0.793 bo 3 (48s)
  [pruned_reinit d=0.005 fg s0] diverged at step 1992: restore to 1700 + lr -> 0.001875 (backoff 4)
  [pruned_reinit d=0.005 fg lr=0.001875 s0] step 2000/6450 val 0.7774 test 0.7848 loss 1.020 bo 4 (82s)
  [pruned_reinit d=0.005 fg lr=0.001875 s0] step 3000/6450 val 0.7966 test 0.8063 loss 0.566 bo 4 (109s)
  [pruned_reinit d=0.005 fg lr=0.001875 s0] step 4000/6450 val 0.8218 test 0.8281 loss 0.793 bo 4 (136s)
  [pruned_reinit d=0.005 fg lr=0.001875 s0] step 5000/6450 val 0.8360 test 0.8417 loss 0.562 bo 4 (163s)
  [pruned_reinit d=0.005 fg lr=0.001875 s0] step 6000/6450 val 0.8456 test 0.8462 loss 0.904 bo 4 (190s)
  [pruned_reinit d=0.005 fg lr=0.001875 s0] step 6450/6450 val 0.8460 test 0.8469 loss 0.766 bo 4 (202s)
  -> results\p3\h3\pruned_reinit_d0.005\fg\seed0.json val 0.8460 test 0.8469 acc0 0.101 backoffs 4 perturbed 10,354 (202s)
  [dense d=1 bp lr=0.07 s0] step 1000/6450 val 0.9762 test 0.9746 loss 0.037 bo 0 (1s)
  [dense d=1 bp lr=0.07 s0] step 2000/6450 val 0.9842 test 0.9830 loss 0.026 bo 0 (3s)
  [dense d=1 bp lr=0.07 s0] step 3000/6450 val 0.9880 test 0.9844 loss 0.002 bo 0 (4s)
  [dense d=1 bp lr=0.07 s0] step 4000/6450 val 0.9872 test 0.9850 loss 0.000 bo 0 (6s)
  [dense d=1 bp lr=0.07 s0] step 5000/6450 val 0.9874 test 0.9851 loss 0.000 bo 0 (7s)
  [dense d=1 bp lr=0.07 s0] step 6000/6450 val 0.9872 test 0.9852 loss 0.000 bo 0 (9s)
  [dense d=1 bp lr=0.07 s0] step 6450/6450 val 0.9872 test 0.9852 loss 0.000 bo 0 (9s)
  -> results\p3\h3\dense_d1\bp\seed0.json val 0.9872 test 0.9852 acc0 0.109 backoffs 0 perturbed 1,863,690 (9s)
  [dense d=1 dfa lr=0.004 s0] step 1000/6450 val 0.8976 test 0.8983 loss 2.880 bo 0 (1s)
  [dense d=1 dfa lr=0.004 s0] step 2000/6450 val 0.9576 test 0.9589 loss 2.912 bo 0 (2s)
  [dense d=1 dfa lr=0.004 s0] step 3000/6450 val 0.9624 test 0.9667 loss 0.620 bo 0 (4s)
  [dense d=1 dfa lr=0.004 s0] step 4000/6450 val 0.9724 test 0.9725 loss 0.617 bo 0 (5s)
  [dense d=1 dfa lr=0.004 s0] step 5000/6450 val 0.9772 test 0.9759 loss 0.011 bo 0 (6s)
  [dense d=1 dfa lr=0.004 s0] step 6000/6450 val 0.9768 test 0.9784 loss 0.000 bo 0 (7s)
  [dense d=1 dfa lr=0.004 s0] step 6450/6450 val 0.9770 test 0.9784 loss 0.162 bo 0 (8s)
  -> results\p3\h3\dense_d1\dfa\seed0.json val 0.9770 test 0.9784 acc0 0.109 backoffs 0 perturbed 1,863,690 (8s)
  [dense d=1 np s0] diverged at step 61: restore to 0 + lr -> 0.0075 (backoff 1)
  [dense d=1 np s0] diverged at step 90: restore to 0 + lr -> 0.00375 (backoff 2)
  [dense d=1 np s0] diverged at step 138: restore to 0 + lr -> 0.001875 (backoff 3)
  [dense d=1 np s0] diverged at step 228: restore to 0 + lr -> 0.0009375 (backoff 4)
  [dense d=1 np s0] diverged at step 382: restore to 100 + lr -> 0.00046875 (backoff 5)
  [dense d=1 np lr=0.00046875 s0] step 1000/6450 val 0.6126 test 0.6137 loss 3.585 bo 5 (3s)
  [dense d=1 np s0] FAILED after 5 backoffs at step 1586
  -> results\p3\h3\dense_d1\np\seed0.json val 0.6361 test 0.6354 acc0 0.109 backoffs 6 perturbed 1,863,690 (5s)
  [dense d=1 fg lr=0.0002 s0] step 1000/6450 val 0.7850 test 0.7871 loss 0.735 bo 0 (14s)
  [dense d=1 fg s0] diverged at step 1262: restore to 1000 + lr -> 0.0001 (backoff 1)
  [dense d=1 fg lr=0.0001 s0] step 2000/6450 val 0.8172 test 0.8288 loss 0.398 bo 1 (32s)
  [dense d=1 fg lr=0.0001 s0] step 3000/6450 val 0.7554 test 0.7640 loss 1.131 bo 1 (46s)
  [dense d=1 fg lr=0.0001 s0] step 4000/6450 val 0.6972 test 0.7028 loss 3.316 bo 1 (61s)
  [dense d=1 fg lr=0.0001 s0] step 5000/6450 val 0.7598 test 0.7652 loss 8.026 bo 1 (75s)
  [dense d=1 fg lr=0.0001 s0] step 6000/6450 val 0.7962 test 0.7982 loss 3.168 bo 1 (89s)
  [dense d=1 fg lr=0.0001 s0] step 6450/6450 val 0.7956 test 0.7992 loss 3.925 bo 1 (96s)
  -> results\p3\h3\dense_d1\fg\seed0.json val 0.7956 test 0.7992 acc0 0.109 backoffs 1 perturbed 1,863,690 (96s)
  [pruned d=0.01 bp lr=0.3 s0] step 1000/6450 val 0.9848 test 0.9786 loss 0.054 bo 0 (2s)
  [pruned d=0.01 bp lr=0.3 s0] step 2000/6450 val 0.9870 test 0.9823 loss 0.027 bo 0 (4s)
  [pruned d=0.01 bp lr=0.3 s0] step 3000/6450 val 0.9884 test 0.9826 loss 0.002 bo 0 (5s)
  [pruned d=0.01 bp lr=0.3 s0] step 4000/6450 val 0.9902 test 0.9831 loss 0.000 bo 0 (7s)
  [pruned d=0.01 bp lr=0.3 s0] step 5000/6450 val 0.9904 test 0.9834 loss 0.000 bo 0 (9s)
  [pruned d=0.01 bp lr=0.3 s0] step 6000/6450 val 0.9904 test 0.9833 loss 0.000 bo 0 (11s)
  [pruned d=0.01 bp lr=0.3 s0] step 6450/6450 val 0.9906 test 0.9832 loss 0.001 bo 0 (12s)
  -> results\p3\h3\pruned_d0.01\bp\seed0.json val 0.9906 test 0.9832 acc0 0.196 backoffs 0 perturbed 20,051 (12s)
  [pruned d=0.01 dfa s0] diverged at step 412: restore to 200 + lr -> 0.035 (backoff 1)
  [pruned d=0.01 dfa lr=0.035 s0] step 1000/6450 val 0.9158 test 0.9164 loss 1.140 bo 1 (2s)
  [pruned d=0.01 dfa lr=0.035 s0] step 2000/6450 val 0.9316 test 0.9332 loss 2.223 bo 1 (3s)
  [pruned d=0.01 dfa lr=0.035 s0] step 3000/6450 val 0.9348 test 0.9332 loss 2.106 bo 1 (4s)
  [pruned d=0.01 dfa lr=0.035 s0] step 4000/6450 val 0.9436 test 0.9443 loss 0.872 bo 1 (6s)
  [pruned d=0.01 dfa lr=0.035 s0] step 5000/6450 val 0.9630 test 0.9645 loss 0.696 bo 1 (7s)
  [pruned d=0.01 dfa lr=0.035 s0] step 6000/6450 val 0.9678 test 0.9655 loss 0.109 bo 1 (9s)
  [pruned d=0.01 dfa lr=0.035 s0] step 6450/6450 val 0.9668 test 0.9656 loss 0.395 bo 1 (9s)
  -> results\p3\h3\pruned_d0.01\dfa\seed0.json val 0.9667 test 0.9655 acc0 0.196 backoffs 1 perturbed 20,051 (9s)
  [pruned d=0.01 np s0] diverged at step 245: restore to 0 + lr -> 0.015 (backoff 1)
  [pruned d=0.01 np s0] diverged at step 403: restore to 200 + lr -> 0.0075 (backoff 2)
  [pruned d=0.01 np s0] diverged at step 680: restore to 400 + lr -> 0.00375 (backoff 3)
  [pruned d=0.01 np lr=0.00375 s0] step 1000/6450 val 0.7108 test 0.7165 loss 0.941 bo 3 (4s)
  [pruned d=0.01 np s0] diverged at step 1811: restore to 1600 + lr -> 0.001875 (backoff 4)
  [pruned d=0.01 np lr=0.001875 s0] step 2000/6450 val 0.7796 test 0.7877 loss 0.784 bo 4 (7s)
  [pruned d=0.01 np lr=0.001875 s0] step 3000/6450 val 0.8816 test 0.8860 loss 0.295 bo 4 (9s)
  [pruned d=0.01 np lr=0.001875 s0] step 4000/6450 val 0.8676 test 0.8767 loss 0.419 bo 4 (11s)
  [pruned d=0.01 np lr=0.001875 s0] step 5000/6450 val 0.9072 test 0.9069 loss 0.343 bo 4 (13s)
  [pruned d=0.01 np lr=0.001875 s0] step 6000/6450 val 0.9114 test 0.9143 loss 0.283 bo 4 (15s)
  [pruned d=0.01 np lr=0.001875 s0] step 6450/6450 val 0.9114 test 0.9137 loss 0.277 bo 4 (16s)
  -> results\p3\h3\pruned_d0.01\np\seed0.json val 0.9114 test 0.9136 acc0 0.196 backoffs 4 perturbed 20,051 (16s)
  [pruned d=0.01 fg s0] diverged at step 443: restore to 200 + lr -> 0.0075 (backoff 1)
  [pruned d=0.01 fg s0] diverged at step 696: restore to 400 + lr -> 0.00375 (backoff 2)
  [pruned d=0.01 fg lr=0.00375 s0] step 1000/6450 val 0.7984 test 0.8001 loss 0.737 bo 2 (41s)
  [pruned d=0.01 fg s0] diverged at step 1709: restore to 1500 + lr -> 0.001875 (backoff 3)
  [pruned d=0.01 fg lr=0.001875 s0] step 2000/6450 val 0.7704 test 0.7925 loss 0.833 bo 3 (74s)
  [pruned d=0.01 fg lr=0.001875 s0] step 3000/6450 val 0.7848 test 0.7939 loss 1.628 bo 3 (101s)
  [pruned d=0.01 fg lr=0.001875 s0] step 4000/6450 val 0.7936 test 0.7983 loss 1.253 bo 3 (128s)
  [pruned d=0.01 fg lr=0.001875 s0] step 5000/6450 val 0.8312 test 0.8450 loss 0.994 bo 3 (154s)
  [pruned d=0.01 fg lr=0.001875 s0] step 6000/6450 val 0.8452 test 0.8533 loss 1.013 bo 3 (181s)
  [pruned d=0.01 fg lr=0.001875 s0] step 6450/6450 val 0.8460 test 0.8545 loss 0.892 bo 3 (193s)
  -> results\p3\h3\pruned_d0.01\fg\seed0.json val 0.8461 test 0.8545 acc0 0.196 backoffs 3 perturbed 20,051 (193s)
  [random_degree d=0.01 bp lr=0.3 s0] step 1000/6450 val 0.9474 test 0.9496 loss 0.146 bo 0 (2s)
  [random_degree d=0.01 bp lr=0.3 s0] step 2000/6450 val 0.9632 test 0.9600 loss 0.119 bo 0 (4s)
  [random_degree d=0.01 bp lr=0.3 s0] step 3000/6450 val 0.9680 test 0.9662 loss 0.074 bo 0 (6s)
  [random_degree d=0.01 bp lr=0.3 s0] step 4000/6450 val 0.9738 test 0.9703 loss 0.017 bo 0 (8s)
  [random_degree d=0.01 bp lr=0.3 s0] step 5000/6450 val 0.9750 test 0.9702 loss 0.007 bo 0 (10s)
  [random_degree d=0.01 bp lr=0.3 s0] step 6000/6450 val 0.9750 test 0.9703 loss 0.004 bo 0 (11s)
  [random_degree d=0.01 bp lr=0.3 s0] step 6450/6450 val 0.9750 test 0.9703 loss 0.008 bo 0 (12s)
  -> results\p3\h3\random_degree_d0.01\bp\seed0.json val 0.9750 test 0.9703 acc0 0.096 backoffs 0 perturbed 20,051 (12s)
  [random_degree d=0.01 dfa s0] diverged at step 386: restore to 100 + lr -> 0.035 (backoff 1)
  [random_degree d=0.01 dfa lr=0.035 s0] step 1000/6450 val 0.8524 test 0.8512 loss 2.152 bo 1 (2s)
  [random_degree d=0.01 dfa lr=0.035 s0] step 2000/6450 val 0.9136 test 0.9230 loss 2.200 bo 1 (3s)
  [random_degree d=0.01 dfa lr=0.035 s0] step 3000/6450 val 0.9328 test 0.9372 loss 1.682 bo 1 (5s)
  [random_degree d=0.01 dfa lr=0.035 s0] step 4000/6450 val 0.9394 test 0.9456 loss 1.431 bo 1 (6s)
  [random_degree d=0.01 dfa lr=0.035 s0] step 5000/6450 val 0.9436 test 0.9480 loss 0.354 bo 1 (8s)
  [random_degree d=0.01 dfa lr=0.035 s0] step 6000/6450 val 0.9492 test 0.9528 loss 0.226 bo 1 (10s)
  [random_degree d=0.01 dfa lr=0.035 s0] step 6450/6450 val 0.9492 test 0.9545 loss 0.359 bo 1 (10s)
  -> results\p3\h3\random_degree_d0.01\dfa\seed0.json val 0.9493 test 0.9547 acc0 0.096 backoffs 1 perturbed 20,051 (10s)
  [random_degree d=0.01 np s0] diverged at step 438: restore to 200 + lr -> 0.0075 (backoff 1)
  [random_degree d=0.01 np s0] diverged at step 774: restore to 500 + lr -> 0.00375 (backoff 2)
  [random_degree d=0.01 np lr=0.00375 s0] step 1000/6450 val 0.6572 test 0.6498 loss 1.770 bo 2 (3s)
  [random_degree d=0.01 np s0] diverged at step 1771: restore to 1500 + lr -> 0.001875 (backoff 3)
  [random_degree d=0.01 np lr=0.001875 s0] step 2000/6450 val 0.8196 test 0.8250 loss 0.926 bo 3 (6s)
  [random_degree d=0.01 np lr=0.001875 s0] step 3000/6450 val 0.8366 test 0.8437 loss 0.661 bo 3 (8s)
  [random_degree d=0.01 np lr=0.001875 s0] step 4000/6450 val 0.8574 test 0.8664 loss 0.457 bo 3 (10s)
  [random_degree d=0.01 np lr=0.001875 s0] step 5000/6450 val 0.8754 test 0.8807 loss 0.402 bo 3 (12s)
  [random_degree d=0.01 np lr=0.001875 s0] step 6000/6450 val 0.8796 test 0.8902 loss 0.463 bo 3 (15s)
  [random_degree d=0.01 np lr=0.001875 s0] step 6450/6450 val 0.8806 test 0.8907 loss 0.330 bo 3 (16s)
  -> results\p3\h3\random_degree_d0.01\np\seed0.json val 0.8807 test 0.8907 acc0 0.096 backoffs 3 perturbed 20,051 (16s)
  [random_degree d=0.01 fg s0] diverged at step 317: restore to 100 + lr -> 0.015 (backoff 1)
  [random_degree d=0.01 fg s0] diverged at step 460: restore to 200 + lr -> 0.0075 (backoff 2)
  [random_degree d=0.01 fg s0] diverged at step 729: restore to 500 + lr -> 0.00375 (backoff 3)
  [random_degree d=0.01 fg lr=0.00375 s0] step 1000/6450 val 0.7146 test 0.7360 loss 0.751 bo 3 (45s)
  [random_degree d=0.01 fg s0] diverged at step 1200: restore to 900 + lr -> 0.001875 (backoff 4)
  [random_degree d=0.01 fg lr=0.001875 s0] step 1000/6450 val 0.7296 test 0.7470 loss 0.951 bo 4 (54s)
  [random_degree d=0.01 fg lr=0.001875 s0] step 2000/6450 val 0.7936 test 0.8066 loss 0.650 bo 4 (80s)
  [random_degree d=0.01 fg lr=0.001875 s0] step 3000/6450 val 0.7442 test 0.7626 loss 0.972 bo 4 (107s)
  [random_degree d=0.01 fg lr=0.001875 s0] step 4000/6450 val 0.7578 test 0.7722 loss 1.275 bo 4 (134s)
  [random_degree d=0.01 fg lr=0.001875 s0] step 5000/6450 val 0.7984 test 0.8118 loss 1.067 bo 4 (161s)
  [random_degree d=0.01 fg lr=0.001875 s0] step 6000/6450 val 0.8090 test 0.8195 loss 1.102 bo 4 (188s)
  [random_degree d=0.01 fg lr=0.001875 s0] step 6450/6450 val 0.8102 test 0.8195 loss 1.414 bo 4 (200s)
  -> results\p3\h3\random_degree_d0.01\fg\seed0.json val 0.8102 test 0.8195 acc0 0.096 backoffs 4 perturbed 20,051 (200s)
  [random_mask d=0.01 bp lr=0.3 s0] step 1000/6450 val 0.9106 test 0.9168 loss 0.284 bo 0 (2s)
  [random_mask d=0.01 bp lr=0.3 s0] step 2000/6450 val 0.9438 test 0.9450 loss 0.308 bo 0 (4s)
  [random_mask d=0.01 bp lr=0.3 s0] step 3000/6450 val 0.9514 test 0.9504 loss 0.147 bo 0 (6s)
  [random_mask d=0.01 bp lr=0.3 s0] step 4000/6450 val 0.9570 test 0.9551 loss 0.118 bo 0 (8s)
  [random_mask d=0.01 bp lr=0.3 s0] step 5000/6450 val 0.9620 test 0.9589 loss 0.066 bo 0 (10s)
  [random_mask d=0.01 bp lr=0.3 s0] step 6000/6450 val 0.9620 test 0.9603 loss 0.100 bo 0 (12s)
  [random_mask d=0.01 bp lr=0.3 s0] step 6450/6450 val 0.9620 test 0.9598 loss 0.069 bo 0 (13s)
  -> results\p3\h3\random_mask_d0.01\bp\seed0.json val 0.9620 test 0.9598 acc0 0.096 backoffs 0 perturbed 20,673 (13s)
  [random_mask d=0.01 dfa lr=0.017 s0] step 1000/6450 val 0.8176 test 0.8170 loss 1.029 bo 0 (2s)
  [random_mask d=0.01 dfa lr=0.017 s0] step 2000/6450 val 0.8370 test 0.8466 loss 0.963 bo 0 (3s)
  [random_mask d=0.01 dfa lr=0.017 s0] step 3000/6450 val 0.8634 test 0.8675 loss 1.348 bo 0 (5s)
  [random_mask d=0.01 dfa lr=0.017 s0] step 4000/6450 val 0.8840 test 0.8881 loss 0.675 bo 0 (6s)
  [random_mask d=0.01 dfa lr=0.017 s0] step 5000/6450 val 0.8944 test 0.9051 loss 0.406 bo 0 (7s)
  [random_mask d=0.01 dfa lr=0.017 s0] step 6000/6450 val 0.9000 test 0.9130 loss 0.374 bo 0 (9s)
  [random_mask d=0.01 dfa lr=0.017 s0] step 6450/6450 val 0.9000 test 0.9132 loss 0.468 bo 0 (10s)
  -> results\p3\h3\random_mask_d0.01\dfa\seed0.json val 0.9005 test 0.9133 acc0 0.096 backoffs 0 perturbed 20,673 (10s)
  [random_mask d=0.01 np s0] diverged at step 404: restore to 200 + lr -> 0.015 (backoff 1)
  [random_mask d=0.01 np s0] diverged at step 633: restore to 400 + lr -> 0.0075 (backoff 2)
  [random_mask d=0.01 np lr=0.0075 s0] step 1000/6450 val 0.6422 test 0.6532 loss 1.059 bo 2 (3s)
  [random_mask d=0.01 np s0] diverged at step 1254: restore to 1000 + lr -> 0.00375 (backoff 3)
  [random_mask d=0.01 np lr=0.00375 s0] step 2000/6450 val 0.7944 test 0.7958 loss 0.643 bo 3 (6s)
  [random_mask d=0.01 np lr=0.00375 s0] step 3000/6450 val 0.6488 test 0.6650 loss 1.588 bo 3 (8s)
  [random_mask d=0.01 np lr=0.00375 s0] step 4000/6450 val 0.7984 test 0.8031 loss 0.949 bo 3 (10s)
  [random_mask d=0.01 np lr=0.00375 s0] step 5000/6450 val 0.8286 test 0.8372 loss 0.618 bo 3 (12s)
  [random_mask d=0.01 np lr=0.00375 s0] step 6000/6450 val 0.8492 test 0.8560 loss 0.711 bo 3 (14s)
  [random_mask d=0.01 np lr=0.00375 s0] step 6450/6450 val 0.8502 test 0.8578 loss 0.730 bo 3 (15s)
  -> results\p3\h3\random_mask_d0.01\np\seed0.json val 0.8501 test 0.8576 acc0 0.096 backoffs 3 perturbed 20,673 (15s)
  [random_mask d=0.01 fg s0] diverged at step 441: restore to 200 + lr -> 0.015 (backoff 1)
  [random_mask d=0.01 fg s0] diverged at step 757: restore to 500 + lr -> 0.0075 (backoff 2)
  [random_mask d=0.01 fg lr=0.0075 s0] step 1000/6450 val 0.7078 test 0.7286 loss 1.026 bo 2 (40s)
  [random_mask d=0.01 fg s0] diverged at step 1365: restore to 1100 + lr -> 0.00375 (backoff 3)
  [random_mask d=0.01 fg lr=0.00375 s0] step 2000/6450 val 0.7898 test 0.7998 loss 0.697 bo 3 (75s)
  [random_mask d=0.01 fg lr=0.00375 s0] step 3000/6450 val 0.7760 test 0.7817 loss 0.781 bo 3 (101s)
  [random_mask d=0.01 fg lr=0.00375 s0] step 4000/6450 val 0.8150 test 0.8120 loss 0.887 bo 3 (129s)
  [random_mask d=0.01 fg lr=0.00375 s0] step 5000/6450 val 0.8170 test 0.8265 loss 0.988 bo 3 (155s)
  [random_mask d=0.01 fg lr=0.00375 s0] step 6000/6450 val 0.8288 test 0.8361 loss 0.887 bo 3 (182s)
  [random_mask d=0.01 fg lr=0.00375 s0] step 6450/6450 val 0.8290 test 0.8372 loss 0.696 bo 3 (195s)
  -> results\p3\h3\random_mask_d0.01\fg\seed0.json val 0.8290 test 0.8371 acc0 0.096 backoffs 3 perturbed 20,673 (195s)
  [dense_small d=0.01 bp lr=0.07 s0] step 1000/6450 val 0.9474 test 0.9459 loss 0.115 bo 0 (2s)
  [dense_small d=0.01 bp lr=0.07 s0] step 2000/6450 val 0.9562 test 0.9543 loss 0.185 bo 0 (3s)
  [dense_small d=0.01 bp lr=0.07 s0] step 3000/6450 val 0.9622 test 0.9595 loss 0.101 bo 0 (5s)
  [dense_small d=0.01 bp lr=0.07 s0] step 4000/6450 val 0.9688 test 0.9655 loss 0.051 bo 0 (6s)
  [dense_small d=0.01 bp lr=0.07 s0] step 5000/6450 val 0.9694 test 0.9672 loss 0.044 bo 0 (8s)
  [dense_small d=0.01 bp lr=0.07 s0] step 6000/6450 val 0.9700 test 0.9658 loss 0.034 bo 0 (9s)
  [dense_small d=0.01 bp lr=0.07 s0] step 6450/6450 val 0.9702 test 0.9661 loss 0.072 bo 0 (10s)
  -> results\p3\h3\dense_small_d0.01\bp\seed0.json val 0.9702 test 0.9661 acc0 0.095 backoffs 0 perturbed 18,847 (10s)
  [dense_small d=0.01 dfa s0] diverged at step 53: restore to 0 + lr -> 0.035 (backoff 1)
  [dense_small d=0.01 dfa s0] diverged at step 239: restore to 0 + lr -> 0.0175 (backoff 2)
  [dense_small d=0.01 dfa s0] diverged at step 799: restore to 500 + lr -> 0.00875 (backoff 3)
  [dense_small d=0.01 dfa lr=0.00875 s0] step 1000/6450 val 0.8762 test 0.8752 loss 1.875 bo 3 (2s)
  [dense_small d=0.01 dfa lr=0.00875 s0] step 2000/6450 val 0.9160 test 0.9146 loss 1.006 bo 3 (3s)
  [dense_small d=0.01 dfa lr=0.00875 s0] step 3000/6450 val 0.9274 test 0.9261 loss 0.760 bo 3 (5s)
  [dense_small d=0.01 dfa lr=0.00875 s0] step 4000/6450 val 0.9390 test 0.9427 loss 0.498 bo 3 (6s)
  [dense_small d=0.01 dfa lr=0.00875 s0] step 5000/6450 val 0.9408 test 0.9389 loss 0.361 bo 3 (7s)
  [dense_small d=0.01 dfa lr=0.00875 s0] step 6000/6450 val 0.9466 test 0.9496 loss 0.074 bo 3 (9s)
  [dense_small d=0.01 dfa lr=0.00875 s0] step 6450/6450 val 0.9466 test 0.9491 loss 0.168 bo 3 (9s)
  -> results\p3\h3\dense_small_d0.01\dfa\seed0.json val 0.9466 test 0.9493 acc0 0.095 backoffs 3 perturbed 18,847 (9s)
  [dense_small d=0.01 np lr=0.0017 s0] step 1000/6450 val 0.7844 test 0.7799 loss 0.969 bo 0 (2s)
  [dense_small d=0.01 np lr=0.0017 s0] step 2000/6450 val 0.8276 test 0.8339 loss 0.600 bo 0 (4s)
  [dense_small d=0.01 np lr=0.0017 s0] step 3000/6450 val 0.8682 test 0.8674 loss 0.477 bo 0 (5s)
  [dense_small d=0.01 np lr=0.0017 s0] step 4000/6450 val 0.8934 test 0.8929 loss 0.428 bo 0 (7s)
  [dense_small d=0.01 np lr=0.0017 s0] step 5000/6450 val 0.9074 test 0.9088 loss 0.391 bo 0 (9s)
  [dense_small d=0.01 np lr=0.0017 s0] step 6000/6450 val 0.9102 test 0.9141 loss 0.313 bo 0 (10s)
  [dense_small d=0.01 np lr=0.0017 s0] step 6450/6450 val 0.9112 test 0.9140 loss 0.301 bo 0 (11s)
  -> results\p3\h3\dense_small_d0.01\np\seed0.json val 0.9112 test 0.9141 acc0 0.095 backoffs 0 perturbed 18,847 (11s)
  [dense_small d=0.01 fg lr=0.0008 s0] step 1000/6450 val 0.7840 test 0.7957 loss 0.656 bo 0 (14s)
  [dense_small d=0.01 fg lr=0.0008 s0] step 2000/6450 val 0.7420 test 0.7450 loss 0.810 bo 0 (29s)
  [dense_small d=0.01 fg lr=0.0008 s0] step 3000/6450 val 0.7358 test 0.7438 loss 0.969 bo 0 (43s)
  [dense_small d=0.01 fg lr=0.0008 s0] step 4000/6450 val 0.7830 test 0.7813 loss 0.902 bo 0 (58s)
  [dense_small d=0.01 fg lr=0.0008 s0] step 5000/6450 val 0.8012 test 0.8035 loss 0.672 bo 0 (72s)
  [dense_small d=0.01 fg lr=0.0008 s0] step 6000/6450 val 0.8074 test 0.8101 loss 0.607 bo 0 (87s)
  [dense_small d=0.01 fg lr=0.0008 s0] step 6450/6450 val 0.8086 test 0.8110 loss 0.675 bo 0 (93s)
  -> results\p3\h3\dense_small_d0.01\fg\seed0.json val 0.8087 test 0.8111 acc0 0.095 backoffs 0 perturbed 18,847 (93s)
  [pruned_reinit d=0.01 bp lr=0.3 s0] step 1000/6450 val 0.9614 test 0.9617 loss 0.076 bo 0 (2s)
  [pruned_reinit d=0.01 bp lr=0.3 s0] step 2000/6450 val 0.9752 test 0.9727 loss 0.130 bo 0 (4s)
  [pruned_reinit d=0.01 bp lr=0.3 s0] step 3000/6450 val 0.9796 test 0.9786 loss 0.079 bo 0 (5s)
  [pruned_reinit d=0.01 bp lr=0.3 s0] step 4000/6450 val 0.9822 test 0.9793 loss 0.016 bo 0 (7s)
  [pruned_reinit d=0.01 bp lr=0.3 s0] step 5000/6450 val 0.9836 test 0.9791 loss 0.005 bo 0 (9s)
  [pruned_reinit d=0.01 bp lr=0.3 s0] step 6000/6450 val 0.9836 test 0.9792 loss 0.001 bo 0 (11s)
  [pruned_reinit d=0.01 bp lr=0.3 s0] step 6450/6450 val 0.9830 test 0.9794 loss 0.005 bo 0 (12s)
  -> results\p3\h3\pruned_reinit_d0.01\bp\seed0.json val 0.9830 test 0.9794 acc0 0.142 backoffs 0 perturbed 20,051 (12s)
  [pruned_reinit d=0.01 dfa s0] diverged at step 173: restore to 0 + lr -> 0.075 (backoff 1)
  [pruned_reinit d=0.01 dfa s0] diverged at step 278: restore to 0 + lr -> 0.0375 (backoff 2)
  [pruned_reinit d=0.01 dfa lr=0.0375 s0] step 1000/6450 val 0.9176 test 0.9201 loss 2.569 bo 2 (2s)
  [pruned_reinit d=0.01 dfa lr=0.0375 s0] step 2000/6450 val 0.9398 test 0.9396 loss 1.831 bo 2 (4s)
  [pruned_reinit d=0.01 dfa s0] diverged at step 2243: restore to 2000 + lr -> 0.01875 (backoff 3)
  [pruned_reinit d=0.01 dfa lr=0.01875 s0] step 3000/6450 val 0.9516 test 0.9515 loss 1.601 bo 3 (6s)
  [pruned_reinit d=0.01 dfa lr=0.01875 s0] step 4000/6450 val 0.9576 test 0.9598 loss 0.810 bo 3 (7s)
  [pruned_reinit d=0.01 dfa lr=0.01875 s0] step 5000/6450 val 0.9576 test 0.9589 loss 1.273 bo 3 (8s)
  [pruned_reinit d=0.01 dfa lr=0.01875 s0] step 6000/6450 val 0.9616 test 0.9616 loss 0.509 bo 3 (10s)
  [pruned_reinit d=0.01 dfa lr=0.01875 s0] step 6450/6450 val 0.9616 test 0.9623 loss 1.146 bo 3 (10s)
  -> results\p3\h3\pruned_reinit_d0.01\dfa\seed0.json val 0.9614 test 0.9624 acc0 0.142 backoffs 3 perturbed 20,051 (10s)
  [pruned_reinit d=0.01 np s0] diverged at step 760: restore to 500 + lr -> 0.0035 (backoff 1)
  [pruned_reinit d=0.01 np lr=0.0035 s0] step 1000/6450 val 0.7572 test 0.7586 loss 0.687 bo 1 (3s)
  [pruned_reinit d=0.01 np lr=0.0035 s0] step 2000/6450 val 0.5438 test 0.5466 loss 3.395 bo 1 (5s)
  [pruned_reinit d=0.01 np s0] diverged at step 2213: restore to 2000 + lr -> 0.00175 (backoff 2)
  [pruned_reinit d=0.01 np lr=0.00175 s0] step 3000/6450 val 0.8606 test 0.8593 loss 0.248 bo 2 (7s)
  [pruned_reinit d=0.01 np lr=0.00175 s0] step 4000/6450 val 0.8626 test 0.8716 loss 0.577 bo 2 (10s)
  [pruned_reinit d=0.01 np lr=0.00175 s0] step 5000/6450 val 0.8962 test 0.8945 loss 0.615 bo 2 (12s)
  [pruned_reinit d=0.01 np lr=0.00175 s0] step 6000/6450 val 0.9006 test 0.9002 loss 0.339 bo 2 (14s)
  [pruned_reinit d=0.01 np lr=0.00175 s0] step 6450/6450 val 0.9014 test 0.9013 loss 0.398 bo 2 (15s)
  -> results\p3\h3\pruned_reinit_d0.01\np\seed0.json val 0.9014 test 0.9012 acc0 0.142 backoffs 2 perturbed 20,051 (15s)
  [pruned_reinit d=0.01 fg s0] diverged at step 313: restore to 100 + lr -> 0.015 (backoff 1)
  [pruned_reinit d=0.01 fg s0] diverged at step 449: restore to 200 + lr -> 0.0075 (backoff 2)
  [pruned_reinit d=0.01 fg s0] diverged at step 768: restore to 500 + lr -> 0.00375 (backoff 3)
  [pruned_reinit d=0.01 fg lr=0.00375 s0] step 1000/6450 val 0.7232 test 0.7398 loss 0.854 bo 3 (46s)
  [pruned_reinit d=0.01 fg s0] diverged at step 1249: restore to 1000 + lr -> 0.001875 (backoff 4)
  [pruned_reinit d=0.01 fg lr=0.001875 s0] step 2000/6450 val 0.7666 test 0.7838 loss 0.794 bo 4 (80s)
  [pruned_reinit d=0.01 fg lr=0.001875 s0] step 3000/6450 val 0.6492 test 0.6683 loss 3.845 bo 4 (107s)
  [pruned_reinit d=0.01 fg s0] diverged at step 3428: restore to 3200 + lr -> 0.0009375 (backoff 5)
  [pruned_reinit d=0.01 fg lr=0.0009375 s0] step 4000/6450 val 0.7322 test 0.7488 loss 5.287 bo 5 (140s)
  [pruned_reinit d=0.01 fg lr=0.0009375 s0] step 5000/6450 val 0.7780 test 0.7950 loss 3.308 bo 5 (167s)
  [pruned_reinit d=0.01 fg lr=0.0009375 s0] step 6000/6450 val 0.7954 test 0.8062 loss 3.812 bo 5 (194s)
  [pruned_reinit d=0.01 fg lr=0.0009375 s0] step 6450/6450 val 0.7970 test 0.8069 loss 3.718 bo 5 (206s)
  -> results\p3\h3\pruned_reinit_d0.01\fg\seed0.json val 0.7971 test 0.8068 acc0 0.142 backoffs 5 perturbed 20,051 (206s)
  [pruned d=0.005 bp lr=0.3 s1] step 1000/6450 val 0.9736 test 0.9723 loss 0.113 bo 0 (2s)
  [pruned d=0.005 bp lr=0.3 s1] step 2000/6450 val 0.9806 test 0.9772 loss 0.044 bo 0 (4s)
  [pruned d=0.005 bp lr=0.3 s1] step 3000/6450 val 0.9834 test 0.9802 loss 0.005 bo 0 (6s)
  [pruned d=0.005 bp lr=0.3 s1] step 4000/6450 val 0.9850 test 0.9818 loss 0.029 bo 0 (7s)
  [pruned d=0.005 bp lr=0.3 s1] step 5000/6450 val 0.9838 test 0.9817 loss 0.006 bo 0 (9s)
  [pruned d=0.005 bp lr=0.3 s1] step 6000/6450 val 0.9838 test 0.9812 loss 0.007 bo 0 (11s)
  [pruned d=0.005 bp lr=0.3 s1] step 6450/6450 val 0.9840 test 0.9812 loss 0.003 bo 0 (12s)
  -> results\p3\h3\pruned_d0.005\bp\seed1.json val 0.9840 test 0.9812 acc0 0.294 backoffs 0 perturbed 10,326 (12s)
  [pruned d=0.005 dfa s1] diverged at step 334: restore to 100 + lr -> 0.035 (backoff 1)
  [pruned d=0.005 dfa s1] diverged at step 826: restore to 600 + lr -> 0.0175 (backoff 2)
  [pruned d=0.005 dfa lr=0.0175 s1] step 1000/6450 val 0.8804 test 0.8892 loss 1.500 bo 2 (2s)
  [pruned d=0.005 dfa lr=0.0175 s1] step 2000/6450 val 0.9064 test 0.9085 loss 2.881 bo 2 (3s)
  [pruned d=0.005 dfa s1] diverged at step 2360: restore to 2100 + lr -> 0.00875 (backoff 3)
  [pruned d=0.005 dfa lr=0.00875 s1] step 3000/6450 val 0.9216 test 0.9327 loss 1.052 bo 3 (5s)
  [pruned d=0.005 dfa lr=0.00875 s1] step 4000/6450 val 0.9328 test 0.9413 loss 0.547 bo 3 (7s)
  [pruned d=0.005 dfa lr=0.00875 s1] step 5000/6450 val 0.9358 test 0.9461 loss 0.614 bo 3 (8s)
  [pruned d=0.005 dfa lr=0.00875 s1] step 6000/6450 val 0.9382 test 0.9484 loss 0.661 bo 3 (10s)
  [pruned d=0.005 dfa lr=0.00875 s1] step 6450/6450 val 0.9382 test 0.9481 loss 0.674 bo 3 (10s)
  -> results\p3\h3\pruned_d0.005\dfa\seed1.json val 0.9381 test 0.9480 acc0 0.294 backoffs 3 perturbed 10,326 (10s)
  [pruned d=0.005 np s1] diverged at step 320: restore to 100 + lr -> 0.015 (backoff 1)
  [pruned d=0.005 np s1] diverged at step 491: restore to 200 + lr -> 0.0075 (backoff 2)
  [pruned d=0.005 np lr=0.0075 s1] step 1000/6450 val 0.6008 test 0.6065 loss 1.923 bo 2 (3s)
  [pruned d=0.005 np s1] diverged at step 1095: restore to 800 + lr -> 0.00375 (backoff 3)
  [pruned d=0.005 np lr=0.00375 s1] step 1000/6450 val 0.8152 test 0.8237 loss 0.548 bo 3 (4s)
  [pruned d=0.005 np lr=0.00375 s1] step 2000/6450 val 0.7800 test 0.7824 loss 1.322 bo 3 (6s)
  [pruned d=0.005 np lr=0.00375 s1] step 3000/6450 val 0.6352 test 0.6617 loss 1.695 bo 3 (8s)
  [pruned d=0.005 np lr=0.00375 s1] step 4000/6450 val 0.8266 test 0.8318 loss 1.002 bo 3 (10s)
  [pruned d=0.005 np lr=0.00375 s1] step 5000/6450 val 0.8892 test 0.8940 loss 0.587 bo 3 (12s)
  [pruned d=0.005 np lr=0.00375 s1] step 6000/6450 val 0.8988 test 0.9037 loss 0.291 bo 3 (14s)
  [pruned d=0.005 np lr=0.00375 s1] step 6450/6450 val 0.8970 test 0.9042 loss 0.553 bo 3 (15s)
  -> results\p3\h3\pruned_d0.005\np\seed1.json val 0.8968 test 0.9042 acc0 0.294 backoffs 3 perturbed 10,326 (15s)
  [pruned d=0.005 fg s1] diverged at step 380: restore to 100 + lr -> 0.015 (backoff 1)
  [pruned d=0.005 fg s1] diverged at step 565: restore to 300 + lr -> 0.0075 (backoff 2)
  [pruned d=0.005 fg lr=0.0075 s1] step 1000/6450 val 0.4562 test 0.4623 loss 4.715 bo 2 (42s)
  [pruned d=0.005 fg s1] diverged at step 1017: restore to 800 + lr -> 0.00375 (backoff 3)
  [pruned d=0.005 fg lr=0.00375 s1] step 1000/6450 val 0.7978 test 0.8098 loss 0.543 bo 3 (48s)
  [pruned d=0.005 fg lr=0.00375 s1] step 2000/6450 val 0.8366 test 0.8506 loss 0.446 bo 3 (75s)
  [pruned d=0.005 fg lr=0.00375 s1] step 3000/6450 val 0.7546 test 0.7740 loss 1.486 bo 3 (102s)
  [pruned d=0.005 fg lr=0.00375 s1] step 4000/6450 val 0.7256 test 0.7372 loss 6.060 bo 3 (129s)
  [pruned d=0.005 fg lr=0.00375 s1] step 5000/6450 val 0.7580 test 0.7588 loss 7.182 bo 3 (155s)
  [pruned d=0.005 fg lr=0.00375 s1] step 6000/6450 val 0.8044 test 0.8105 loss 7.049 bo 3 (182s)
  [pruned d=0.005 fg lr=0.00375 s1] step 6450/6450 val 0.8072 test 0.8106 loss 4.817 bo 3 (194s)
  -> results\p3\h3\pruned_d0.005\fg\seed1.json val 0.8071 test 0.8106 acc0 0.294 backoffs 3 perturbed 10,326 (194s)
  [random_degree d=0.005 bp lr=0.3 s1] step 1000/6450 val 0.9306 test 0.9242 loss 0.161 bo 0 (2s)
  [random_degree d=0.005 bp lr=0.3 s1] step 2000/6450 val 0.9524 test 0.9531 loss 0.223 bo 0 (4s)
  [random_degree d=0.005 bp lr=0.3 s1] step 3000/6450 val 0.9576 test 0.9602 loss 0.050 bo 0 (7s)
  [random_degree d=0.005 bp lr=0.3 s1] step 4000/6450 val 0.9676 test 0.9656 loss 0.057 bo 0 (8s)
  [random_degree d=0.005 bp lr=0.3 s1] step 5000/6450 val 0.9668 test 0.9705 loss 0.008 bo 0 (10s)
  [random_degree d=0.005 bp lr=0.3 s1] step 6000/6450 val 0.9686 test 0.9691 loss 0.035 bo 0 (12s)
  [random_degree d=0.005 bp lr=0.3 s1] step 6450/6450 val 0.9686 test 0.9690 loss 0.018 bo 0 (13s)
  -> results\p3\h3\random_degree_d0.005\bp\seed1.json val 0.9687 test 0.9690 acc0 0.116 backoffs 0 perturbed 10,326 (13s)
  [random_degree d=0.005 dfa s1] diverged at step 693: restore to 400 + lr -> 0.0175 (backoff 1)
  [random_degree d=0.005 dfa lr=0.0175 s1] step 1000/6450 val 0.7254 test 0.7272 loss 0.975 bo 1 (2s)
  [random_degree d=0.005 dfa lr=0.0175 s1] step 2000/6450 val 0.8894 test 0.8967 loss 0.898 bo 1 (3s)
  [random_degree d=0.005 dfa lr=0.0175 s1] step 3000/6450 val 0.8444 test 0.8572 loss 0.816 bo 1 (5s)
  [random_degree d=0.005 dfa lr=0.0175 s1] step 4000/6450 val 0.9028 test 0.9050 loss 0.198 bo 1 (6s)
  [random_degree d=0.005 dfa lr=0.0175 s1] step 5000/6450 val 0.9182 test 0.9208 loss 0.362 bo 1 (8s)
  [random_degree d=0.005 dfa lr=0.0175 s1] step 6000/6450 val 0.9244 test 0.9302 loss 0.235 bo 1 (9s)
  [random_degree d=0.005 dfa lr=0.0175 s1] step 6450/6450 val 0.9266 test 0.9302 loss 0.350 bo 1 (10s)
  -> results\p3\h3\random_degree_d0.005\dfa\seed1.json val 0.9265 test 0.9303 acc0 0.116 backoffs 1 perturbed 10,326 (10s)
  [random_degree d=0.005 np s1] diverged at step 548: restore to 300 + lr -> 0.0075 (backoff 1)
  [random_degree d=0.005 np lr=0.0075 s1] step 1000/6450 val 0.4410 test 0.4603 loss 3.169 bo 1 (3s)
  [random_degree d=0.005 np s1] diverged at step 1071: restore to 800 + lr -> 0.00375 (backoff 2)
  [random_degree d=0.005 np lr=0.00375 s1] step 1000/6450 val 0.7432 test 0.7548 loss 0.986 bo 2 (3s)
  [random_degree d=0.005 np lr=0.00375 s1] step 2000/6450 val 0.7836 test 0.7946 loss 0.741 bo 2 (5s)
  [random_degree d=0.005 np lr=0.00375 s1] step 3000/6450 val 0.7746 test 0.7892 loss 0.624 bo 2 (7s)
  [random_degree d=0.005 np lr=0.00375 s1] step 4000/6450 val 0.7608 test 0.7808 loss 1.566 bo 2 (9s)
  [random_degree d=0.005 np lr=0.00375 s1] step 5000/6450 val 0.8310 test 0.8391 loss 0.944 bo 2 (12s)
  [random_degree d=0.005 np lr=0.00375 s1] step 6000/6450 val 0.8494 test 0.8529 loss 0.859 bo 2 (13s)
  [random_degree d=0.005 np lr=0.00375 s1] step 6450/6450 val 0.8482 test 0.8518 loss 0.660 bo 2 (14s)
  -> results\p3\h3\random_degree_d0.005\np\seed1.json val 0.8485 test 0.8517 acc0 0.116 backoffs 2 perturbed 10,326 (14s)
  [random_degree d=0.005 fg s1] diverged at step 607: restore to 400 + lr -> 0.0075 (backoff 1)
  [random_degree d=0.005 fg s1] diverged at step 919: restore to 700 + lr -> 0.00375 (backoff 2)
  [random_degree d=0.005 fg lr=0.00375 s1] step 1000/6450 val 0.7494 test 0.7565 loss 0.800 bo 2 (38s)
  [random_degree d=0.005 fg lr=0.00375 s1] step 2000/6450 val 0.6420 test 0.6560 loss 1.343 bo 2 (65s)
  [random_degree d=0.005 fg s1] diverged at step 2196: restore to 1900 + lr -> 0.001875 (backoff 3)
  [random_degree d=0.005 fg lr=0.001875 s1] step 2000/6450 val 0.7070 test 0.7133 loss 0.996 bo 3 (73s)
  [random_degree d=0.005 fg lr=0.001875 s1] step 3000/6450 val 0.7258 test 0.7265 loss 1.281 bo 3 (100s)
  [random_degree d=0.005 fg lr=0.001875 s1] step 4000/6450 val 0.7712 test 0.7727 loss 0.956 bo 3 (127s)
  [random_degree d=0.005 fg lr=0.001875 s1] step 5000/6450 val 0.7882 test 0.7955 loss 1.168 bo 3 (153s)
  [random_degree d=0.005 fg lr=0.001875 s1] step 6000/6450 val 0.7978 test 0.8064 loss 1.295 bo 3 (180s)
  [random_degree d=0.005 fg lr=0.001875 s1] step 6450/6450 val 0.7976 test 0.8065 loss 1.545 bo 3 (192s)
  -> results\p3\h3\random_degree_d0.005\fg\seed1.json val 0.7977 test 0.8064 acc0 0.116 backoffs 3 perturbed 10,326 (192s)
  [random_mask d=0.005 bp lr=0.3 s1] step 1000/6450 val 0.8514 test 0.8615 loss 0.298 bo 0 (2s)
  [random_mask d=0.005 bp lr=0.3 s1] step 2000/6450 val 0.8786 test 0.8907 loss 0.415 bo 0 (4s)
  [random_mask d=0.005 bp lr=0.3 s1] step 3000/6450 val 0.9046 test 0.9019 loss 0.236 bo 0 (6s)
  [random_mask d=0.005 bp lr=0.3 s1] step 4000/6450 val 0.9120 test 0.9134 loss 0.436 bo 0 (8s)
  [random_mask d=0.005 bp lr=0.3 s1] step 5000/6450 val 0.9122 test 0.9173 loss 0.123 bo 0 (9s)
  [random_mask d=0.005 bp lr=0.3 s1] step 6000/6450 val 0.9176 test 0.9210 loss 0.279 bo 0 (11s)
  [random_mask d=0.005 bp lr=0.3 s1] step 6450/6450 val 0.9162 test 0.9207 loss 0.199 bo 0 (12s)
  -> results\p3\h3\random_mask_d0.005\bp\seed1.json val 0.9163 test 0.9207 acc0 0.103 backoffs 0 perturbed 11,312 (12s)
  [random_mask d=0.005 dfa s1] diverged at step 157: restore to 0 + lr -> 0.075 (backoff 1)
  [random_mask d=0.005 dfa s1] diverged at step 236: restore to 0 + lr -> 0.0375 (backoff 2)
  [random_mask d=0.005 dfa s1] diverged at step 317: restore to 100 + lr -> 0.01875 (backoff 3)
  [random_mask d=0.005 dfa s1] diverged at step 571: restore to 300 + lr -> 0.009375 (backoff 4)
  [random_mask d=0.005 dfa s1] diverged at step 858: restore to 600 + lr -> 0.0046875 (backoff 5)
  [random_mask d=0.005 dfa lr=0.0046875 s1] step 1000/6450 val 0.6750 test 0.6920 loss 0.885 bo 5 (3s)
  [random_mask d=0.005 dfa lr=0.0046875 s1] step 2000/6450 val 0.5844 test 0.5956 loss 7.341 bo 5 (4s)
  [random_mask d=0.005 dfa s1] FAILED after 5 backoffs at step 2122
  -> results\p3\h3\random_mask_d0.005\dfa\seed1.json val 0.5817 test 0.5915 acc0 0.103 backoffs 6 perturbed 11,312 (5s)
  [random_mask d=0.005 np s1] diverged at step 541: restore to 300 + lr -> 0.015 (backoff 1)
  [random_mask d=0.005 np s1] diverged at step 852: restore to 600 + lr -> 0.0075 (backoff 2)
  [random_mask d=0.005 np lr=0.0075 s1] step 1000/6450 val 0.6330 test 0.6470 loss 1.008 bo 2 (3s)
  [random_mask d=0.005 np s1] diverged at step 1898: restore to 1600 + lr -> 0.00375 (backoff 3)
  [random_mask d=0.005 np lr=0.00375 s1] step 2000/6450 val 0.6106 test 0.6273 loss 1.441 bo 3 (6s)
  [random_mask d=0.005 np lr=0.00375 s1] step 3000/6450 val 0.6670 test 0.6739 loss 1.087 bo 3 (8s)
  [random_mask d=0.005 np lr=0.00375 s1] step 4000/6450 val 0.7662 test 0.7724 loss 0.838 bo 3 (10s)
  [random_mask d=0.005 np lr=0.00375 s1] step 5000/6450 val 0.7842 test 0.7987 loss 0.916 bo 3 (12s)
  [random_mask d=0.005 np lr=0.00375 s1] step 6000/6450 val 0.7974 test 0.8137 loss 0.620 bo 3 (15s)
  [random_mask d=0.005 np lr=0.00375 s1] step 6450/6450 val 0.7976 test 0.8154 loss 0.797 bo 3 (16s)
  -> results\p3\h3\random_mask_d0.005\np\seed1.json val 0.7977 test 0.8154 acc0 0.103 backoffs 3 perturbed 11,312 (16s)
  [random_mask d=0.005 fg s1] diverged at step 579: restore to 300 + lr -> 0.015 (backoff 1)
  [random_mask d=0.005 fg lr=0.015 s1] step 1000/6450 val 0.5338 test 0.5310 loss 1.429 bo 1 (34s)
  [random_mask d=0.005 fg s1] diverged at step 1067: restore to 800 + lr -> 0.0075 (backoff 2)
  [random_mask d=0.005 fg lr=0.0075 s1] step 1000/6450 val 0.6620 test 0.6652 loss 1.158 bo 2 (41s)
  [random_mask d=0.005 fg lr=0.0075 s1] step 2000/6450 val 0.6550 test 0.6659 loss 1.270 bo 2 (68s)
  [random_mask d=0.005 fg s1] diverged at step 2421: restore to 2200 + lr -> 0.00375 (backoff 3)
  [random_mask d=0.005 fg lr=0.00375 s1] step 3000/6450 val 0.6948 test 0.7046 loss 1.211 bo 3 (101s)
  [random_mask d=0.005 fg lr=0.00375 s1] step 4000/6450 val 0.7490 test 0.7575 loss 1.175 bo 3 (128s)
  [random_mask d=0.005 fg lr=0.00375 s1] step 5000/6450 val 0.7850 test 0.7909 loss 1.161 bo 3 (155s)
  [random_mask d=0.005 fg lr=0.00375 s1] step 6000/6450 val 0.7894 test 0.7978 loss 1.178 bo 3 (181s)
  [random_mask d=0.005 fg lr=0.00375 s1] step 6450/6450 val 0.7892 test 0.7981 loss 1.045 bo 3 (194s)
  -> results\p3\h3\random_mask_d0.005\fg\seed1.json val 0.7891 test 0.7982 acc0 0.103 backoffs 3 perturbed 11,312 (194s)
  [dense_small d=0.005 bp lr=0.07 s1] step 1000/6450 val 0.9244 test 0.9206 loss 0.319 bo 0 (2s)
  [dense_small d=0.005 bp lr=0.07 s1] step 2000/6450 val 0.9338 test 0.9369 loss 0.250 bo 0 (3s)
  [dense_small d=0.005 bp lr=0.07 s1] step 3000/6450 val 0.9384 test 0.9390 loss 0.266 bo 0 (5s)
  [dense_small d=0.005 bp lr=0.07 s1] step 4000/6450 val 0.9448 test 0.9451 loss 0.299 bo 0 (6s)
  [dense_small d=0.005 bp lr=0.07 s1] step 5000/6450 val 0.9504 test 0.9454 loss 0.072 bo 0 (8s)
  [dense_small d=0.005 bp lr=0.07 s1] step 6000/6450 val 0.9526 test 0.9489 loss 0.172 bo 0 (9s)
  [dense_small d=0.005 bp lr=0.07 s1] step 6450/6450 val 0.9516 test 0.9489 loss 0.179 bo 0 (10s)
  -> results\p3\h3\dense_small_d0.005\bp\seed1.json val 0.9517 test 0.9488 acc0 0.085 backoffs 0 perturbed 9,706 (10s)
  [dense_small d=0.005 dfa s1] diverged at step 171: restore to 0 + lr -> 0.035 (backoff 1)
  [dense_small d=0.005 dfa s1] diverged at step 271: restore to 0 + lr -> 0.0175 (backoff 2)
  [dense_small d=0.005 dfa lr=0.0175 s1] step 1000/6450 val 0.8316 test 0.8382 loss 9.122 bo 2 (2s)
  [dense_small d=0.005 dfa s1] diverged at step 1011: restore to 800 + lr -> 0.00875 (backoff 3)
  [dense_small d=0.005 dfa lr=0.00875 s1] step 1000/6450 val 0.8814 test 0.8878 loss 3.803 bo 3 (2s)
  [dense_small d=0.005 dfa lr=0.00875 s1] step 2000/6450 val 0.8708 test 0.8794 loss 1.101 bo 3 (3s)
  [dense_small d=0.005 dfa lr=0.00875 s1] step 3000/6450 val 0.8850 test 0.8840 loss 2.286 bo 3 (4s)
  [dense_small d=0.005 dfa lr=0.00875 s1] step 4000/6450 val 0.8822 test 0.8848 loss 1.209 bo 3 (6s)
  [dense_small d=0.005 dfa lr=0.00875 s1] step 5000/6450 val 0.8874 test 0.8934 loss 0.758 bo 3 (7s)
  [dense_small d=0.005 dfa lr=0.00875 s1] step 6000/6450 val 0.9224 test 0.9238 loss 0.287 bo 3 (8s)
  [dense_small d=0.005 dfa lr=0.00875 s1] step 6450/6450 val 0.9254 test 0.9252 loss 0.428 bo 3 (9s)
  -> results\p3\h3\dense_small_d0.005\dfa\seed1.json val 0.9243 test 0.9252 acc0 0.085 backoffs 3 perturbed 9,706 (9s)
  [dense_small d=0.005 np lr=0.0017 s1] step 1000/6450 val 0.8040 test 0.8171 loss 0.636 bo 0 (2s)
  [dense_small d=0.005 np lr=0.0017 s1] step 2000/6450 val 0.8482 test 0.8504 loss 0.453 bo 0 (4s)
  [dense_small d=0.005 np lr=0.0017 s1] step 3000/6450 val 0.8764 test 0.8779 loss 0.467 bo 0 (5s)
  [dense_small d=0.005 np lr=0.0017 s1] step 4000/6450 val 0.8882 test 0.8908 loss 0.343 bo 0 (7s)
  [dense_small d=0.005 np lr=0.0017 s1] step 5000/6450 val 0.9010 test 0.9026 loss 0.311 bo 0 (9s)
  [dense_small d=0.005 np lr=0.0017 s1] step 6000/6450 val 0.9056 test 0.9048 loss 0.311 bo 0 (10s)
  [dense_small d=0.005 np lr=0.0017 s1] step 6450/6450 val 0.9054 test 0.9051 loss 0.348 bo 0 (11s)
  -> results\p3\h3\dense_small_d0.005\np\seed1.json val 0.9054 test 0.9051 acc0 0.085 backoffs 0 perturbed 9,706 (11s)
  [dense_small d=0.005 fg lr=0.0008 s1] step 1000/6450 val 0.7814 test 0.7755 loss 0.818 bo 0 (14s)
  [dense_small d=0.005 fg lr=0.0008 s1] step 2000/6450 val 0.7794 test 0.7854 loss 0.733 bo 0 (28s)
  [dense_small d=0.005 fg lr=0.0008 s1] step 3000/6450 val 0.7900 test 0.7934 loss 0.585 bo 0 (42s)
  [dense_small d=0.005 fg lr=0.0008 s1] step 4000/6450 val 0.8126 test 0.8146 loss 0.574 bo 0 (56s)
  [dense_small d=0.005 fg lr=0.0008 s1] step 5000/6450 val 0.8150 test 0.8206 loss 0.590 bo 0 (70s)
  [dense_small d=0.005 fg lr=0.0008 s1] step 6000/6450 val 0.8218 test 0.8268 loss 0.755 bo 0 (84s)
  [dense_small d=0.005 fg lr=0.0008 s1] step 6450/6450 val 0.8218 test 0.8264 loss 0.692 bo 0 (90s)
  -> results\p3\h3\dense_small_d0.005\fg\seed1.json val 0.8218 test 0.8264 acc0 0.085 backoffs 0 perturbed 9,706 (90s)
  [pruned_reinit d=0.005 bp lr=0.3 s1] step 1000/6450 val 0.9572 test 0.9589 loss 0.161 bo 0 (2s)
  [pruned_reinit d=0.005 bp lr=0.3 s1] step 2000/6450 val 0.9644 test 0.9670 loss 0.146 bo 0 (4s)
  [pruned_reinit d=0.005 bp lr=0.3 s1] step 3000/6450 val 0.9730 test 0.9739 loss 0.031 bo 0 (6s)
  [pruned_reinit d=0.005 bp lr=0.3 s1] step 4000/6450 val 0.9720 test 0.9747 loss 0.058 bo 0 (7s)
  [pruned_reinit d=0.005 bp lr=0.3 s1] step 5000/6450 val 0.9758 test 0.9775 loss 0.004 bo 0 (9s)
  [pruned_reinit d=0.005 bp lr=0.3 s1] step 6000/6450 val 0.9774 test 0.9779 loss 0.017 bo 0 (11s)
  [pruned_reinit d=0.005 bp lr=0.3 s1] step 6450/6450 val 0.9774 test 0.9779 loss 0.020 bo 0 (12s)
  -> results\p3\h3\pruned_reinit_d0.005\bp\seed1.json val 0.9774 test 0.9779 acc0 0.097 backoffs 0 perturbed 10,326 (12s)
  [pruned_reinit d=0.005 dfa s1] diverged at step 701: restore to 500 + lr -> 0.0175 (backoff 1)
  [pruned_reinit d=0.005 dfa lr=0.0175 s1] step 1000/6450 val 0.8370 test 0.8361 loss 1.979 bo 1 (2s)
  [pruned_reinit d=0.005 dfa s1] diverged at step 1320: restore to 1100 + lr -> 0.00875 (backoff 2)
  [pruned_reinit d=0.005 dfa lr=0.00875 s1] step 2000/6450 val 0.9042 test 0.9046 loss 4.087 bo 2 (4s)
  [pruned_reinit d=0.005 dfa lr=0.00875 s1] step 3000/6450 val 0.9088 test 0.9113 loss 1.768 bo 2 (5s)
  [pruned_reinit d=0.005 dfa lr=0.00875 s1] step 4000/6450 val 0.9152 test 0.9220 loss 2.590 bo 2 (7s)
  [pruned_reinit d=0.005 dfa lr=0.00875 s1] step 5000/6450 val 0.9204 test 0.9236 loss 0.465 bo 2 (8s)
  [pruned_reinit d=0.005 dfa lr=0.00875 s1] step 6000/6450 val 0.9318 test 0.9374 loss 0.161 bo 2 (10s)
  [pruned_reinit d=0.005 dfa lr=0.00875 s1] step 6450/6450 val 0.9330 test 0.9385 loss 0.434 bo 2 (10s)
  -> results\p3\h3\pruned_reinit_d0.005\dfa\seed1.json val 0.9327 test 0.9384 acc0 0.097 backoffs 2 perturbed 10,326 (10s)
  [pruned_reinit d=0.005 np s1] diverged at step 472: restore to 200 + lr -> 0.0075 (backoff 1)
  [pruned_reinit d=0.005 np lr=0.0075 s1] step 1000/6450 val 0.4584 test 0.4789 loss 4.119 bo 1 (3s)
  [pruned_reinit d=0.005 np s1] diverged at step 1045: restore to 800 + lr -> 0.00375 (backoff 2)
  [pruned_reinit d=0.005 np lr=0.00375 s1] step 1000/6450 val 0.7538 test 0.7703 loss 0.921 bo 2 (3s)
  [pruned_reinit d=0.005 np lr=0.00375 s1] step 2000/6450 val 0.7636 test 0.7641 loss 0.876 bo 2 (5s)
  [pruned_reinit d=0.005 np lr=0.00375 s1] step 3000/6450 val 0.7208 test 0.7369 loss 1.102 bo 2 (7s)
  [pruned_reinit d=0.005 np lr=0.00375 s1] step 4000/6450 val 0.8294 test 0.8423 loss 0.975 bo 2 (9s)
  [pruned_reinit d=0.005 np lr=0.00375 s1] step 5000/6450 val 0.8750 test 0.8821 loss 0.434 bo 2 (11s)
  [pruned_reinit d=0.005 np lr=0.00375 s1] step 6000/6450 val 0.8924 test 0.9005 loss 0.467 bo 2 (13s)
  [pruned_reinit d=0.005 np lr=0.00375 s1] step 6450/6450 val 0.8912 test 0.8996 loss 0.554 bo 2 (14s)
  -> results\p3\h3\pruned_reinit_d0.005\np\seed1.json val 0.8914 test 0.8996 acc0 0.097 backoffs 2 perturbed 10,326 (15s)
  [pruned_reinit d=0.005 fg s1] diverged at step 375: restore to 100 + lr -> 0.015 (backoff 1)
  [pruned_reinit d=0.005 fg s1] diverged at step 547: restore to 300 + lr -> 0.0075 (backoff 2)
  [pruned_reinit d=0.005 fg s1] diverged at step 885: restore to 600 + lr -> 0.00375 (backoff 3)
  [pruned_reinit d=0.005 fg lr=0.00375 s1] step 1000/6450 val 0.7212 test 0.7335 loss 0.932 bo 3 (48s)
  [pruned_reinit d=0.005 fg s1] diverged at step 1750: restore to 1500 + lr -> 0.001875 (backoff 4)
  [pruned_reinit d=0.005 fg lr=0.001875 s1] step 2000/6450 val 0.7738 test 0.7787 loss 0.658 bo 4 (82s)
  [pruned_reinit d=0.005 fg lr=0.001875 s1] step 3000/6450 val 0.8002 test 0.8008 loss 0.847 bo 4 (109s)
  [pruned_reinit d=0.005 fg lr=0.001875 s1] step 4000/6450 val 0.8270 test 0.8361 loss 0.703 bo 4 (136s)
  [pruned_reinit d=0.005 fg lr=0.001875 s1] step 5000/6450 val 0.8346 test 0.8457 loss 0.410 bo 4 (163s)
  [pruned_reinit d=0.005 fg lr=0.001875 s1] step 6000/6450 val 0.8398 test 0.8489 loss 0.740 bo 4 (190s)
  [pruned_reinit d=0.005 fg lr=0.001875 s1] step 6450/6450 val 0.8408 test 0.8497 loss 0.575 bo 4 (202s)
  -> results\p3\h3\pruned_reinit_d0.005\fg\seed1.json val 0.8409 test 0.8497 acc0 0.097 backoffs 4 perturbed 10,326 (202s)
  [dense d=1 bp lr=0.07 s1] step 1000/6450 val 0.9750 test 0.9728 loss 0.060 bo 0 (2s)
  [dense d=1 bp lr=0.07 s1] step 2000/6450 val 0.9784 test 0.9813 loss 0.026 bo 0 (3s)
  [dense d=1 bp lr=0.07 s1] step 3000/6450 val 0.9842 test 0.9840 loss 0.001 bo 0 (5s)
  [dense d=1 bp lr=0.07 s1] step 4000/6450 val 0.9870 test 0.9850 loss 0.001 bo 0 (6s)
  [dense d=1 bp lr=0.07 s1] step 5000/6450 val 0.9866 test 0.9845 loss 0.000 bo 0 (7s)
  [dense d=1 bp lr=0.07 s1] step 6000/6450 val 0.9864 test 0.9845 loss 0.000 bo 0 (9s)
  [dense d=1 bp lr=0.07 s1] step 6450/6450 val 0.9864 test 0.9845 loss 0.000 bo 0 (10s)
  -> results\p3\h3\dense_d1\bp\seed1.json val 0.9864 test 0.9845 acc0 0.118 backoffs 0 perturbed 1,863,690 (10s)
  [dense d=1 dfa lr=0.004 s1] step 1000/6450 val 0.9204 test 0.9222 loss 3.038 bo 0 (1s)
  [dense d=1 dfa lr=0.004 s1] step 2000/6450 val 0.9500 test 0.9503 loss 2.617 bo 0 (3s)
  [dense d=1 dfa lr=0.004 s1] step 3000/6450 val 0.9688 test 0.9705 loss 0.129 bo 0 (4s)
  [dense d=1 dfa lr=0.004 s1] step 4000/6450 val 0.9752 test 0.9749 loss 0.341 bo 0 (6s)
  [dense d=1 dfa lr=0.004 s1] step 5000/6450 val 0.9784 test 0.9795 loss 0.001 bo 0 (7s)
  [dense d=1 dfa lr=0.004 s1] step 6000/6450 val 0.9774 test 0.9784 loss 0.117 bo 0 (8s)
  [dense d=1 dfa lr=0.004 s1] step 6450/6450 val 0.9782 test 0.9781 loss 0.000 bo 0 (9s)
  -> results\p3\h3\dense_d1\dfa\seed1.json val 0.9783 test 0.9781 acc0 0.118 backoffs 0 perturbed 1,863,690 (9s)
  [dense d=1 np s1] diverged at step 62: restore to 0 + lr -> 0.0075 (backoff 1)
  [dense d=1 np s1] diverged at step 92: restore to 0 + lr -> 0.00375 (backoff 2)
  [dense d=1 np s1] diverged at step 139: restore to 0 + lr -> 0.001875 (backoff 3)
  [dense d=1 np s1] diverged at step 227: restore to 0 + lr -> 0.0009375 (backoff 4)
  [dense d=1 np s1] diverged at step 464: restore to 200 + lr -> 0.00046875 (backoff 5)
  [dense d=1 np lr=0.00046875 s1] step 1000/6450 val 0.3930 test 0.3909 loss 6.117 bo 5 (3s)
  [dense d=1 np s1] FAILED after 5 backoffs at step 1355
  -> results\p3\h3\dense_d1\np\seed1.json val 0.5937 test 0.5918 acc0 0.118 backoffs 6 perturbed 1,863,690 (4s)
  [dense d=1 fg lr=0.0002 s1] step 1000/6450 val 0.7874 test 0.7896 loss 0.831 bo 0 (14s)
  [dense d=1 fg s1] diverged at step 1312: restore to 1100 + lr -> 0.0001 (backoff 1)
  [dense d=1 fg lr=0.0001 s1] step 2000/6450 val 0.7338 test 0.7371 loss 1.219 bo 1 (31s)
  [dense d=1 fg s1] diverged at step 2494: restore to 2200 + lr -> 5e-05 (backoff 2)
  [dense d=1 fg lr=5e-05 s1] step 3000/6450 val 0.7470 test 0.7553 loss 1.962 bo 2 (50s)
  [dense d=1 fg lr=5e-05 s1] step 4000/6450 val 0.7508 test 0.7601 loss 2.663 bo 2 (64s)
  [dense d=1 fg lr=5e-05 s1] step 5000/6450 val 0.7910 test 0.7993 loss 1.636 bo 2 (78s)
  [dense d=1 fg lr=5e-05 s1] step 6000/6450 val 0.8040 test 0.8141 loss 2.689 bo 2 (93s)
  [dense d=1 fg lr=5e-05 s1] step 6450/6450 val 0.8036 test 0.8141 loss 2.272 bo 2 (99s)
  -> results\p3\h3\dense_d1\fg\seed1.json val 0.8037 test 0.8141 acc0 0.118 backoffs 2 perturbed 1,863,690 (99s)
  [pruned d=0.01 bp lr=0.3 s1] step 1000/6450 val 0.9836 test 0.9786 loss 0.052 bo 0 (2s)
  [pruned d=0.01 bp lr=0.3 s1] step 2000/6450 val 0.9848 test 0.9800 loss 0.007 bo 0 (4s)
  [pruned d=0.01 bp lr=0.3 s1] step 3000/6450 val 0.9882 test 0.9822 loss 0.007 bo 0 (6s)
  [pruned d=0.01 bp lr=0.3 s1] step 4000/6450 val 0.9906 test 0.9843 loss 0.011 bo 0 (7s)
  [pruned d=0.01 bp lr=0.3 s1] step 5000/6450 val 0.9908 test 0.9839 loss 0.000 bo 0 (9s)
  [pruned d=0.01 bp lr=0.3 s1] step 6000/6450 val 0.9906 test 0.9839 loss 0.001 bo 0 (11s)
  [pruned d=0.01 bp lr=0.3 s1] step 6450/6450 val 0.9906 test 0.9839 loss 0.000 bo 0 (12s)
  -> results\p3\h3\pruned_d0.01\bp\seed1.json val 0.9906 test 0.9839 acc0 0.278 backoffs 0 perturbed 20,011 (12s)
  [pruned d=0.01 dfa s1] diverged at step 453: restore to 200 + lr -> 0.035 (backoff 1)
  [pruned d=0.01 dfa lr=0.035 s1] step 1000/6450 val 0.9128 test 0.9216 loss 3.052 bo 1 (2s)
  [pruned d=0.01 dfa lr=0.035 s1] step 2000/6450 val 0.9158 test 0.9214 loss 2.258 bo 1 (4s)
  [pruned d=0.01 dfa lr=0.035 s1] step 3000/6450 val 0.9376 test 0.9482 loss 0.327 bo 1 (5s)
  [pruned d=0.01 dfa lr=0.035 s1] step 4000/6450 val 0.9508 test 0.9531 loss 1.526 bo 1 (7s)
  [pruned d=0.01 dfa lr=0.035 s1] step 5000/6450 val 0.9628 test 0.9645 loss 0.581 bo 1 (8s)
  [pruned d=0.01 dfa lr=0.035 s1] step 6000/6450 val 0.9646 test 0.9650 loss 0.095 bo 1 (9s)
  [pruned d=0.01 dfa lr=0.035 s1] step 6450/6450 val 0.9646 test 0.9663 loss 1.971 bo 1 (10s)
  -> results\p3\h3\pruned_d0.01\dfa\seed1.json val 0.9645 test 0.9664 acc0 0.278 backoffs 1 perturbed 20,011 (10s)
  [pruned d=0.01 np s1] diverged at step 275: restore to 0 + lr -> 0.015 (backoff 1)
  [pruned d=0.01 np s1] diverged at step 407: restore to 200 + lr -> 0.0075 (backoff 2)
  [pruned d=0.01 np s1] diverged at step 694: restore to 400 + lr -> 0.00375 (backoff 3)
  [pruned d=0.01 np lr=0.00375 s1] step 1000/6450 val 0.7080 test 0.7201 loss 0.891 bo 3 (4s)
  [pruned d=0.01 np s1] diverged at step 1958: restore to 1700 + lr -> 0.001875 (backoff 4)
  [pruned d=0.01 np lr=0.001875 s1] step 2000/6450 val 0.8236 test 0.8133 loss 0.672 bo 4 (6s)
  [pruned d=0.01 np lr=0.001875 s1] step 3000/6450 val 0.8588 test 0.8655 loss 0.595 bo 4 (8s)
  [pruned d=0.01 np lr=0.001875 s1] step 4000/6450 val 0.8814 test 0.8873 loss 0.322 bo 4 (11s)
  [pruned d=0.01 np lr=0.001875 s1] step 5000/6450 val 0.9024 test 0.9089 loss 0.401 bo 4 (13s)
  [pruned d=0.01 np lr=0.001875 s1] step 6000/6450 val 0.9066 test 0.9120 loss 0.311 bo 4 (15s)
  [pruned d=0.01 np lr=0.001875 s1] step 6450/6450 val 0.9060 test 0.9121 loss 0.309 bo 4 (16s)
  -> results\p3\h3\pruned_d0.01\np\seed1.json val 0.9060 test 0.9121 acc0 0.278 backoffs 4 perturbed 20,011 (16s)
  [pruned d=0.01 fg s1] diverged at step 441: restore to 200 + lr -> 0.0075 (backoff 1)
  [pruned d=0.01 fg s1] diverged at step 711: restore to 500 + lr -> 0.00375 (backoff 2)
  [pruned d=0.01 fg lr=0.00375 s1] step 1000/6450 val 0.7532 test 0.7743 loss 0.781 bo 2 (40s)
  [pruned d=0.01 fg s1] diverged at step 1280: restore to 1000 + lr -> 0.001875 (backoff 3)
  [pruned d=0.01 fg lr=0.001875 s1] step 2000/6450 val 0.7824 test 0.7955 loss 0.786 bo 3 (74s)
  [pruned d=0.01 fg lr=0.001875 s1] step 3000/6450 val 0.7244 test 0.7339 loss 1.689 bo 3 (101s)
  [pruned d=0.01 fg lr=0.001875 s1] step 4000/6450 val 0.7424 test 0.7503 loss 2.248 bo 3 (128s)
  [pruned d=0.01 fg lr=0.001875 s1] step 5000/6450 val 0.8086 test 0.8102 loss 3.165 bo 3 (155s)
  [pruned d=0.01 fg lr=0.001875 s1] step 6000/6450 val 0.8250 test 0.8306 loss 2.157 bo 3 (182s)
  [pruned d=0.01 fg lr=0.001875 s1] step 6450/6450 val 0.8274 test 0.8302 loss 1.768 bo 3 (195s)
  -> results\p3\h3\pruned_d0.01\fg\seed1.json val 0.8273 test 0.8303 acc0 0.278 backoffs 3 perturbed 20,011 (195s)
  [random_degree d=0.01 bp lr=0.3 s1] step 1000/6450 val 0.9458 test 0.9463 loss 0.205 bo 0 (2s)
  [random_degree d=0.01 bp lr=0.3 s1] step 2000/6450 val 0.9590 test 0.9585 loss 0.193 bo 0 (4s)
  [random_degree d=0.01 bp lr=0.3 s1] step 3000/6450 val 0.9644 test 0.9704 loss 0.046 bo 0 (5s)
  [random_degree d=0.01 bp lr=0.3 s1] step 4000/6450 val 0.9722 test 0.9724 loss 0.059 bo 0 (7s)
  [random_degree d=0.01 bp lr=0.3 s1] step 5000/6450 val 0.9736 test 0.9726 loss 0.001 bo 0 (9s)
  [random_degree d=0.01 bp lr=0.3 s1] step 6000/6450 val 0.9750 test 0.9734 loss 0.004 bo 0 (11s)
  [random_degree d=0.01 bp lr=0.3 s1] step 6450/6450 val 0.9748 test 0.9735 loss 0.001 bo 0 (12s)
  -> results\p3\h3\random_degree_d0.01\bp\seed1.json val 0.9748 test 0.9735 acc0 0.083 backoffs 0 perturbed 20,011 (12s)
  [random_degree d=0.01 dfa s1] diverged at step 457: restore to 200 + lr -> 0.035 (backoff 1)
  [random_degree d=0.01 dfa lr=0.035 s1] step 1000/6450 val 0.9050 test 0.9062 loss 1.372 bo 1 (2s)
  [random_degree d=0.01 dfa lr=0.035 s1] step 2000/6450 val 0.8836 test 0.8840 loss 4.341 bo 1 (4s)
  [random_degree d=0.01 dfa lr=0.035 s1] step 3000/6450 val 0.9264 test 0.9324 loss 0.951 bo 1 (5s)
  [random_degree d=0.01 dfa lr=0.035 s1] step 4000/6450 val 0.9416 test 0.9470 loss 0.736 bo 1 (6s)
  [random_degree d=0.01 dfa lr=0.035 s1] step 5000/6450 val 0.9486 test 0.9531 loss 0.812 bo 1 (8s)
  [random_degree d=0.01 dfa lr=0.035 s1] step 6000/6450 val 0.9500 test 0.9547 loss 0.022 bo 1 (9s)
  [random_degree d=0.01 dfa lr=0.035 s1] step 6450/6450 val 0.9506 test 0.9547 loss 0.362 bo 1 (10s)
  -> results\p3\h3\random_degree_d0.01\dfa\seed1.json val 0.9506 test 0.9547 acc0 0.083 backoffs 1 perturbed 20,011 (10s)
  [random_degree d=0.01 np s1] diverged at step 442: restore to 200 + lr -> 0.0075 (backoff 1)
  [random_degree d=0.01 np s1] diverged at step 858: restore to 600 + lr -> 0.00375 (backoff 2)
  [random_degree d=0.01 np lr=0.00375 s1] step 1000/6450 val 0.7322 test 0.7348 loss 1.569 bo 2 (3s)
  [random_degree d=0.01 np s1] diverged at step 1772: restore to 1500 + lr -> 0.001875 (backoff 3)
  [random_degree d=0.01 np lr=0.001875 s1] step 2000/6450 val 0.7652 test 0.7744 loss 1.305 bo 3 (6s)
  [random_degree d=0.01 np lr=0.001875 s1] step 3000/6450 val 0.8100 test 0.8124 loss 1.194 bo 3 (8s)
  [random_degree d=0.01 np lr=0.001875 s1] step 4000/6450 val 0.8692 test 0.8745 loss 0.352 bo 3 (10s)
  [random_degree d=0.01 np lr=0.001875 s1] step 5000/6450 val 0.8786 test 0.8847 loss 0.434 bo 3 (12s)
  [random_degree d=0.01 np lr=0.001875 s1] step 6000/6450 val 0.8864 test 0.8890 loss 0.661 bo 3 (14s)
  [random_degree d=0.01 np lr=0.001875 s1] step 6450/6450 val 0.8858 test 0.8909 loss 0.502 bo 3 (15s)
  -> results\p3\h3\random_degree_d0.01\np\seed1.json val 0.8859 test 0.8909 acc0 0.083 backoffs 3 perturbed 20,011 (15s)
  [random_degree d=0.01 fg s1] diverged at step 321: restore to 100 + lr -> 0.015 (backoff 1)
  [random_degree d=0.01 fg s1] diverged at step 475: restore to 200 + lr -> 0.0075 (backoff 2)
  [random_degree d=0.01 fg s1] diverged at step 827: restore to 600 + lr -> 0.00375 (backoff 3)
  [random_degree d=0.01 fg lr=0.00375 s1] step 1000/6450 val 0.7448 test 0.7642 loss 0.736 bo 3 (46s)
  [random_degree d=0.01 fg s1] diverged at step 1424: restore to 1200 + lr -> 0.001875 (backoff 4)
  [random_degree d=0.01 fg lr=0.001875 s1] step 2000/6450 val 0.7820 test 0.8029 loss 0.532 bo 4 (79s)
  [random_degree d=0.01 fg lr=0.001875 s1] step 3000/6450 val 0.7230 test 0.7387 loss 1.269 bo 4 (106s)
  [random_degree d=0.01 fg lr=0.001875 s1] step 4000/6450 val 0.7394 test 0.7451 loss 2.831 bo 4 (132s)
  [random_degree d=0.01 fg lr=0.001875 s1] step 5000/6450 val 0.7572 test 0.7795 loss 2.411 bo 4 (159s)
  [random_degree d=0.01 fg lr=0.001875 s1] step 6000/6450 val 0.7830 test 0.7987 loss 2.709 bo 4 (185s)
  [random_degree d=0.01 fg lr=0.001875 s1] step 6450/6450 val 0.7844 test 0.7994 loss 2.447 bo 4 (198s)
  -> results\p3\h3\random_degree_d0.01\fg\seed1.json val 0.7845 test 0.7994 acc0 0.083 backoffs 4 perturbed 20,011 (198s)
  [random_mask d=0.01 bp lr=0.3 s1] step 1000/6450 val 0.8978 test 0.8960 loss 0.232 bo 0 (2s)
  [random_mask d=0.01 bp lr=0.3 s1] step 2000/6450 val 0.9376 test 0.9363 loss 0.237 bo 0 (4s)
  [random_mask d=0.01 bp lr=0.3 s1] step 3000/6450 val 0.9382 test 0.9389 loss 0.152 bo 0 (6s)
  [random_mask d=0.01 bp lr=0.3 s1] step 4000/6450 val 0.9564 test 0.9581 loss 0.212 bo 0 (8s)
  [random_mask d=0.01 bp lr=0.3 s1] step 5000/6450 val 0.9574 test 0.9603 loss 0.036 bo 0 (10s)
  [random_mask d=0.01 bp lr=0.3 s1] step 6000/6450 val 0.9590 test 0.9610 loss 0.054 bo 0 (12s)
  [random_mask d=0.01 bp lr=0.3 s1] step 6450/6450 val 0.9582 test 0.9611 loss 0.057 bo 0 (13s)
  -> results\p3\h3\random_mask_d0.01\bp\seed1.json val 0.9583 test 0.9611 acc0 0.102 backoffs 0 perturbed 20,672 (13s)
  [random_mask d=0.01 dfa lr=0.017 s1] step 1000/6450 val 0.8670 test 0.8662 loss 0.361 bo 0 (1s)
  [random_mask d=0.01 dfa lr=0.017 s1] step 2000/6450 val 0.8568 test 0.8643 loss 1.057 bo 0 (3s)
  [random_mask d=0.01 dfa lr=0.017 s1] step 3000/6450 val 0.8484 test 0.8508 loss 0.955 bo 0 (4s)
  [random_mask d=0.01 dfa lr=0.017 s1] step 4000/6450 val 0.8830 test 0.8780 loss 0.951 bo 0 (6s)
  [random_mask d=0.01 dfa lr=0.017 s1] step 5000/6450 val 0.9030 test 0.8988 loss 0.229 bo 0 (7s)
  [random_mask d=0.01 dfa lr=0.017 s1] step 6000/6450 val 0.9062 test 0.9070 loss 0.481 bo 0 (9s)
  [random_mask d=0.01 dfa lr=0.017 s1] step 6450/6450 val 0.9094 test 0.9093 loss 0.434 bo 0 (9s)
  -> results\p3\h3\random_mask_d0.01\dfa\seed1.json val 0.9094 test 0.9093 acc0 0.102 backoffs 0 perturbed 20,672 (9s)
  [random_mask d=0.01 np s1] diverged at step 423: restore to 200 + lr -> 0.015 (backoff 1)
  [random_mask d=0.01 np s1] diverged at step 654: restore to 400 + lr -> 0.0075 (backoff 2)
  [random_mask d=0.01 np lr=0.0075 s1] step 1000/6450 val 0.6942 test 0.6967 loss 1.071 bo 2 (3s)
  [random_mask d=0.01 np s1] diverged at step 1392: restore to 1100 + lr -> 0.00375 (backoff 3)
  [random_mask d=0.01 np lr=0.00375 s1] step 2000/6450 val 0.7156 test 0.7197 loss 0.878 bo 3 (6s)
  [random_mask d=0.01 np lr=0.00375 s1] step 3000/6450 val 0.7568 test 0.7592 loss 0.804 bo 3 (8s)
  [random_mask d=0.01 np lr=0.00375 s1] step 4000/6450 val 0.8104 test 0.8155 loss 0.764 bo 3 (10s)
  [random_mask d=0.01 np lr=0.00375 s1] step 5000/6450 val 0.8376 test 0.8462 loss 0.511 bo 3 (12s)
  [random_mask d=0.01 np lr=0.00375 s1] step 6000/6450 val 0.8464 test 0.8556 loss 0.634 bo 3 (14s)
  [random_mask d=0.01 np lr=0.00375 s1] step 6450/6450 val 0.8494 test 0.8574 loss 0.489 bo 3 (15s)
  -> results\p3\h3\random_mask_d0.01\np\seed1.json val 0.8491 test 0.8574 acc0 0.102 backoffs 3 perturbed 20,672 (15s)
  [random_mask d=0.01 fg s1] diverged at step 444: restore to 200 + lr -> 0.015 (backoff 1)
  [random_mask d=0.01 fg s1] diverged at step 726: restore to 500 + lr -> 0.0075 (backoff 2)
  [random_mask d=0.01 fg lr=0.0075 s1] step 1000/6450 val 0.6678 test 0.6870 loss 1.034 bo 2 (39s)
  [random_mask d=0.01 fg s1] diverged at step 1317: restore to 1100 + lr -> 0.00375 (backoff 3)
  [random_mask d=0.01 fg lr=0.00375 s1] step 2000/6450 val 0.7476 test 0.7690 loss 0.794 bo 3 (72s)
  [random_mask d=0.01 fg lr=0.00375 s1] step 3000/6450 val 0.6288 test 0.6324 loss 5.903 bo 3 (99s)
  [random_mask d=0.01 fg s1] diverged at step 3408: restore to 3200 + lr -> 0.001875 (backoff 4)
  [random_mask d=0.01 fg lr=0.001875 s1] step 4000/6450 val 0.7430 test 0.7536 loss 5.174 bo 4 (131s)
  [random_mask d=0.01 fg lr=0.001875 s1] step 5000/6450 val 0.7830 test 0.7872 loss 2.675 bo 4 (158s)
  [random_mask d=0.01 fg lr=0.001875 s1] step 6000/6450 val 0.7942 test 0.7977 loss 4.033 bo 4 (185s)
  [random_mask d=0.01 fg lr=0.001875 s1] step 6450/6450 val 0.7936 test 0.7987 loss 3.215 bo 4 (197s)
  -> results\p3\h3\random_mask_d0.01\fg\seed1.json val 0.7936 test 0.7987 acc0 0.102 backoffs 4 perturbed 20,672 (197s)
  [dense_small d=0.01 bp lr=0.07 s1] step 1000/6450 val 0.9438 test 0.9436 loss 0.098 bo 0 (1s)
  [dense_small d=0.01 bp lr=0.07 s1] step 2000/6450 val 0.9534 test 0.9467 loss 0.207 bo 0 (3s)
  [dense_small d=0.01 bp lr=0.07 s1] step 3000/6450 val 0.9570 test 0.9545 loss 0.081 bo 0 (4s)
  [dense_small d=0.01 bp lr=0.07 s1] step 4000/6450 val 0.9642 test 0.9621 loss 0.189 bo 0 (5s)
  [dense_small d=0.01 bp lr=0.07 s1] step 5000/6450 val 0.9678 test 0.9644 loss 0.046 bo 0 (7s)
  [dense_small d=0.01 bp lr=0.07 s1] step 6000/6450 val 0.9680 test 0.9664 loss 0.044 bo 0 (8s)
  [dense_small d=0.01 bp lr=0.07 s1] step 6450/6450 val 0.9680 test 0.9665 loss 0.024 bo 0 (9s)
  -> results\p3\h3\dense_small_d0.01\bp\seed1.json val 0.9680 test 0.9666 acc0 0.078 backoffs 0 perturbed 18,847 (9s)
  [dense_small d=0.01 dfa s1] diverged at step 77: restore to 0 + lr -> 0.035 (backoff 1)
  [dense_small d=0.01 dfa s1] diverged at step 200: restore to 0 + lr -> 0.0175 (backoff 2)
  [dense_small d=0.01 dfa s1] diverged at step 391: restore to 100 + lr -> 0.00875 (backoff 3)
  [dense_small d=0.01 dfa lr=0.00875 s1] step 1000/6450 val 0.8988 test 0.8978 loss 2.176 bo 3 (2s)
  [dense_small d=0.01 dfa lr=0.00875 s1] step 2000/6450 val 0.8958 test 0.8985 loss 2.784 bo 3 (3s)
  [dense_small d=0.01 dfa lr=0.00875 s1] step 3000/6450 val 0.9260 test 0.9285 loss 0.888 bo 3 (4s)
  [dense_small d=0.01 dfa lr=0.00875 s1] step 4000/6450 val 0.9326 test 0.9355 loss 0.495 bo 3 (5s)
  [dense_small d=0.01 dfa lr=0.00875 s1] step 5000/6450 val 0.9348 test 0.9397 loss 0.160 bo 3 (6s)
  [dense_small d=0.01 dfa lr=0.00875 s1] step 6000/6450 val 0.9418 test 0.9463 loss 0.214 bo 3 (8s)
  [dense_small d=0.01 dfa lr=0.00875 s1] step 6450/6450 val 0.9428 test 0.9461 loss 0.261 bo 3 (8s)
  -> results\p3\h3\dense_small_d0.01\dfa\seed1.json val 0.9429 test 0.9462 acc0 0.078 backoffs 3 perturbed 18,847 (8s)
  [dense_small d=0.01 np lr=0.0017 s1] step 1000/6450 val 0.8368 test 0.8471 loss 0.641 bo 0 (2s)
  [dense_small d=0.01 np lr=0.0017 s1] step 2000/6450 val 0.8714 test 0.8745 loss 0.430 bo 0 (4s)
  [dense_small d=0.01 np lr=0.0017 s1] step 3000/6450 val 0.8890 test 0.8964 loss 0.384 bo 0 (6s)
  [dense_small d=0.01 np lr=0.0017 s1] step 4000/6450 val 0.9048 test 0.9056 loss 0.250 bo 0 (7s)
  [dense_small d=0.01 np lr=0.0017 s1] step 5000/6450 val 0.9138 test 0.9138 loss 0.310 bo 0 (9s)
  [dense_small d=0.01 np lr=0.0017 s1] step 6000/6450 val 0.9172 test 0.9180 loss 0.323 bo 0 (11s)
  [dense_small d=0.01 np lr=0.0017 s1] step 6450/6450 val 0.9174 test 0.9178 loss 0.366 bo 0 (12s)
  -> results\p3\h3\dense_small_d0.01\np\seed1.json val 0.9175 test 0.9178 acc0 0.078 backoffs 0 perturbed 18,847 (12s)
  [dense_small d=0.01 fg lr=0.0008 s1] step 1000/6450 val 0.7708 test 0.7747 loss 0.722 bo 0 (14s)
  [dense_small d=0.01 fg lr=0.0008 s1] step 2000/6450 val 0.6568 test 0.6675 loss 1.260 bo 0 (28s)
  [dense_small d=0.01 fg lr=0.0008 s1] step 3000/6450 val 0.6592 test 0.6668 loss 0.853 bo 0 (42s)
  [dense_small d=0.01 fg lr=0.0008 s1] step 4000/6450 val 0.7032 test 0.7142 loss 0.848 bo 0 (57s)
  [dense_small d=0.01 fg lr=0.0008 s1] step 5000/6450 val 0.7274 test 0.7367 loss 0.923 bo 0 (71s)
  [dense_small d=0.01 fg lr=0.0008 s1] step 6000/6450 val 0.7322 test 0.7396 loss 0.890 bo 0 (84s)
  [dense_small d=0.01 fg lr=0.0008 s1] step 6450/6450 val 0.7314 test 0.7400 loss 1.221 bo 0 (91s)
  -> results\p3\h3\dense_small_d0.01\fg\seed1.json val 0.7314 test 0.7400 acc0 0.078 backoffs 0 perturbed 18,847 (91s)
  [pruned_reinit d=0.01 bp lr=0.3 s1] step 1000/6450 val 0.9604 test 0.9601 loss 0.134 bo 0 (2s)
  [pruned_reinit d=0.01 bp lr=0.3 s1] step 2000/6450 val 0.9664 test 0.9692 loss 0.065 bo 0 (4s)
  [pruned_reinit d=0.01 bp lr=0.3 s1] step 3000/6450 val 0.9748 test 0.9765 loss 0.045 bo 0 (5s)
  [pruned_reinit d=0.01 bp lr=0.3 s1] step 4000/6450 val 0.9776 test 0.9782 loss 0.056 bo 0 (7s)
  [pruned_reinit d=0.01 bp lr=0.3 s1] step 5000/6450 val 0.9804 test 0.9793 loss 0.003 bo 0 (9s)
  [pruned_reinit d=0.01 bp lr=0.3 s1] step 6000/6450 val 0.9804 test 0.9797 loss 0.004 bo 0 (11s)
  [pruned_reinit d=0.01 bp lr=0.3 s1] step 6450/6450 val 0.9806 test 0.9798 loss 0.003 bo 0 (12s)
  -> results\p3\h3\pruned_reinit_d0.01\bp\seed1.json val 0.9806 test 0.9798 acc0 0.097 backoffs 0 perturbed 20,011 (12s)
  [pruned_reinit d=0.01 dfa s1] diverged at step 156: restore to 0 + lr -> 0.075 (backoff 1)
  [pruned_reinit d=0.01 dfa s1] diverged at step 351: restore to 100 + lr -> 0.0375 (backoff 2)
  [pruned_reinit d=0.01 dfa lr=0.0375 s1] step 1000/6450 val 0.9086 test 0.9159 loss 11.525 bo 2 (2s)
  [pruned_reinit d=0.01 dfa s1] diverged at step 1574: restore to 1300 + lr -> 0.01875 (backoff 3)
  [pruned_reinit d=0.01 dfa lr=0.01875 s1] step 2000/6450 val 0.9482 test 0.9512 loss 2.862 bo 3 (4s)
  [pruned_reinit d=0.01 dfa lr=0.01875 s1] step 3000/6450 val 0.9522 test 0.9578 loss 1.214 bo 3 (5s)
  [pruned_reinit d=0.01 dfa lr=0.01875 s1] step 4000/6450 val 0.9522 test 0.9565 loss 0.669 bo 3 (7s)
  [pruned_reinit d=0.01 dfa lr=0.01875 s1] step 5000/6450 val 0.9572 test 0.9599 loss 0.495 bo 3 (8s)
  [pruned_reinit d=0.01 dfa lr=0.01875 s1] step 6000/6450 val 0.9604 test 0.9627 loss 0.695 bo 3 (10s)
  [pruned_reinit d=0.01 dfa lr=0.01875 s1] step 6450/6450 val 0.9596 test 0.9632 loss 0.001 bo 3 (11s)
  -> results\p3\h3\pruned_reinit_d0.01\dfa\seed1.json val 0.9597 test 0.9632 acc0 0.097 backoffs 3 perturbed 20,011 (11s)
  [pruned_reinit d=0.01 np s1] diverged at step 805: restore to 600 + lr -> 0.0035 (backoff 1)
  [pruned_reinit d=0.01 np lr=0.0035 s1] step 1000/6450 val 0.6988 test 0.7055 loss 1.236 bo 1 (3s)
  [pruned_reinit d=0.01 np s1] diverged at step 1947: restore to 1700 + lr -> 0.00175 (backoff 2)
  [pruned_reinit d=0.01 np lr=0.00175 s1] step 2000/6450 val 0.7696 test 0.7738 loss 1.084 bo 2 (5s)
  [pruned_reinit d=0.01 np lr=0.00175 s1] step 3000/6450 val 0.8474 test 0.8523 loss 0.706 bo 2 (7s)
  [pruned_reinit d=0.01 np lr=0.00175 s1] step 4000/6450 val 0.8868 test 0.8866 loss 0.341 bo 2 (9s)
  [pruned_reinit d=0.01 np lr=0.00175 s1] step 5000/6450 val 0.8976 test 0.9031 loss 0.487 bo 2 (11s)
  [pruned_reinit d=0.01 np lr=0.00175 s1] step 6000/6450 val 0.9052 test 0.9047 loss 0.443 bo 2 (13s)
  [pruned_reinit d=0.01 np lr=0.00175 s1] step 6450/6450 val 0.9048 test 0.9051 loss 0.352 bo 2 (14s)
  -> results\p3\h3\pruned_reinit_d0.01\np\seed1.json val 0.9048 test 0.9051 acc0 0.097 backoffs 2 perturbed 20,011 (14s)
  [pruned_reinit d=0.01 fg s1] diverged at step 314: restore to 100 + lr -> 0.015 (backoff 1)
  [pruned_reinit d=0.01 fg s1] diverged at step 462: restore to 200 + lr -> 0.0075 (backoff 2)
  [pruned_reinit d=0.01 fg s1] diverged at step 723: restore to 500 + lr -> 0.00375 (backoff 3)
  [pruned_reinit d=0.01 fg lr=0.00375 s1] step 1000/6450 val 0.7442 test 0.7455 loss 0.846 bo 3 (46s)
  [pruned_reinit d=0.01 fg s1] diverged at step 1227: restore to 1000 + lr -> 0.001875 (backoff 4)
  [pruned_reinit d=0.01 fg lr=0.001875 s1] step 2000/6450 val 0.7416 test 0.7419 loss 0.613 bo 4 (79s)
  [pruned_reinit d=0.01 fg s1] diverged at step 2969: restore to 2700 + lr -> 0.0009375 (backoff 5)
  [pruned_reinit d=0.01 fg lr=0.0009375 s1] step 3000/6450 val 0.7116 test 0.7346 loss 2.867 bo 5 (113s)
  [pruned_reinit d=0.01 fg lr=0.0009375 s1] step 4000/6450 val 0.7762 test 0.7805 loss 1.414 bo 5 (140s)
  [pruned_reinit d=0.01 fg lr=0.0009375 s1] step 5000/6450 val 0.8020 test 0.8080 loss 2.268 bo 5 (167s)
  [pruned_reinit d=0.01 fg lr=0.0009375 s1] step 6000/6450 val 0.8118 test 0.8201 loss 1.685 bo 5 (194s)
  [pruned_reinit d=0.01 fg lr=0.0009375 s1] step 6450/6450 val 0.8116 test 0.8205 loss 2.758 bo 5 (206s)
  -> results\p3\h3\pruned_reinit_d0.01\fg\seed1.json val 0.8115 test 0.8205 acc0 0.097 backoffs 5 perturbed 20,011 (206s)
  [pruned d=0.005 bp lr=0.3 s2] step 1000/6450 val 0.9756 test 0.9747 loss 0.145 bo 0 (2s)
  [pruned d=0.005 bp lr=0.3 s2] step 2000/6450 val 0.9810 test 0.9791 loss 0.027 bo 0 (4s)
  [pruned d=0.005 bp lr=0.3 s2] step 3000/6450 val 0.9828 test 0.9789 loss 0.038 bo 0 (6s)
  [pruned d=0.005 bp lr=0.3 s2] step 4000/6450 val 0.9822 test 0.9812 loss 0.016 bo 0 (7s)
  [pruned d=0.005 bp lr=0.3 s2] step 5000/6450 val 0.9834 test 0.9819 loss 0.003 bo 0 (9s)
  [pruned d=0.005 bp lr=0.3 s2] step 6000/6450 val 0.9836 test 0.9822 loss 0.007 bo 0 (11s)
  [pruned d=0.005 bp lr=0.3 s2] step 6450/6450 val 0.9838 test 0.9821 loss 0.004 bo 0 (12s)
  -> results\p3\h3\pruned_d0.005\bp\seed2.json val 0.9839 test 0.9821 acc0 0.212 backoffs 0 perturbed 10,325 (12s)
  [pruned d=0.005 dfa s2] diverged at step 225: restore to 0 + lr -> 0.035 (backoff 1)
  [pruned d=0.005 dfa s2] diverged at step 548: restore to 300 + lr -> 0.0175 (backoff 2)
  [pruned d=0.005 dfa lr=0.0175 s2] step 1000/6450 val 0.8562 test 0.8531 loss 0.775 bo 2 (2s)
  [pruned d=0.005 dfa lr=0.0175 s2] step 2000/6450 val 0.9108 test 0.9122 loss 1.220 bo 2 (4s)
  [pruned d=0.005 dfa lr=0.0175 s2] step 3000/6450 val 0.9316 test 0.9323 loss 1.690 bo 2 (6s)
  [pruned d=0.005 dfa lr=0.0175 s2] step 4000/6450 val 0.9184 test 0.9259 loss 1.096 bo 2 (7s)
  [pruned d=0.005 dfa lr=0.0175 s2] step 5000/6450 val 0.9446 test 0.9465 loss 0.421 bo 2 (9s)
  [pruned d=0.005 dfa lr=0.0175 s2] step 6000/6450 val 0.9496 test 0.9502 loss 0.569 bo 2 (10s)
  [pruned d=0.005 dfa lr=0.0175 s2] step 6450/6450 val 0.9498 test 0.9496 loss 0.122 bo 2 (11s)
  -> results\p3\h3\pruned_d0.005\dfa\seed2.json val 0.9498 test 0.9497 acc0 0.212 backoffs 2 perturbed 10,325 (11s)
  [pruned d=0.005 np s2] diverged at step 317: restore to 100 + lr -> 0.015 (backoff 1)
  [pruned d=0.005 np s2] diverged at step 470: restore to 200 + lr -> 0.0075 (backoff 2)
  [pruned d=0.005 np s2] diverged at step 940: restore to 700 + lr -> 0.00375 (backoff 3)
  [pruned d=0.005 np lr=0.00375 s2] step 1000/6450 val 0.7532 test 0.7618 loss 0.609 bo 3 (4s)
  [pruned d=0.005 np lr=0.00375 s2] step 2000/6450 val 0.7378 test 0.7430 loss 0.653 bo 3 (6s)
  [pruned d=0.005 np lr=0.00375 s2] step 3000/6450 val 0.8070 test 0.8108 loss 0.962 bo 3 (8s)
  [pruned d=0.005 np lr=0.00375 s2] step 4000/6450 val 0.7488 test 0.7494 loss 0.924 bo 3 (10s)
  [pruned d=0.005 np lr=0.00375 s2] step 5000/6450 val 0.8814 test 0.8933 loss 0.628 bo 3 (12s)
  [pruned d=0.005 np lr=0.00375 s2] step 6000/6450 val 0.8916 test 0.9006 loss 0.515 bo 3 (15s)
  [pruned d=0.005 np lr=0.00375 s2] step 6450/6450 val 0.8918 test 0.9014 loss 0.331 bo 3 (16s)
  -> results\p3\h3\pruned_d0.005\np\seed2.json val 0.8917 test 0.9013 acc0 0.212 backoffs 3 perturbed 10,325 (16s)
  [pruned d=0.005 fg s2] diverged at step 373: restore to 100 + lr -> 0.015 (backoff 1)
  [pruned d=0.005 fg s2] diverged at step 561: restore to 300 + lr -> 0.0075 (backoff 2)
  [pruned d=0.005 fg s2] diverged at step 966: restore to 700 + lr -> 0.00375 (backoff 3)
  [pruned d=0.005 fg lr=0.00375 s2] step 1000/6450 val 0.8164 test 0.8209 loss 0.699 bo 3 (48s)
  [pruned d=0.005 fg lr=0.00375 s2] step 2000/6450 val 0.7882 test 0.7927 loss 0.772 bo 3 (75s)
  [pruned d=0.005 fg s2] diverged at step 2627: restore to 2400 + lr -> 0.001875 (backoff 4)
  [pruned d=0.005 fg lr=0.001875 s2] step 3000/6450 val 0.7612 test 0.7574 loss 2.328 bo 4 (108s)
  [pruned d=0.005 fg lr=0.001875 s2] step 4000/6450 val 0.8080 test 0.8201 loss 1.108 bo 4 (136s)
  [pruned d=0.005 fg lr=0.001875 s2] step 5000/6450 val 0.8308 test 0.8369 loss 0.903 bo 4 (162s)
  [pruned d=0.005 fg lr=0.001875 s2] step 6000/6450 val 0.8428 test 0.8483 loss 0.543 bo 4 (189s)
  [pruned d=0.005 fg lr=0.001875 s2] step 6450/6450 val 0.8418 test 0.8483 loss 0.761 bo 4 (201s)
  -> results\p3\h3\pruned_d0.005\fg\seed2.json val 0.8419 test 0.8483 acc0 0.212 backoffs 4 perturbed 10,325 (201s)
  [random_degree d=0.005 bp lr=0.3 s2] step 1000/6450 val 0.9450 test 0.9434 loss 0.277 bo 0 (2s)
  [random_degree d=0.005 bp lr=0.3 s2] step 2000/6450 val 0.9424 test 0.9494 loss 0.114 bo 0 (4s)
  [random_degree d=0.005 bp lr=0.3 s2] step 3000/6450 val 0.9586 test 0.9613 loss 0.116 bo 0 (6s)
  [random_degree d=0.005 bp lr=0.3 s2] step 4000/6450 val 0.9610 test 0.9639 loss 0.082 bo 0 (8s)
  [random_degree d=0.005 bp lr=0.3 s2] step 5000/6450 val 0.9658 test 0.9652 loss 0.023 bo 0 (10s)
  [random_degree d=0.005 bp lr=0.3 s2] step 6000/6450 val 0.9652 test 0.9655 loss 0.029 bo 0 (12s)
  [random_degree d=0.005 bp lr=0.3 s2] step 6450/6450 val 0.9652 test 0.9656 loss 0.009 bo 0 (13s)
  -> results\p3\h3\random_degree_d0.005\bp\seed2.json val 0.9652 test 0.9655 acc0 0.097 backoffs 0 perturbed 10,325 (13s)
  [random_degree d=0.005 dfa lr=0.035 s2] step 1000/6450 val 0.8412 test 0.8507 loss 1.646 bo 0 (2s)
  [random_degree d=0.005 dfa lr=0.035 s2] step 2000/6450 val 0.9000 test 0.8988 loss 4.769 bo 0 (3s)
  [random_degree d=0.005 dfa lr=0.035 s2] step 3000/6450 val 0.9022 test 0.9025 loss 5.813 bo 0 (4s)
  [random_degree d=0.005 dfa lr=0.035 s2] step 4000/6450 val 0.9172 test 0.9144 loss 2.927 bo 0 (6s)
  [random_degree d=0.005 dfa lr=0.035 s2] step 5000/6450 val 0.9242 test 0.9211 loss 1.595 bo 0 (7s)
  [random_degree d=0.005 dfa lr=0.035 s2] step 6000/6450 val 0.9322 test 0.9320 loss 1.091 bo 0 (9s)
  [random_degree d=0.005 dfa lr=0.035 s2] step 6450/6450 val 0.9328 test 0.9320 loss 2.042 bo 0 (9s)
  -> results\p3\h3\random_degree_d0.005\dfa\seed2.json val 0.9326 test 0.9319 acc0 0.097 backoffs 0 perturbed 10,325 (9s)
  [random_degree d=0.005 np s2] diverged at step 535: restore to 300 + lr -> 0.0075 (backoff 1)
  [random_degree d=0.005 np lr=0.0075 s2] step 1000/6450 val 0.6056 test 0.6164 loss 1.598 bo 1 (3s)
  [random_degree d=0.005 np s2] diverged at step 1305: restore to 1100 + lr -> 0.00375 (backoff 2)
  [random_degree d=0.005 np lr=0.00375 s2] step 2000/6450 val 0.7270 test 0.7332 loss 1.244 bo 2 (5s)
  [random_degree d=0.005 np lr=0.00375 s2] step 3000/6450 val 0.6142 test 0.6308 loss 3.835 bo 2 (8s)
  [random_degree d=0.005 np lr=0.00375 s2] step 4000/6450 val 0.7668 test 0.7792 loss 1.941 bo 2 (10s)
  [random_degree d=0.005 np lr=0.00375 s2] step 5000/6450 val 0.7954 test 0.8012 loss 2.556 bo 2 (12s)
  [random_degree d=0.005 np lr=0.00375 s2] step 6000/6450 val 0.8364 test 0.8446 loss 1.860 bo 2 (14s)
  [random_degree d=0.005 np lr=0.00375 s2] step 6450/6450 val 0.8356 test 0.8438 loss 1.834 bo 2 (15s)
  -> results\p3\h3\random_degree_d0.005\np\seed2.json val 0.8358 test 0.8438 acc0 0.097 backoffs 2 perturbed 10,325 (15s)
  [random_degree d=0.005 fg s2] diverged at step 570: restore to 300 + lr -> 0.0075 (backoff 1)
  [random_degree d=0.005 fg lr=0.0075 s2] step 1000/6450 val 0.3656 test 0.3712 loss 5.981 bo 1 (34s)
  [random_degree d=0.005 fg s2] diverged at step 1015: restore to 800 + lr -> 0.00375 (backoff 2)
  [random_degree d=0.005 fg lr=0.00375 s2] step 1000/6450 val 0.7386 test 0.7517 loss 0.783 bo 2 (40s)
  [random_degree d=0.005 fg lr=0.00375 s2] step 2000/6450 val 0.4848 test 0.5070 loss 5.864 bo 2 (67s)
  [random_degree d=0.005 fg s2] diverged at step 2073: restore to 1800 + lr -> 0.001875 (backoff 3)
  [random_degree d=0.005 fg lr=0.001875 s2] step 2000/6450 val 0.7258 test 0.7424 loss 0.901 bo 3 (74s)
  [random_degree d=0.005 fg lr=0.001875 s2] step 3000/6450 val 0.7802 test 0.7825 loss 0.910 bo 3 (101s)
  [random_degree d=0.005 fg lr=0.001875 s2] step 4000/6450 val 0.8084 test 0.8114 loss 0.965 bo 3 (128s)
  [random_degree d=0.005 fg lr=0.001875 s2] step 5000/6450 val 0.8226 test 0.8289 loss 0.811 bo 3 (155s)
  [random_degree d=0.005 fg lr=0.001875 s2] step 6000/6450 val 0.8288 test 0.8324 loss 0.916 bo 3 (182s)
  [random_degree d=0.005 fg lr=0.001875 s2] step 6450/6450 val 0.8304 test 0.8336 loss 0.893 bo 3 (194s)
  -> results\p3\h3\random_degree_d0.005\fg\seed2.json val 0.8303 test 0.8336 acc0 0.097 backoffs 3 perturbed 10,325 (194s)
  [random_mask d=0.005 bp lr=0.3 s2] step 1000/6450 val 0.8386 test 0.8436 loss 0.556 bo 0 (2s)
  [random_mask d=0.005 bp lr=0.3 s2] step 2000/6450 val 0.8830 test 0.8843 loss 0.507 bo 0 (4s)
  [random_mask d=0.005 bp lr=0.3 s2] step 3000/6450 val 0.9032 test 0.9095 loss 0.335 bo 0 (6s)
  [random_mask d=0.005 bp lr=0.3 s2] step 4000/6450 val 0.9200 test 0.9226 loss 0.261 bo 0 (8s)
  [random_mask d=0.005 bp lr=0.3 s2] step 5000/6450 val 0.9192 test 0.9264 loss 0.269 bo 0 (10s)
  [random_mask d=0.005 bp lr=0.3 s2] step 6000/6450 val 0.9236 test 0.9285 loss 0.184 bo 0 (12s)
  [random_mask d=0.005 bp lr=0.3 s2] step 6450/6450 val 0.9238 test 0.9287 loss 0.222 bo 0 (13s)
  -> results\p3\h3\random_mask_d0.005\bp\seed2.json val 0.9239 test 0.9287 acc0 0.097 backoffs 0 perturbed 11,319 (13s)
  [random_mask d=0.005 dfa s2] diverged at step 111: restore to 0 + lr -> 0.075 (backoff 1)
  [random_mask d=0.005 dfa s2] diverged at step 163: restore to 0 + lr -> 0.0375 (backoff 2)
  [random_mask d=0.005 dfa s2] diverged at step 231: restore to 0 + lr -> 0.01875 (backoff 3)
  [random_mask d=0.005 dfa s2] diverged at step 329: restore to 100 + lr -> 0.009375 (backoff 4)
  [random_mask d=0.005 dfa s2] diverged at step 474: restore to 200 + lr -> 0.0046875 (backoff 5)
  [random_mask d=0.005 dfa s2] FAILED after 5 backoffs at step 875
  -> results\p3\h3\random_mask_d0.005\dfa\seed2.json val 0.5285 test 0.5491 acc0 0.097 backoffs 6 perturbed 11,319 (3s)
  [random_mask d=0.005 np s2] diverged at step 499: restore to 200 + lr -> 0.015 (backoff 1)
  [random_mask d=0.005 np s2] diverged at step 943: restore to 700 + lr -> 0.0075 (backoff 2)
  [random_mask d=0.005 np lr=0.0075 s2] step 1000/6450 val 0.6010 test 0.6066 loss 1.394 bo 2 (3s)
  [random_mask d=0.005 np lr=0.0075 s2] step 2000/6450 val 0.3934 test 0.4079 loss 3.248 bo 2 (5s)
  [random_mask d=0.005 np s2] diverged at step 2135: restore to 1900 + lr -> 0.00375 (backoff 3)
  [random_mask d=0.005 np lr=0.00375 s2] step 2000/6450 val 0.6782 test 0.6751 loss 1.452 bo 3 (6s)
  [random_mask d=0.005 np lr=0.00375 s2] step 3000/6450 val 0.6590 test 0.6746 loss 1.302 bo 3 (8s)
  [random_mask d=0.005 np lr=0.00375 s2] step 4000/6450 val 0.7302 test 0.7413 loss 0.886 bo 3 (10s)
  [random_mask d=0.005 np lr=0.00375 s2] step 5000/6450 val 0.7898 test 0.7995 loss 0.688 bo 3 (12s)
  [random_mask d=0.005 np lr=0.00375 s2] step 6000/6450 val 0.8008 test 0.8081 loss 0.758 bo 3 (14s)
  [random_mask d=0.005 np lr=0.00375 s2] step 6450/6450 val 0.8024 test 0.8095 loss 0.900 bo 3 (15s)
  -> results\p3\h3\random_mask_d0.005\np\seed2.json val 0.8024 test 0.8096 acc0 0.097 backoffs 3 perturbed 11,319 (15s)
  [random_mask d=0.005 fg s2] diverged at step 583: restore to 300 + lr -> 0.015 (backoff 1)
  [random_mask d=0.005 fg lr=0.015 s2] step 1000/6450 val 0.1974 test 0.1970 loss 15.842 bo 1 (34s)
  [random_mask d=0.005 fg s2] diverged at step 1003: restore to 800 + lr -> 0.0075 (backoff 2)
  [random_mask d=0.005 fg lr=0.0075 s2] step 1000/6450 val 0.6362 test 0.6352 loss 1.295 bo 2 (40s)
  [random_mask d=0.005 fg lr=0.0075 s2] step 2000/6450 val 0.4946 test 0.5111 loss 3.858 bo 2 (66s)
  [random_mask d=0.005 fg s2] diverged at step 2142: restore to 1900 + lr -> 0.00375 (backoff 3)
  [random_mask d=0.005 fg lr=0.00375 s2] step 2000/6450 val 0.6236 test 0.6334 loss 1.811 bo 3 (73s)
  [random_mask d=0.005 fg lr=0.00375 s2] step 3000/6450 val 0.7026 test 0.7141 loss 1.210 bo 3 (100s)
  [random_mask d=0.005 fg lr=0.00375 s2] step 4000/6450 val 0.7624 test 0.7735 loss 1.186 bo 3 (127s)
  [random_mask d=0.005 fg lr=0.00375 s2] step 5000/6450 val 0.7834 test 0.8016 loss 0.873 bo 3 (154s)
  [random_mask d=0.005 fg lr=0.00375 s2] step 6000/6450 val 0.7946 test 0.8103 loss 0.566 bo 3 (181s)
  [random_mask d=0.005 fg lr=0.00375 s2] step 6450/6450 val 0.7954 test 0.8107 loss 0.851 bo 3 (193s)
  -> results\p3\h3\random_mask_d0.005\fg\seed2.json val 0.7954 test 0.8107 acc0 0.097 backoffs 3 perturbed 11,319 (193s)
  [dense_small d=0.005 bp lr=0.07 s2] step 1000/6450 val 0.9134 test 0.9142 loss 0.348 bo 0 (1s)
  [dense_small d=0.005 bp lr=0.07 s2] step 2000/6450 val 0.9316 test 0.9331 loss 0.205 bo 0 (3s)
  [dense_small d=0.005 bp lr=0.07 s2] step 3000/6450 val 0.9370 test 0.9431 loss 0.154 bo 0 (4s)
  [dense_small d=0.005 bp lr=0.07 s2] step 4000/6450 val 0.9406 test 0.9452 loss 0.195 bo 0 (5s)
  [dense_small d=0.005 bp lr=0.07 s2] step 5000/6450 val 0.9450 test 0.9490 loss 0.126 bo 0 (7s)
  [dense_small d=0.005 bp lr=0.07 s2] step 6000/6450 val 0.9454 test 0.9497 loss 0.067 bo 0 (8s)
  [dense_small d=0.005 bp lr=0.07 s2] step 6450/6450 val 0.9456 test 0.9495 loss 0.040 bo 0 (9s)
  -> results\p3\h3\dense_small_d0.005\bp\seed2.json val 0.9456 test 0.9495 acc0 0.056 backoffs 0 perturbed 9,706 (9s)
  [dense_small d=0.005 dfa s2] diverged at step 73: restore to 0 + lr -> 0.035 (backoff 1)
  [dense_small d=0.005 dfa s2] diverged at step 142: restore to 0 + lr -> 0.0175 (backoff 2)
  [dense_small d=0.005 dfa s2] diverged at step 428: restore to 200 + lr -> 0.00875 (backoff 3)
  [dense_small d=0.005 dfa s2] diverged at step 845: restore to 600 + lr -> 0.004375 (backoff 4)
  [dense_small d=0.005 dfa lr=0.004375 s2] step 1000/6450 val 0.8006 test 0.8072 loss 0.534 bo 4 (2s)
  [dense_small d=0.005 dfa s2] diverged at step 1717: restore to 1500 + lr -> 0.0021875 (backoff 5)
  [dense_small d=0.005 dfa lr=0.0021875 s2] step 2000/6450 val 0.4914 test 0.4781 loss 3.769 bo 5 (3s)
  [dense_small d=0.005 dfa lr=0.0021875 s2] step 3000/6450 val 0.6496 test 0.6373 loss 1.493 bo 5 (5s)
  [dense_small d=0.005 dfa lr=0.0021875 s2] step 4000/6450 val 0.6974 test 0.6946 loss 1.265 bo 5 (6s)
  [dense_small d=0.005 dfa lr=0.0021875 s2] step 5000/6450 val 0.7498 test 0.7554 loss 0.732 bo 5 (7s)
  [dense_small d=0.005 dfa lr=0.0021875 s2] step 6000/6450 val 0.7732 test 0.7858 loss 0.611 bo 5 (8s)
  [dense_small d=0.005 dfa lr=0.0021875 s2] step 6450/6450 val 0.7932 test 0.8034 loss 0.486 bo 5 (9s)
  -> results\p3\h3\dense_small_d0.005\dfa\seed2.json val 0.7923 test 0.8022 acc0 0.056 backoffs 5 perturbed 9,706 (9s)
  [dense_small d=0.005 np lr=0.0017 s2] step 1000/6450 val 0.8020 test 0.8084 loss 0.804 bo 0 (2s)
  [dense_small d=0.005 np lr=0.0017 s2] step 2000/6450 val 0.8654 test 0.8650 loss 0.555 bo 0 (4s)
  [dense_small d=0.005 np lr=0.0017 s2] step 3000/6450 val 0.8858 test 0.8870 loss 0.492 bo 0 (5s)
  [dense_small d=0.005 np lr=0.0017 s2] step 4000/6450 val 0.9086 test 0.9042 loss 0.378 bo 0 (7s)
  [dense_small d=0.005 np lr=0.0017 s2] step 5000/6450 val 0.9062 test 0.9106 loss 0.272 bo 0 (9s)
  [dense_small d=0.005 np lr=0.0017 s2] step 6000/6450 val 0.9116 test 0.9116 loss 0.322 bo 0 (11s)
  [dense_small d=0.005 np lr=0.0017 s2] step 6450/6450 val 0.9112 test 0.9124 loss 0.264 bo 0 (11s)
  -> results\p3\h3\dense_small_d0.005\np\seed2.json val 0.9112 test 0.9124 acc0 0.056 backoffs 0 perturbed 9,706 (11s)
  [dense_small d=0.005 fg lr=0.0008 s2] step 1000/6450 val 0.7136 test 0.7266 loss 0.810 bo 0 (14s)
  [dense_small d=0.005 fg lr=0.0008 s2] step 2000/6450 val 0.7956 test 0.8117 loss 0.715 bo 0 (28s)
  [dense_small d=0.005 fg lr=0.0008 s2] step 3000/6450 val 0.8114 test 0.8229 loss 0.563 bo 0 (42s)
  [dense_small d=0.005 fg lr=0.0008 s2] step 4000/6450 val 0.8214 test 0.8287 loss 0.455 bo 0 (57s)
  [dense_small d=0.005 fg lr=0.0008 s2] step 5000/6450 val 0.8328 test 0.8408 loss 0.467 bo 0 (70s)
  [dense_small d=0.005 fg lr=0.0008 s2] step 6000/6450 val 0.8362 test 0.8431 loss 0.580 bo 0 (84s)
  [dense_small d=0.005 fg lr=0.0008 s2] step 6450/6450 val 0.8360 test 0.8436 loss 0.693 bo 0 (91s)
  -> results\p3\h3\dense_small_d0.005\fg\seed2.json val 0.8360 test 0.8436 acc0 0.056 backoffs 0 perturbed 9,706 (91s)
  [pruned_reinit d=0.005 bp lr=0.3 s2] step 1000/6450 val 0.9510 test 0.9542 loss 0.228 bo 0 (2s)
  [pruned_reinit d=0.005 bp lr=0.3 s2] step 2000/6450 val 0.9620 test 0.9649 loss 0.119 bo 0 (4s)
  [pruned_reinit d=0.005 bp lr=0.3 s2] step 3000/6450 val 0.9716 test 0.9705 loss 0.051 bo 0 (6s)
  [pruned_reinit d=0.005 bp lr=0.3 s2] step 4000/6450 val 0.9764 test 0.9734 loss 0.033 bo 0 (8s)
  [pruned_reinit d=0.005 bp lr=0.3 s2] step 5000/6450 val 0.9784 test 0.9753 loss 0.009 bo 0 (10s)
  [pruned_reinit d=0.005 bp lr=0.3 s2] step 6000/6450 val 0.9778 test 0.9763 loss 0.012 bo 0 (13s)
  [pruned_reinit d=0.005 bp lr=0.3 s2] step 6450/6450 val 0.9770 test 0.9764 loss 0.007 bo 0 (13s)
  -> results\p3\h3\pruned_reinit_d0.005\bp\seed2.json val 0.9771 test 0.9764 acc0 0.097 backoffs 0 perturbed 10,325 (13s)
  [pruned_reinit d=0.005 dfa s2] diverged at step 420: restore to 200 + lr -> 0.0175 (backoff 1)
  [pruned_reinit d=0.005 dfa lr=0.0175 s2] step 1000/6450 val 0.8668 test 0.8727 loss 1.832 bo 1 (2s)
  [pruned_reinit d=0.005 dfa lr=0.0175 s2] step 2000/6450 val 0.8842 test 0.8847 loss 2.972 bo 1 (3s)
  [pruned_reinit d=0.005 dfa lr=0.0175 s2] step 3000/6450 val 0.9250 test 0.9258 loss 0.944 bo 1 (5s)
  [pruned_reinit d=0.005 dfa lr=0.0175 s2] step 4000/6450 val 0.9288 test 0.9319 loss 1.792 bo 1 (6s)
  [pruned_reinit d=0.005 dfa lr=0.0175 s2] step 5000/6450 val 0.9318 test 0.9375 loss 1.086 bo 1 (8s)
  [pruned_reinit d=0.005 dfa lr=0.0175 s2] step 6000/6450 val 0.9480 test 0.9485 loss 0.459 bo 1 (10s)
  [pruned_reinit d=0.005 dfa lr=0.0175 s2] step 6450/6450 val 0.9458 test 0.9474 loss 0.902 bo 1 (10s)
  -> results\p3\h3\pruned_reinit_d0.005\dfa\seed2.json val 0.9457 test 0.9473 acc0 0.097 backoffs 1 perturbed 10,325 (10s)
  [pruned_reinit d=0.005 np s2] diverged at step 473: restore to 200 + lr -> 0.0075 (backoff 1)
  [pruned_reinit d=0.005 np s2] diverged at step 978: restore to 700 + lr -> 0.00375 (backoff 2)
  [pruned_reinit d=0.005 np lr=0.00375 s2] step 1000/6450 val 0.7842 test 0.7904 loss 0.496 bo 2 (3s)
  [pruned_reinit d=0.005 np lr=0.00375 s2] step 2000/6450 val 0.6948 test 0.7097 loss 1.203 bo 2 (5s)
  [pruned_reinit d=0.005 np lr=0.00375 s2] step 3000/6450 val 0.7832 test 0.7845 loss 1.204 bo 2 (7s)
  [pruned_reinit d=0.005 np lr=0.00375 s2] step 4000/6450 val 0.7758 test 0.7786 loss 0.948 bo 2 (9s)
  [pruned_reinit d=0.005 np lr=0.00375 s2] step 5000/6450 val 0.8556 test 0.8638 loss 0.795 bo 2 (11s)
  [pruned_reinit d=0.005 np lr=0.00375 s2] step 6000/6450 val 0.8798 test 0.8820 loss 0.328 bo 2 (13s)
  [pruned_reinit d=0.005 np lr=0.00375 s2] step 6450/6450 val 0.8806 test 0.8836 loss 0.818 bo 2 (14s)
  -> results\p3\h3\pruned_reinit_d0.005\np\seed2.json val 0.8805 test 0.8838 acc0 0.097 backoffs 2 perturbed 10,325 (14s)
  [pruned_reinit d=0.005 fg s2] diverged at step 376: restore to 100 + lr -> 0.015 (backoff 1)
  [pruned_reinit d=0.005 fg s2] diverged at step 555: restore to 300 + lr -> 0.0075 (backoff 2)
  [pruned_reinit d=0.005 fg s2] diverged at step 932: restore to 700 + lr -> 0.00375 (backoff 3)
  [pruned_reinit d=0.005 fg lr=0.00375 s2] step 1000/6450 val 0.7368 test 0.7468 loss 0.864 bo 3 (48s)
  [pruned_reinit d=0.005 fg s2] diverged at step 1841: restore to 1600 + lr -> 0.001875 (backoff 4)
  [pruned_reinit d=0.005 fg lr=0.001875 s2] step 2000/6450 val 0.7444 test 0.7564 loss 1.011 bo 4 (81s)
  [pruned_reinit d=0.005 fg lr=0.001875 s2] step 3000/6450 val 0.7252 test 0.7357 loss 2.157 bo 4 (108s)
  [pruned_reinit d=0.005 fg lr=0.001875 s2] step 4000/6450 val 0.7506 test 0.7586 loss 1.934 bo 4 (135s)
  [pruned_reinit d=0.005 fg lr=0.001875 s2] step 5000/6450 val 0.7936 test 0.8134 loss 1.143 bo 4 (161s)
  [pruned_reinit d=0.005 fg lr=0.001875 s2] step 6000/6450 val 0.8084 test 0.8266 loss 1.539 bo 4 (188s)
  [pruned_reinit d=0.005 fg lr=0.001875 s2] step 6450/6450 val 0.8084 test 0.8283 loss 1.748 bo 4 (200s)
  -> results\p3\h3\pruned_reinit_d0.005\fg\seed2.json val 0.8084 test 0.8283 acc0 0.097 backoffs 4 perturbed 10,325 (200s)
  [dense d=1 bp lr=0.07 s2] step 1000/6450 val 0.9780 test 0.9770 loss 0.098 bo 0 (2s)
  [dense d=1 bp lr=0.07 s2] step 2000/6450 val 0.9810 test 0.9804 loss 0.004 bo 0 (3s)
  [dense d=1 bp lr=0.07 s2] step 3000/6450 val 0.9842 test 0.9863 loss 0.003 bo 0 (5s)
  [dense d=1 bp lr=0.07 s2] step 4000/6450 val 0.9860 test 0.9861 loss 0.000 bo 0 (6s)
  [dense d=1 bp lr=0.07 s2] step 5000/6450 val 0.9858 test 0.9859 loss 0.000 bo 0 (8s)
  [dense d=1 bp lr=0.07 s2] step 6000/6450 val 0.9858 test 0.9860 loss 0.000 bo 0 (9s)
  [dense d=1 bp lr=0.07 s2] step 6450/6450 val 0.9858 test 0.9860 loss 0.000 bo 0 (10s)
  -> results\p3\h3\dense_d1\bp\seed2.json val 0.9858 test 0.9860 acc0 0.091 backoffs 0 perturbed 1,863,690 (10s)
  [dense d=1 dfa lr=0.004 s2] step 1000/6450 val 0.9278 test 0.9293 loss 3.841 bo 0 (1s)
  [dense d=1 dfa lr=0.004 s2] step 2000/6450 val 0.9272 test 0.9316 loss 2.310 bo 0 (2s)
  [dense d=1 dfa lr=0.004 s2] step 3000/6450 val 0.9674 test 0.9707 loss 2.274 bo 0 (4s)
  [dense d=1 dfa lr=0.004 s2] step 4000/6450 val 0.9748 test 0.9758 loss 0.001 bo 0 (5s)
  [dense d=1 dfa lr=0.004 s2] step 5000/6450 val 0.9764 test 0.9784 loss 0.002 bo 0 (6s)
  [dense d=1 dfa lr=0.004 s2] step 6000/6450 val 0.9760 test 0.9779 loss 0.014 bo 0 (8s)
  [dense d=1 dfa lr=0.004 s2] step 6450/6450 val 0.9770 test 0.9783 loss 0.000 bo 0 (8s)
  -> results\p3\h3\dense_d1\dfa\seed2.json val 0.9768 test 0.9783 acc0 0.091 backoffs 0 perturbed 1,863,690 (8s)
  [dense d=1 np s2] diverged at step 60: restore to 0 + lr -> 0.0075 (backoff 1)
  [dense d=1 np s2] diverged at step 94: restore to 0 + lr -> 0.00375 (backoff 2)
  [dense d=1 np s2] diverged at step 136: restore to 0 + lr -> 0.001875 (backoff 3)
  [dense d=1 np s2] diverged at step 225: restore to 0 + lr -> 0.0009375 (backoff 4)
  [dense d=1 np s2] diverged at step 356: restore to 100 + lr -> 0.00046875 (backoff 5)
  [dense d=1 np lr=0.00046875 s2] step 1000/6450 val 0.6196 test 0.6267 loss 3.307 bo 5 (3s)
  [dense d=1 np s2] FAILED after 5 backoffs at step 1842
  -> results\p3\h3\dense_d1\np\seed2.json val 0.6744 test 0.6737 acc0 0.091 backoffs 6 perturbed 1,863,690 (5s)
  [dense d=1 fg lr=0.0002 s2] step 1000/6450 val 0.7740 test 0.7856 loss 0.739 bo 0 (14s)
  [dense d=1 fg s2] diverged at step 1325: restore to 1100 + lr -> 0.0001 (backoff 1)
  [dense d=1 fg lr=0.0001 s2] step 2000/6450 val 0.7560 test 0.7772 loss 0.878 bo 1 (32s)
  [dense d=1 fg s2] diverged at step 2809: restore to 2600 + lr -> 5e-05 (backoff 2)
  [dense d=1 fg lr=5e-05 s2] step 3000/6450 val 0.6982 test 0.7044 loss 2.876 bo 2 (49s)
  [dense d=1 fg lr=5e-05 s2] step 4000/6450 val 0.7484 test 0.7637 loss 4.989 bo 2 (63s)
  [dense d=1 fg lr=5e-05 s2] step 5000/6450 val 0.7826 test 0.7928 loss 3.809 bo 2 (78s)
  [dense d=1 fg lr=5e-05 s2] step 6000/6450 val 0.7984 test 0.8035 loss 2.521 bo 2 (92s)
  [dense d=1 fg lr=5e-05 s2] step 6450/6450 val 0.8004 test 0.8049 loss 3.052 bo 2 (99s)
  -> results\p3\h3\dense_d1\fg\seed2.json val 0.8003 test 0.8049 acc0 0.091 backoffs 2 perturbed 1,863,690 (99s)
  [pruned d=0.01 bp lr=0.3 s2] step 1000/6450 val 0.9818 test 0.9767 loss 0.147 bo 0 (2s)
  [pruned d=0.01 bp lr=0.3 s2] step 2000/6450 val 0.9884 test 0.9811 loss 0.018 bo 0 (4s)
  [pruned d=0.01 bp lr=0.3 s2] step 3000/6450 val 0.9892 test 0.9823 loss 0.013 bo 0 (6s)
  [pruned d=0.01 bp lr=0.3 s2] step 4000/6450 val 0.9912 test 0.9842 loss 0.001 bo 0 (8s)
  [pruned d=0.01 bp lr=0.3 s2] step 5000/6450 val 0.9906 test 0.9839 loss 0.001 bo 0 (10s)
  [pruned d=0.01 bp lr=0.3 s2] step 6000/6450 val 0.9906 test 0.9841 loss 0.000 bo 0 (12s)
  [pruned d=0.01 bp lr=0.3 s2] step 6450/6450 val 0.9906 test 0.9842 loss 0.001 bo 0 (12s)
  -> results\p3\h3\pruned_d0.01\bp\seed2.json val 0.9906 test 0.9842 acc0 0.378 backoffs 0 perturbed 20,031 (12s)
  [pruned d=0.01 dfa s2] diverged at step 335: restore to 100 + lr -> 0.035 (backoff 1)
  [pruned d=0.01 dfa lr=0.035 s2] step 1000/6450 val 0.9242 test 0.9228 loss 4.068 bo 1 (2s)
  [pruned d=0.01 dfa s2] diverged at step 1305: restore to 1100 + lr -> 0.0175 (backoff 2)
  [pruned d=0.01 dfa lr=0.0175 s2] step 2000/6450 val 0.9476 test 0.9454 loss 1.249 bo 2 (4s)
  [pruned d=0.01 dfa lr=0.0175 s2] step 3000/6450 val 0.9534 test 0.9556 loss 3.229 bo 2 (5s)
  [pruned d=0.01 dfa lr=0.0175 s2] step 4000/6450 val 0.9592 test 0.9552 loss 0.855 bo 2 (7s)
  [pruned d=0.01 dfa lr=0.0175 s2] step 5000/6450 val 0.9600 test 0.9596 loss 0.737 bo 2 (9s)
  [pruned d=0.01 dfa lr=0.0175 s2] step 6000/6450 val 0.9612 test 0.9625 loss 0.835 bo 2 (10s)
  [pruned d=0.01 dfa lr=0.0175 s2] step 6450/6450 val 0.9610 test 0.9630 loss 2.073 bo 2 (11s)
  -> results\p3\h3\pruned_d0.01\dfa\seed2.json val 0.9610 test 0.9631 acc0 0.378 backoffs 2 perturbed 20,031 (11s)
  [pruned d=0.01 np s2] diverged at step 249: restore to 0 + lr -> 0.015 (backoff 1)
  [pruned d=0.01 np s2] diverged at step 416: restore to 200 + lr -> 0.0075 (backoff 2)
  [pruned d=0.01 np s2] diverged at step 721: restore to 500 + lr -> 0.00375 (backoff 3)
  [pruned d=0.01 np lr=0.00375 s2] step 1000/6450 val 0.6584 test 0.6659 loss 1.737 bo 3 (4s)
  [pruned d=0.01 np s2] diverged at step 1631: restore to 1400 + lr -> 0.001875 (backoff 4)
  [pruned d=0.01 np lr=0.001875 s2] step 2000/6450 val 0.7344 test 0.7468 loss 1.066 bo 4 (6s)
  [pruned d=0.01 np lr=0.001875 s2] step 3000/6450 val 0.8322 test 0.8419 loss 1.527 bo 4 (8s)
  [pruned d=0.01 np lr=0.001875 s2] step 4000/6450 val 0.8648 test 0.8744 loss 0.407 bo 4 (10s)
  [pruned d=0.01 np lr=0.001875 s2] step 5000/6450 val 0.8946 test 0.9016 loss 0.554 bo 4 (13s)
  [pruned d=0.01 np lr=0.001875 s2] step 6000/6450 val 0.9066 test 0.9081 loss 0.602 bo 4 (15s)
  [pruned d=0.01 np lr=0.001875 s2] step 6450/6450 val 0.9052 test 0.9069 loss 0.408 bo 4 (16s)
  -> results\p3\h3\pruned_d0.01\np\seed2.json val 0.9052 test 0.9070 acc0 0.378 backoffs 4 perturbed 20,031 (16s)
  [pruned d=0.01 fg s2] diverged at step 441: restore to 200 + lr -> 0.0075 (backoff 1)
  [pruned d=0.01 fg s2] diverged at step 689: restore to 400 + lr -> 0.00375 (backoff 2)
  [pruned d=0.01 fg lr=0.00375 s2] step 1000/6450 val 0.7998 test 0.8160 loss 0.688 bo 2 (41s)
  [pruned d=0.01 fg s2] diverged at step 1467: restore to 1200 + lr -> 0.001875 (backoff 3)
  [pruned d=0.01 fg lr=0.001875 s2] step 2000/6450 val 0.8148 test 0.8298 loss 0.621 bo 3 (75s)
  [pruned d=0.01 fg lr=0.001875 s2] step 3000/6450 val 0.7988 test 0.8046 loss 1.079 bo 3 (102s)
  [pruned d=0.01 fg lr=0.001875 s2] step 4000/6450 val 0.8312 test 0.8395 loss 0.649 bo 3 (129s)
  [pruned d=0.01 fg lr=0.001875 s2] step 5000/6450 val 0.8462 test 0.8558 loss 0.845 bo 3 (157s)
  [pruned d=0.01 fg lr=0.001875 s2] step 6000/6450 val 0.8576 test 0.8644 loss 0.964 bo 3 (184s)
  [pruned d=0.01 fg lr=0.001875 s2] step 6450/6450 val 0.8572 test 0.8642 loss 0.497 bo 3 (196s)
  -> results\p3\h3\pruned_d0.01\fg\seed2.json val 0.8572 test 0.8642 acc0 0.378 backoffs 3 perturbed 20,031 (196s)
  [random_degree d=0.01 bp lr=0.3 s2] step 1000/6450 val 0.9480 test 0.9456 loss 0.224 bo 0 (2s)
  [random_degree d=0.01 bp lr=0.3 s2] step 2000/6450 val 0.9600 test 0.9575 loss 0.089 bo 0 (4s)
  [random_degree d=0.01 bp lr=0.3 s2] step 3000/6450 val 0.9660 test 0.9660 loss 0.081 bo 0 (6s)
  [random_degree d=0.01 bp lr=0.3 s2] step 4000/6450 val 0.9704 test 0.9715 loss 0.018 bo 0 (8s)
  [random_degree d=0.01 bp lr=0.3 s2] step 5000/6450 val 0.9704 test 0.9716 loss 0.004 bo 0 (10s)
  [random_degree d=0.01 bp lr=0.3 s2] step 6000/6450 val 0.9710 test 0.9724 loss 0.002 bo 0 (12s)
  [random_degree d=0.01 bp lr=0.3 s2] step 6450/6450 val 0.9708 test 0.9725 loss 0.002 bo 0 (13s)
  -> results\p3\h3\random_degree_d0.01\bp\seed2.json val 0.9708 test 0.9725 acc0 0.110 backoffs 0 perturbed 20,031 (13s)
  [random_degree d=0.01 dfa s2] diverged at step 475: restore to 200 + lr -> 0.035 (backoff 1)
  [random_degree d=0.01 dfa lr=0.035 s2] step 1000/6450 val 0.9278 test 0.9269 loss 0.769 bo 1 (2s)
  [random_degree d=0.01 dfa lr=0.035 s2] step 2000/6450 val 0.9298 test 0.9245 loss 0.425 bo 1 (4s)
  [random_degree d=0.01 dfa lr=0.035 s2] step 3000/6450 val 0.8756 test 0.8824 loss 1.372 bo 1 (5s)
  [random_degree d=0.01 dfa lr=0.035 s2] step 4000/6450 val 0.9526 test 0.9423 loss 1.257 bo 1 (7s)
  [random_degree d=0.01 dfa lr=0.035 s2] step 5000/6450 val 0.9544 test 0.9508 loss 0.721 bo 1 (8s)
  [random_degree d=0.01 dfa lr=0.035 s2] step 6000/6450 val 0.9540 test 0.9524 loss 0.195 bo 1 (9s)
  [random_degree d=0.01 dfa lr=0.035 s2] step 6450/6450 val 0.9554 test 0.9539 loss 0.164 bo 1 (10s)
  -> results\p3\h3\random_degree_d0.01\dfa\seed2.json val 0.9551 test 0.9539 acc0 0.110 backoffs 1 perturbed 20,031 (10s)
  [random_degree d=0.01 np s2] diverged at step 447: restore to 200 + lr -> 0.0075 (backoff 1)
  [random_degree d=0.01 np s2] diverged at step 829: restore to 600 + lr -> 0.00375 (backoff 2)
  [random_degree d=0.01 np lr=0.00375 s2] step 1000/6450 val 0.7964 test 0.7992 loss 0.733 bo 2 (4s)
  [random_degree d=0.01 np s2] diverged at step 1977: restore to 1700 + lr -> 0.001875 (backoff 3)
  [random_degree d=0.01 np lr=0.001875 s2] step 2000/6450 val 0.7222 test 0.7391 loss 1.043 bo 3 (6s)
  [random_degree d=0.01 np lr=0.001875 s2] step 3000/6450 val 0.8234 test 0.8348 loss 0.519 bo 3 (9s)
  [random_degree d=0.01 np lr=0.001875 s2] step 4000/6450 val 0.8444 test 0.8564 loss 0.852 bo 3 (11s)
  [random_degree d=0.01 np lr=0.001875 s2] step 5000/6450 val 0.8660 test 0.8738 loss 0.522 bo 3 (13s)
  [random_degree d=0.01 np lr=0.001875 s2] step 6000/6450 val 0.8730 test 0.8814 loss 0.462 bo 3 (15s)
  [random_degree d=0.01 np lr=0.001875 s2] step 6450/6450 val 0.8738 test 0.8817 loss 0.435 bo 3 (16s)
  -> results\p3\h3\random_degree_d0.01\np\seed2.json val 0.8737 test 0.8817 acc0 0.110 backoffs 3 perturbed 20,031 (16s)
  [random_degree d=0.01 fg s2] diverged at step 310: restore to 100 + lr -> 0.015 (backoff 1)
  [random_degree d=0.01 fg s2] diverged at step 473: restore to 200 + lr -> 0.0075 (backoff 2)
  [random_degree d=0.01 fg s2] diverged at step 757: restore to 500 + lr -> 0.00375 (backoff 3)
  [random_degree d=0.01 fg lr=0.00375 s2] step 1000/6450 val 0.6712 test 0.6803 loss 0.967 bo 3 (47s)
  [random_degree d=0.01 fg s2] diverged at step 1209: restore to 1000 + lr -> 0.001875 (backoff 4)
  [random_degree d=0.01 fg lr=0.001875 s2] step 2000/6450 val 0.7348 test 0.7483 loss 0.806 bo 4 (80s)
  [random_degree d=0.01 fg lr=0.001875 s2] step 3000/6450 val 0.6596 test 0.6675 loss 2.077 bo 4 (107s)
  [random_degree d=0.01 fg s2] diverged at step 3563: restore to 3300 + lr -> 0.0009375 (backoff 5)
  [random_degree d=0.01 fg lr=0.0009375 s2] step 4000/6450 val 0.7432 test 0.7476 loss 4.149 bo 5 (141s)
  [random_degree d=0.01 fg lr=0.0009375 s2] step 5000/6450 val 0.7900 test 0.7884 loss 3.835 bo 5 (168s)
  [random_degree d=0.01 fg lr=0.0009375 s2] step 6000/6450 val 0.8000 test 0.7970 loss 6.570 bo 5 (195s)
  [random_degree d=0.01 fg lr=0.0009375 s2] step 6450/6450 val 0.8008 test 0.7973 loss 5.328 bo 5 (207s)
  -> results\p3\h3\random_degree_d0.01\fg\seed2.json val 0.8008 test 0.7973 acc0 0.110 backoffs 5 perturbed 20,031 (207s)
  [random_mask d=0.01 bp lr=0.3 s2] step 1000/6450 val 0.9116 test 0.9181 loss 0.350 bo 0 (2s)
  [random_mask d=0.01 bp lr=0.3 s2] step 2000/6450 val 0.9270 test 0.9347 loss 0.176 bo 0 (4s)
  [random_mask d=0.01 bp lr=0.3 s2] step 3000/6450 val 0.9486 test 0.9493 loss 0.202 bo 0 (5s)
  [random_mask d=0.01 bp lr=0.3 s2] step 4000/6450 val 0.9554 test 0.9566 loss 0.187 bo 0 (7s)
  [random_mask d=0.01 bp lr=0.3 s2] step 5000/6450 val 0.9566 test 0.9607 loss 0.090 bo 0 (9s)
  [random_mask d=0.01 bp lr=0.3 s2] step 6000/6450 val 0.9590 test 0.9620 loss 0.037 bo 0 (11s)
  [random_mask d=0.01 bp lr=0.3 s2] step 6450/6450 val 0.9596 test 0.9620 loss 0.050 bo 0 (12s)
  -> results\p3\h3\random_mask_d0.01\bp\seed2.json val 0.9596 test 0.9620 acc0 0.097 backoffs 0 perturbed 20,673 (12s)
  [random_mask d=0.01 dfa lr=0.017 s2] step 1000/6450 val 0.7996 test 0.8033 loss 0.870 bo 0 (2s)
  [random_mask d=0.01 dfa lr=0.017 s2] step 2000/6450 val 0.7908 test 0.7999 loss 3.151 bo 0 (3s)
  [random_mask d=0.01 dfa lr=0.017 s2] step 3000/6450 val 0.8044 test 0.8125 loss 6.343 bo 0 (5s)
  [random_mask d=0.01 dfa lr=0.017 s2] step 4000/6450 val 0.8414 test 0.8542 loss 5.671 bo 0 (6s)
  [random_mask d=0.01 dfa lr=0.017 s2] step 5000/6450 val 0.8790 test 0.8787 loss 1.616 bo 0 (8s)
  [random_mask d=0.01 dfa lr=0.017 s2] step 6000/6450 val 0.8958 test 0.9014 loss 0.987 bo 0 (9s)
  [random_mask d=0.01 dfa lr=0.017 s2] step 6450/6450 val 0.8982 test 0.9021 loss 0.718 bo 0 (10s)
  -> results\p3\h3\random_mask_d0.01\dfa\seed2.json val 0.8978 test 0.9022 acc0 0.097 backoffs 0 perturbed 20,673 (10s)
  [random_mask d=0.01 np s2] diverged at step 386: restore to 100 + lr -> 0.015 (backoff 1)
  [random_mask d=0.01 np s2] diverged at step 702: restore to 500 + lr -> 0.0075 (backoff 2)
  [random_mask d=0.01 np lr=0.0075 s2] step 1000/6450 val 0.5708 test 0.5736 loss 1.870 bo 2 (3s)
  [random_mask d=0.01 np s2] diverged at step 1283: restore to 1000 + lr -> 0.00375 (backoff 3)
  [random_mask d=0.01 np lr=0.00375 s2] step 2000/6450 val 0.7614 test 0.7669 loss 1.110 bo 3 (6s)
  [random_mask d=0.01 np s2] diverged at step 2976: restore to 2700 + lr -> 0.001875 (backoff 4)
  [random_mask d=0.01 np lr=0.001875 s2] step 3000/6450 val 0.7530 test 0.7541 loss 1.444 bo 4 (8s)
  [random_mask d=0.01 np lr=0.001875 s2] step 4000/6450 val 0.7752 test 0.7790 loss 2.204 bo 4 (11s)
  [random_mask d=0.01 np lr=0.001875 s2] step 5000/6450 val 0.8190 test 0.8222 loss 1.241 bo 4 (13s)
  [random_mask d=0.01 np lr=0.001875 s2] step 6000/6450 val 0.8218 test 0.8306 loss 1.144 bo 4 (15s)
  [random_mask d=0.01 np lr=0.001875 s2] step 6450/6450 val 0.8250 test 0.8327 loss 0.972 bo 4 (16s)
  -> results\p3\h3\random_mask_d0.01\np\seed2.json val 0.8251 test 0.8327 acc0 0.097 backoffs 4 perturbed 20,673 (16s)
  [random_mask d=0.01 fg s2] diverged at step 432: restore to 200 + lr -> 0.015 (backoff 1)
  [random_mask d=0.01 fg s2] diverged at step 710: restore to 500 + lr -> 0.0075 (backoff 2)
  [random_mask d=0.01 fg lr=0.0075 s2] step 1000/6450 val 0.7078 test 0.7352 loss 0.828 bo 2 (39s)
  [random_mask d=0.01 fg s2] diverged at step 1342: restore to 1100 + lr -> 0.00375 (backoff 3)
  [random_mask d=0.01 fg lr=0.00375 s2] step 2000/6450 val 0.7708 test 0.7846 loss 0.706 bo 3 (73s)
  [random_mask d=0.01 fg lr=0.00375 s2] step 3000/6450 val 0.7726 test 0.7702 loss 1.120 bo 3 (100s)
  [random_mask d=0.01 fg lr=0.00375 s2] step 4000/6450 val 0.7806 test 0.7842 loss 0.910 bo 3 (127s)
  [random_mask d=0.01 fg lr=0.00375 s2] step 5000/6450 val 0.8026 test 0.8145 loss 0.595 bo 3 (154s)
  [random_mask d=0.01 fg lr=0.00375 s2] step 6000/6450 val 0.8176 test 0.8230 loss 1.269 bo 3 (181s)
  [random_mask d=0.01 fg lr=0.00375 s2] step 6450/6450 val 0.8196 test 0.8232 loss 0.538 bo 3 (193s)
  -> results\p3\h3\random_mask_d0.01\fg\seed2.json val 0.8196 test 0.8232 acc0 0.097 backoffs 3 perturbed 20,673 (193s)
  [dense_small d=0.01 bp lr=0.07 s2] step 1000/6450 val 0.9476 test 0.9445 loss 0.357 bo 0 (1s)
  [dense_small d=0.01 bp lr=0.07 s2] step 2000/6450 val 0.9542 test 0.9550 loss 0.117 bo 0 (3s)
  [dense_small d=0.01 bp lr=0.07 s2] step 3000/6450 val 0.9606 test 0.9626 loss 0.151 bo 0 (4s)
  [dense_small d=0.01 bp lr=0.07 s2] step 4000/6450 val 0.9684 test 0.9648 loss 0.079 bo 0 (6s)
  [dense_small d=0.01 bp lr=0.07 s2] step 5000/6450 val 0.9676 test 0.9662 loss 0.040 bo 0 (8s)
  [dense_small d=0.01 bp lr=0.07 s2] step 6000/6450 val 0.9694 test 0.9662 loss 0.011 bo 0 (9s)
  [dense_small d=0.01 bp lr=0.07 s2] step 6450/6450 val 0.9698 test 0.9664 loss 0.018 bo 0 (10s)
  -> results\p3\h3\dense_small_d0.01\bp\seed2.json val 0.9698 test 0.9664 acc0 0.088 backoffs 0 perturbed 18,847 (10s)
  [dense_small d=0.01 dfa s2] diverged at step 65: restore to 0 + lr -> 0.035 (backoff 1)
  [dense_small d=0.01 dfa s2] diverged at step 222: restore to 0 + lr -> 0.0175 (backoff 2)
  [dense_small d=0.01 dfa s2] diverged at step 503: restore to 300 + lr -> 0.00875 (backoff 3)
  [dense_small d=0.01 dfa lr=0.00875 s2] step 1000/6450 val 0.9030 test 0.9060 loss 1.846 bo 3 (2s)
  [dense_small d=0.01 dfa lr=0.00875 s2] step 2000/6450 val 0.9066 test 0.9120 loss 0.965 bo 3 (3s)
  [dense_small d=0.01 dfa lr=0.00875 s2] step 3000/6450 val 0.8714 test 0.8765 loss 0.586 bo 3 (4s)
  [dense_small d=0.01 dfa lr=0.00875 s2] step 4000/6450 val 0.9444 test 0.9439 loss 0.271 bo 3 (5s)
  [dense_small d=0.01 dfa lr=0.00875 s2] step 5000/6450 val 0.9430 test 0.9446 loss 0.177 bo 3 (6s)
  [dense_small d=0.01 dfa lr=0.00875 s2] step 6000/6450 val 0.9510 test 0.9504 loss 0.183 bo 3 (8s)
  [dense_small d=0.01 dfa lr=0.00875 s2] step 6450/6450 val 0.9498 test 0.9500 loss 0.096 bo 3 (8s)
  -> results\p3\h3\dense_small_d0.01\dfa\seed2.json val 0.9498 test 0.9499 acc0 0.088 backoffs 3 perturbed 18,847 (8s)
  [dense_small d=0.01 np lr=0.0017 s2] step 1000/6450 val 0.7980 test 0.7923 loss 0.722 bo 0 (2s)
  [dense_small d=0.01 np lr=0.0017 s2] step 2000/6450 val 0.8642 test 0.8686 loss 0.474 bo 0 (4s)
  [dense_small d=0.01 np lr=0.0017 s2] step 3000/6450 val 0.8858 test 0.8871 loss 0.468 bo 0 (6s)
  [dense_small d=0.01 np lr=0.0017 s2] step 4000/6450 val 0.8982 test 0.8919 loss 0.362 bo 0 (7s)
  [dense_small d=0.01 np lr=0.0017 s2] step 5000/6450 val 0.9110 test 0.9111 loss 0.208 bo 0 (9s)
  [dense_small d=0.01 np lr=0.0017 s2] step 6000/6450 val 0.9148 test 0.9170 loss 0.230 bo 0 (11s)
  [dense_small d=0.01 np lr=0.0017 s2] step 6450/6450 val 0.9160 test 0.9170 loss 0.265 bo 0 (12s)
  -> results\p3\h3\dense_small_d0.01\np\seed2.json val 0.9159 test 0.9170 acc0 0.088 backoffs 0 perturbed 18,847 (12s)
  [dense_small d=0.01 fg lr=0.0008 s2] step 1000/6450 val 0.8040 test 0.8040 loss 0.579 bo 0 (14s)
  [dense_small d=0.01 fg lr=0.0008 s2] step 2000/6450 val 0.7446 test 0.7541 loss 1.106 bo 0 (28s)
  [dense_small d=0.01 fg lr=0.0008 s2] step 3000/6450 val 0.6982 test 0.7108 loss 1.486 bo 0 (42s)
  [dense_small d=0.01 fg lr=0.0008 s2] step 4000/6450 val 0.7440 test 0.7581 loss 0.950 bo 0 (57s)
  [dense_small d=0.01 fg lr=0.0008 s2] step 5000/6450 val 0.7620 test 0.7722 loss 0.836 bo 0 (71s)
  [dense_small d=0.01 fg lr=0.0008 s2] step 6000/6450 val 0.7716 test 0.7821 loss 0.647 bo 0 (85s)
  [dense_small d=0.01 fg lr=0.0008 s2] step 6450/6450 val 0.7720 test 0.7823 loss 1.097 bo 0 (92s)
  -> results\p3\h3\dense_small_d0.01\fg\seed2.json val 0.7719 test 0.7822 acc0 0.088 backoffs 0 perturbed 18,847 (92s)
  [pruned_reinit d=0.01 bp lr=0.3 s2] step 1000/6450 val 0.9614 test 0.9630 loss 0.221 bo 0 (2s)
  [pruned_reinit d=0.01 bp lr=0.3 s2] step 2000/6450 val 0.9754 test 0.9729 loss 0.033 bo 0 (4s)
  [pruned_reinit d=0.01 bp lr=0.3 s2] step 3000/6450 val 0.9788 test 0.9752 loss 0.097 bo 0 (6s)
  [pruned_reinit d=0.01 bp lr=0.3 s2] step 4000/6450 val 0.9850 test 0.9781 loss 0.005 bo 0 (8s)
  [pruned_reinit d=0.01 bp lr=0.3 s2] step 5000/6450 val 0.9830 test 0.9807 loss 0.003 bo 0 (10s)
  [pruned_reinit d=0.01 bp lr=0.3 s2] step 6000/6450 val 0.9834 test 0.9803 loss 0.002 bo 0 (12s)
  [pruned_reinit d=0.01 bp lr=0.3 s2] step 6450/6450 val 0.9834 test 0.9802 loss 0.001 bo 0 (13s)
  -> results\p3\h3\pruned_reinit_d0.01\bp\seed2.json val 0.9834 test 0.9802 acc0 0.097 backoffs 0 perturbed 20,031 (13s)
  [pruned_reinit d=0.01 dfa s2] diverged at step 164: restore to 0 + lr -> 0.075 (backoff 1)
  [pruned_reinit d=0.01 dfa s2] diverged at step 324: restore to 100 + lr -> 0.0375 (backoff 2)
  [pruned_reinit d=0.01 dfa s2] diverged at step 736: restore to 500 + lr -> 0.01875 (backoff 3)
  [pruned_reinit d=0.01 dfa lr=0.01875 s2] step 1000/6450 val 0.8908 test 0.8831 loss 2.623 bo 3 (2s)
  [pruned_reinit d=0.01 dfa lr=0.01875 s2] step 2000/6450 val 0.9394 test 0.9374 loss 2.541 bo 3 (4s)
  [pruned_reinit d=0.01 dfa lr=0.01875 s2] step 3000/6450 val 0.9382 test 0.9417 loss 3.510 bo 3 (5s)
  [pruned_reinit d=0.01 dfa lr=0.01875 s2] step 4000/6450 val 0.9564 test 0.9603 loss 1.302 bo 3 (7s)
  [pruned_reinit d=0.01 dfa lr=0.01875 s2] step 5000/6450 val 0.9568 test 0.9583 loss 1.324 bo 3 (9s)
  [pruned_reinit d=0.01 dfa lr=0.01875 s2] step 6000/6450 val 0.9624 test 0.9622 loss 0.241 bo 3 (10s)
  [pruned_reinit d=0.01 dfa lr=0.01875 s2] step 6450/6450 val 0.9624 test 0.9627 loss 0.958 bo 3 (11s)
  -> results\p3\h3\pruned_reinit_d0.01\dfa\seed2.json val 0.9624 test 0.9625 acc0 0.097 backoffs 3 perturbed 20,031 (11s)
  [pruned_reinit d=0.01 np s2] diverged at step 806: restore to 600 + lr -> 0.0035 (backoff 1)
  [pruned_reinit d=0.01 np lr=0.0035 s2] step 1000/6450 val 0.6406 test 0.6486 loss 1.669 bo 1 (2s)
  [pruned_reinit d=0.01 np lr=0.0035 s2] step 2000/6450 val 0.6034 test 0.5992 loss 2.503 bo 1 (5s)
  [pruned_reinit d=0.01 np s2] diverged at step 2352: restore to 2100 + lr -> 0.00175 (backoff 2)
  [pruned_reinit d=0.01 np lr=0.00175 s2] step 3000/6450 val 0.7028 test 0.6985 loss 3.573 bo 2 (7s)
  [pruned_reinit d=0.01 np lr=0.00175 s2] step 4000/6450 val 0.8304 test 0.8398 loss 0.870 bo 2 (9s)
  [pruned_reinit d=0.01 np lr=0.00175 s2] step 5000/6450 val 0.8652 test 0.8752 loss 0.797 bo 2 (11s)
  [pruned_reinit d=0.01 np lr=0.00175 s2] step 6000/6450 val 0.8788 test 0.8855 loss 1.411 bo 2 (14s)
  [pruned_reinit d=0.01 np lr=0.00175 s2] step 6450/6450 val 0.8796 test 0.8868 loss 0.504 bo 2 (15s)
  -> results\p3\h3\pruned_reinit_d0.01\np\seed2.json val 0.8797 test 0.8868 acc0 0.097 backoffs 2 perturbed 20,031 (15s)
  [pruned_reinit d=0.01 fg s2] diverged at step 310: restore to 100 + lr -> 0.015 (backoff 1)
  [pruned_reinit d=0.01 fg s2] diverged at step 454: restore to 200 + lr -> 0.0075 (backoff 2)
  [pruned_reinit d=0.01 fg s2] diverged at step 706: restore to 500 + lr -> 0.00375 (backoff 3)
  [pruned_reinit d=0.01 fg lr=0.00375 s2] step 1000/6450 val 0.7518 test 0.7668 loss 0.901 bo 3 (45s)
  [pruned_reinit d=0.01 fg s2] diverged at step 1190: restore to 900 + lr -> 0.001875 (backoff 4)
  [pruned_reinit d=0.01 fg lr=0.001875 s2] step 1000/6450 val 0.7886 test 0.8040 loss 0.724 bo 4 (53s)
  [pruned_reinit d=0.01 fg lr=0.001875 s2] step 2000/6450 val 0.8186 test 0.8308 loss 0.720 bo 4 (80s)
  [pruned_reinit d=0.01 fg lr=0.001875 s2] step 3000/6450 val 0.7930 test 0.8034 loss 0.894 bo 4 (107s)
  [pruned_reinit d=0.01 fg lr=0.001875 s2] step 4000/6450 val 0.8012 test 0.8081 loss 1.055 bo 4 (134s)
  [pruned_reinit d=0.01 fg lr=0.001875 s2] step 5000/6450 val 0.8334 test 0.8331 loss 0.842 bo 4 (160s)
  [pruned_reinit d=0.01 fg lr=0.001875 s2] step 6000/6450 val 0.8424 test 0.8455 loss 0.613 bo 4 (187s)
  [pruned_reinit d=0.01 fg lr=0.001875 s2] step 6450/6450 val 0.8436 test 0.8456 loss 0.947 bo 4 (199s)
  -> results\p3\h3\pruned_reinit_d0.01\fg\seed2.json val 0.8434 test 0.8455 acc0 0.097 backoffs 4 perturbed 20,031 (199s)
==== stage h3 end 18:22:49
==== stage h3long start 18:22:49
  [pruned d=0.005 fg s0] diverged at step 371: restore to 100 + lr -> 0.015 (backoff 1)
  [pruned d=0.005 fg s0] diverged at step 550: restore to 300 + lr -> 0.0075 (backoff 2)
  [pruned d=0.005 fg s0] diverged at step 993: restore to 700 + lr -> 0.00375 (backoff 3)
  [pruned d=0.005 fg lr=0.00375 s0] step 1000/19350 val 0.7844 test 0.7909 loss 0.863 bo 3 (48s)
  [pruned d=0.005 fg lr=0.00375 s0] step 2000/19350 val 0.7330 test 0.7466 loss 0.855 bo 3 (76s)
  [pruned d=0.005 fg s0] diverged at step 2196: restore to 1900 + lr -> 0.001875 (backoff 4)
  [pruned d=0.005 fg lr=0.001875 s0] step 2000/19350 val 0.8048 test 0.8132 loss 0.691 bo 4 (83s)
  [pruned d=0.005 fg lr=0.001875 s0] step 3000/19350 val 0.8190 test 0.8263 loss 0.902 bo 4 (111s)
  [pruned d=0.005 fg lr=0.001875 s0] step 4000/19350 val 0.8064 test 0.8173 loss 0.802 bo 4 (138s)
  [pruned d=0.005 fg lr=0.001875 s0] step 5000/19350 val 0.7376 test 0.7412 loss 2.244 bo 4 (164s)
  [pruned d=0.005 fg lr=0.001875 s0] step 6000/19350 val 0.6450 test 0.6620 loss 14.719 bo 4 (191s)
  [pruned d=0.005 fg s0] diverged at step 6014: restore to 5800 + lr -> 0.0009375 (backoff 5)
  [pruned d=0.005 fg lr=0.0009375 s0] step 6000/19350 val 0.7352 test 0.7430 loss 3.706 bo 5 (197s)
  [pruned d=0.005 fg lr=0.0009375 s0] step 7000/19350 val 0.7662 test 0.7748 loss 4.213 bo 5 (224s)
  [pruned d=0.005 fg lr=0.0009375 s0] step 8000/19350 val 0.7826 test 0.8059 loss 5.133 bo 5 (251s)
  [pruned d=0.005 fg lr=0.0009375 s0] step 9000/19350 val 0.7872 test 0.7988 loss 3.637 bo 5 (277s)
  [pruned d=0.005 fg lr=0.0009375 s0] step 10000/19350 val 0.7932 test 0.8003 loss 7.150 bo 5 (304s)
  [pruned d=0.005 fg lr=0.0009375 s0] step 11000/19350 val 0.8036 test 0.8129 loss 7.895 bo 5 (331s)
  [pruned d=0.005 fg lr=0.0009375 s0] step 12000/19350 val 0.8088 test 0.8261 loss 4.695 bo 5 (358s)
  [pruned d=0.005 fg lr=0.0009375 s0] step 13000/19350 val 0.8230 test 0.8457 loss 3.540 bo 5 (385s)
  [pruned d=0.005 fg lr=0.0009375 s0] step 14000/19350 val 0.8404 test 0.8556 loss 4.648 bo 5 (412s)
  [pruned d=0.005 fg lr=0.0009375 s0] step 15000/19350 val 0.8462 test 0.8612 loss 4.285 bo 5 (439s)
  [pruned d=0.005 fg lr=0.0009375 s0] step 16000/19350 val 0.8508 test 0.8621 loss 5.014 bo 5 (466s)
  [pruned d=0.005 fg lr=0.0009375 s0] step 17000/19350 val 0.8558 test 0.8630 loss 4.426 bo 5 (493s)
  [pruned d=0.005 fg lr=0.0009375 s0] step 18000/19350 val 0.8566 test 0.8624 loss 2.317 bo 5 (520s)
  [pruned d=0.005 fg lr=0.0009375 s0] step 19000/19350 val 0.8574 test 0.8646 loss 3.009 bo 5 (547s)
  [pruned d=0.005 fg lr=0.0009375 s0] step 19350/19350 val 0.8576 test 0.8645 loss 2.788 bo 5 (557s)
  -> results\p3\h3long\pruned_d0.005\fg\seed0.json val 0.8576 test 0.8645 acc0 0.097 backoffs 5 perturbed 10,354 (557s)
  [pruned d=0.005 np s0] diverged at step 314: restore to 100 + lr -> 0.015 (backoff 1)
  [pruned d=0.005 np s0] diverged at step 514: restore to 300 + lr -> 0.0075 (backoff 2)
  [pruned d=0.005 np s0] diverged at step 818: restore to 600 + lr -> 0.00375 (backoff 3)
  [pruned d=0.005 np lr=0.00375 s0] step 1000/19350 val 0.7686 test 0.7796 loss 1.056 bo 3 (3s)
  [pruned d=0.005 np lr=0.00375 s0] step 2000/19350 val 0.7596 test 0.7714 loss 0.929 bo 3 (5s)
  [pruned d=0.005 np s0] diverged at step 2702: restore to 2500 + lr -> 0.001875 (backoff 4)
  [pruned d=0.005 np lr=0.001875 s0] step 3000/19350 val 0.8078 test 0.8197 loss 1.192 bo 4 (8s)
  [pruned d=0.005 np lr=0.001875 s0] step 4000/19350 val 0.8498 test 0.8565 loss 0.413 bo 4 (10s)
  [pruned d=0.005 np lr=0.001875 s0] step 5000/19350 val 0.8752 test 0.8796 loss 0.923 bo 4 (12s)
  [pruned d=0.005 np lr=0.001875 s0] step 6000/19350 val 0.7722 test 0.7774 loss 1.195 bo 4 (14s)
  [pruned d=0.005 np lr=0.001875 s0] step 7000/19350 val 0.8568 test 0.8613 loss 0.975 bo 4 (17s)
  [pruned d=0.005 np lr=0.001875 s0] step 8000/19350 val 0.8700 test 0.8753 loss 0.662 bo 4 (19s)
  [pruned d=0.005 np lr=0.001875 s0] step 9000/19350 val 0.8596 test 0.8673 loss 0.799 bo 4 (21s)
  [pruned d=0.005 np lr=0.001875 s0] step 10000/19350 val 0.8686 test 0.8716 loss 0.519 bo 4 (23s)
  [pruned d=0.005 np lr=0.001875 s0] step 11000/19350 val 0.8692 test 0.8735 loss 0.533 bo 4 (25s)
  [pruned d=0.005 np lr=0.001875 s0] step 12000/19350 val 0.9012 test 0.9087 loss 0.346 bo 4 (27s)
  [pruned d=0.005 np lr=0.001875 s0] step 13000/19350 val 0.8992 test 0.9079 loss 0.386 bo 4 (29s)
  [pruned d=0.005 np lr=0.001875 s0] step 14000/19350 val 0.9174 test 0.9232 loss 0.425 bo 4 (31s)
  [pruned d=0.005 np lr=0.001875 s0] step 15000/19350 val 0.9190 test 0.9248 loss 0.452 bo 4 (33s)
  [pruned d=0.005 np lr=0.001875 s0] step 16000/19350 val 0.9170 test 0.9249 loss 0.366 bo 4 (36s)
  [pruned d=0.005 np lr=0.001875 s0] step 17000/19350 val 0.9202 test 0.9278 loss 0.641 bo 4 (38s)
  [pruned d=0.005 np lr=0.001875 s0] step 18000/19350 val 0.9190 test 0.9280 loss 0.221 bo 4 (40s)
  [pruned d=0.005 np lr=0.001875 s0] step 19000/19350 val 0.9200 test 0.9284 loss 1.044 bo 4 (42s)
  [pruned d=0.005 np lr=0.001875 s0] step 19350/19350 val 0.9202 test 0.9284 loss 0.460 bo 4 (43s)
  -> results\p3\h3long\pruned_d0.005\np\seed0.json val 0.9202 test 0.9284 acc0 0.097 backoffs 4 perturbed 10,354 (43s)
  [dense_small d=0.005 fg lr=0.0008 s0] step 1000/19350 val 0.7582 test 0.7709 loss 0.877 bo 0 (14s)
  [dense_small d=0.005 fg lr=0.0008 s0] step 2000/19350 val 0.7260 test 0.7407 loss 0.727 bo 0 (28s)
  [dense_small d=0.005 fg lr=0.0008 s0] step 3000/19350 val 0.6712 test 0.6755 loss 1.253 bo 0 (42s)
  [dense_small d=0.005 fg lr=0.0008 s0] step 4000/19350 val 0.6600 test 0.6621 loss 1.151 bo 0 (56s)
  [dense_small d=0.005 fg lr=0.0008 s0] step 5000/19350 val 0.6088 test 0.6260 loss 1.269 bo 0 (70s)
  [dense_small d=0.005 fg lr=0.0008 s0] step 6000/19350 val 0.6462 test 0.6614 loss 1.174 bo 0 (84s)
  [dense_small d=0.005 fg lr=0.0008 s0] step 7000/19350 val 0.6906 test 0.6896 loss 0.936 bo 0 (98s)
  [dense_small d=0.005 fg lr=0.0008 s0] step 8000/19350 val 0.7020 test 0.7099 loss 0.962 bo 0 (112s)
  [dense_small d=0.005 fg lr=0.0008 s0] step 9000/19350 val 0.7102 test 0.7155 loss 0.864 bo 0 (126s)
  [dense_small d=0.005 fg lr=0.0008 s0] step 10000/19350 val 0.7142 test 0.7287 loss 0.864 bo 0 (140s)
  [dense_small d=0.005 fg lr=0.0008 s0] step 11000/19350 val 0.7170 test 0.7282 loss 0.959 bo 0 (154s)
  [dense_small d=0.005 fg lr=0.0008 s0] step 12000/19350 val 0.7232 test 0.7284 loss 1.032 bo 0 (168s)
  [dense_small d=0.005 fg lr=0.0008 s0] step 13000/19350 val 0.7414 test 0.7478 loss 0.808 bo 0 (182s)
  [dense_small d=0.005 fg lr=0.0008 s0] step 14000/19350 val 0.7540 test 0.7574 loss 0.880 bo 0 (196s)
  [dense_small d=0.005 fg lr=0.0008 s0] step 15000/19350 val 0.7572 test 0.7648 loss 0.646 bo 0 (211s)
  [dense_small d=0.005 fg lr=0.0008 s0] step 16000/19350 val 0.7572 test 0.7647 loss 0.693 bo 0 (225s)
  [dense_small d=0.005 fg lr=0.0008 s0] step 17000/19350 val 0.7600 test 0.7679 loss 0.551 bo 0 (239s)
  [dense_small d=0.005 fg lr=0.0008 s0] step 18000/19350 val 0.7626 test 0.7701 loss 0.649 bo 0 (253s)
  [dense_small d=0.005 fg lr=0.0008 s0] step 19000/19350 val 0.7616 test 0.7699 loss 0.783 bo 0 (267s)
  [dense_small d=0.005 fg lr=0.0008 s0] step 19350/19350 val 0.7616 test 0.7700 loss 0.757 bo 0 (272s)
  -> results\p3\h3long\dense_small_d0.005\fg\seed0.json val 0.7616 test 0.7700 acc0 0.116 backoffs 0 perturbed 9,706 (272s)
  [dense_small d=0.005 np lr=0.0017 s0] step 1000/19350 val 0.8330 test 0.8399 loss 0.629 bo 0 (2s)
  [dense_small d=0.005 np lr=0.0017 s0] step 2000/19350 val 0.8392 test 0.8410 loss 0.414 bo 0 (3s)
  [dense_small d=0.005 np lr=0.0017 s0] step 3000/19350 val 0.8650 test 0.8616 loss 0.444 bo 0 (5s)
  [dense_small d=0.005 np lr=0.0017 s0] step 4000/19350 val 0.8716 test 0.8736 loss 0.533 bo 0 (7s)
  [dense_small d=0.005 np lr=0.0017 s0] step 5000/19350 val 0.8718 test 0.8692 loss 0.517 bo 0 (9s)
  [dense_small d=0.005 np lr=0.0017 s0] step 6000/19350 val 0.8822 test 0.8832 loss 0.437 bo 0 (11s)
  [dense_small d=0.005 np lr=0.0017 s0] step 7000/19350 val 0.8950 test 0.8941 loss 0.394 bo 0 (12s)
  [dense_small d=0.005 np lr=0.0017 s0] step 8000/19350 val 0.8942 test 0.8890 loss 0.424 bo 0 (14s)
  [dense_small d=0.005 np lr=0.0017 s0] step 9000/19350 val 0.8972 test 0.9000 loss 0.351 bo 0 (16s)
  [dense_small d=0.005 np lr=0.0017 s0] step 10000/19350 val 0.9060 test 0.9035 loss 0.468 bo 0 (17s)
  [dense_small d=0.005 np lr=0.0017 s0] step 11000/19350 val 0.9080 test 0.9093 loss 0.209 bo 0 (19s)
  [dense_small d=0.005 np lr=0.0017 s0] step 12000/19350 val 0.9110 test 0.9135 loss 0.304 bo 0 (21s)
  [dense_small d=0.005 np lr=0.0017 s0] step 13000/19350 val 0.9172 test 0.9144 loss 0.331 bo 0 (23s)
  [dense_small d=0.005 np lr=0.0017 s0] step 14000/19350 val 0.9144 test 0.9156 loss 0.191 bo 0 (24s)
  [dense_small d=0.005 np lr=0.0017 s0] step 15000/19350 val 0.9190 test 0.9206 loss 0.245 bo 0 (26s)
  [dense_small d=0.005 np lr=0.0017 s0] step 16000/19350 val 0.9188 test 0.9208 loss 0.264 bo 0 (28s)
  [dense_small d=0.005 np lr=0.0017 s0] step 17000/19350 val 0.9222 test 0.9216 loss 0.186 bo 0 (30s)
  [dense_small d=0.005 np lr=0.0017 s0] step 18000/19350 val 0.9236 test 0.9226 loss 0.332 bo 0 (31s)
  [dense_small d=0.005 np lr=0.0017 s0] step 19000/19350 val 0.9240 test 0.9217 loss 0.166 bo 0 (33s)
  [dense_small d=0.005 np lr=0.0017 s0] step 19350/19350 val 0.9238 test 0.9218 loss 0.201 bo 0 (34s)
  -> results\p3\h3long\dense_small_d0.005\np\seed0.json val 0.9239 test 0.9218 acc0 0.116 backoffs 0 perturbed 9,706 (34s)
  [random_degree d=0.005 fg s0] diverged at step 603: restore to 400 + lr -> 0.0075 (backoff 1)
  [random_degree d=0.005 fg s0] diverged at step 928: restore to 700 + lr -> 0.00375 (backoff 2)
  [random_degree d=0.005 fg lr=0.00375 s0] step 1000/19350 val 0.7646 test 0.7685 loss 0.790 bo 2 (39s)
  [random_degree d=0.005 fg s0] diverged at step 1639: restore to 1400 + lr -> 0.001875 (backoff 3)
  [random_degree d=0.005 fg lr=0.001875 s0] step 2000/19350 val 0.7790 test 0.7862 loss 0.803 bo 3 (73s)
  [random_degree d=0.005 fg lr=0.001875 s0] step 3000/19350 val 0.7300 test 0.7453 loss 1.032 bo 3 (100s)
  [random_degree d=0.005 fg lr=0.001875 s0] step 4000/19350 val 0.6378 test 0.6561 loss 4.980 bo 3 (127s)
  [random_degree d=0.005 fg s0] diverged at step 4245: restore to 4000 + lr -> 0.0009375 (backoff 4)
  [random_degree d=0.005 fg lr=0.0009375 s0] step 5000/19350 val 0.7228 test 0.7263 loss 2.630 bo 4 (161s)
  [random_degree d=0.005 fg lr=0.0009375 s0] step 6000/19350 val 0.7164 test 0.7344 loss 4.386 bo 4 (188s)
  [random_degree d=0.005 fg lr=0.0009375 s0] step 7000/19350 val 0.7180 test 0.7289 loss 7.939 bo 4 (215s)
  [random_degree d=0.005 fg lr=0.0009375 s0] step 8000/19350 val 0.7234 test 0.7331 loss 9.921 bo 4 (242s)
  [random_degree d=0.005 fg s0] diverged at step 8652: restore to 8400 + lr -> 0.00046875 (backoff 5)
  [random_degree d=0.005 fg s0] FAILED after 5 backoffs at step 8862
  -> results\p3\h3long\random_degree_d0.005\fg\seed0.json val 0.7552 test 0.7598 acc0 0.096 backoffs 6 perturbed 10,354 (272s)
  [random_degree d=0.005 np s0] diverged at step 538: restore to 300 + lr -> 0.0075 (backoff 1)
  [random_degree d=0.005 np lr=0.0075 s0] step 1000/19350 val 0.5484 test 0.5670 loss 1.961 bo 1 (3s)
  [random_degree d=0.005 np s0] diverged at step 1050: restore to 800 + lr -> 0.00375 (backoff 2)
  [random_degree d=0.005 np lr=0.00375 s0] step 1000/19350 val 0.7482 test 0.7570 loss 0.732 bo 2 (3s)
  [random_degree d=0.005 np lr=0.00375 s0] step 2000/19350 val 0.6932 test 0.7101 loss 1.041 bo 2 (5s)
  [random_degree d=0.005 np s0] diverged at step 2810: restore to 2600 + lr -> 0.001875 (backoff 3)
  [random_degree d=0.005 np lr=0.001875 s0] step 3000/19350 val 0.7500 test 0.7656 loss 1.264 bo 3 (8s)
  [random_degree d=0.005 np lr=0.001875 s0] step 4000/19350 val 0.7428 test 0.7699 loss 1.657 bo 3 (10s)
  [random_degree d=0.005 np lr=0.001875 s0] step 5000/19350 val 0.7314 test 0.7299 loss 1.913 bo 3 (12s)
  [random_degree d=0.005 np lr=0.001875 s0] step 6000/19350 val 0.6364 test 0.6647 loss 4.963 bo 3 (14s)
  [random_degree d=0.005 np lr=0.001875 s0] step 7000/19350 val 0.6754 test 0.6764 loss 8.898 bo 3 (16s)
  [random_degree d=0.005 np s0] diverged at step 7216: restore to 7000 + lr -> 0.0009375 (backoff 4)
  [random_degree d=0.005 np lr=0.0009375 s0] step 8000/19350 val 0.7604 test 0.7682 loss 2.601 bo 4 (19s)
  [random_degree d=0.005 np lr=0.0009375 s0] step 9000/19350 val 0.7388 test 0.7424 loss 5.898 bo 4 (21s)
  [random_degree d=0.005 np lr=0.0009375 s0] step 10000/19350 val 0.8102 test 0.8240 loss 5.124 bo 4 (23s)
  [random_degree d=0.005 np lr=0.0009375 s0] step 11000/19350 val 0.7680 test 0.7677 loss 4.946 bo 4 (25s)
  [random_degree d=0.005 np lr=0.0009375 s0] step 12000/19350 val 0.8206 test 0.8206 loss 2.057 bo 4 (27s)
  [random_degree d=0.005 np lr=0.0009375 s0] step 13000/19350 val 0.8132 test 0.8188 loss 2.166 bo 4 (30s)
  [random_degree d=0.005 np lr=0.0009375 s0] step 14000/19350 val 0.8446 test 0.8464 loss 2.668 bo 4 (32s)
  [random_degree d=0.005 np lr=0.0009375 s0] step 15000/19350 val 0.8432 test 0.8453 loss 1.318 bo 4 (34s)
  [random_degree d=0.005 np lr=0.0009375 s0] step 16000/19350 val 0.8460 test 0.8450 loss 2.098 bo 4 (36s)
  [random_degree d=0.005 np lr=0.0009375 s0] step 17000/19350 val 0.8546 test 0.8496 loss 1.860 bo 4 (38s)
  [random_degree d=0.005 np lr=0.0009375 s0] step 18000/19350 val 0.8580 test 0.8535 loss 1.893 bo 4 (40s)
  [random_degree d=0.005 np lr=0.0009375 s0] step 19000/19350 val 0.8598 test 0.8538 loss 1.061 bo 4 (42s)
  [random_degree d=0.005 np lr=0.0009375 s0] step 19350/19350 val 0.8600 test 0.8541 loss 1.583 bo 4 (43s)
  -> results\p3\h3long\random_degree_d0.005\np\seed0.json val 0.8600 test 0.8541 acc0 0.096 backoffs 4 perturbed 10,354 (43s)
  [random_mask d=0.005 fg s0] diverged at step 543: restore to 300 + lr -> 0.015 (backoff 1)
  [random_mask d=0.005 fg s0] diverged at step 990: restore to 700 + lr -> 0.0075 (backoff 2)
  [random_mask d=0.005 fg lr=0.0075 s0] step 1000/19350 val 0.6774 test 0.6812 loss 1.059 bo 2 (41s)
  [random_mask d=0.005 fg lr=0.0075 s0] step 2000/19350 val 0.5662 test 0.5788 loss 1.980 bo 2 (68s)
  [random_mask d=0.005 fg s0] diverged at step 2126: restore to 1900 + lr -> 0.00375 (backoff 3)
  [random_mask d=0.005 fg lr=0.00375 s0] step 2000/19350 val 0.6888 test 0.7051 loss 1.281 bo 3 (74s)
  [random_mask d=0.005 fg lr=0.00375 s0] step 3000/19350 val 0.7224 test 0.7356 loss 1.371 bo 3 (101s)
  [random_mask d=0.005 fg lr=0.00375 s0] step 4000/19350 val 0.6932 test 0.7063 loss 1.717 bo 3 (128s)
  [random_mask d=0.005 fg lr=0.00375 s0] step 5000/19350 val 0.6250 test 0.6318 loss 5.172 bo 3 (154s)
  [random_mask d=0.005 fg s0] diverged at step 5285: restore to 5000 + lr -> 0.001875 (backoff 4)
  [random_mask d=0.005 fg lr=0.001875 s0] step 6000/19350 val 0.6660 test 0.6800 loss 5.127 bo 4 (189s)
  [random_mask d=0.005 fg lr=0.001875 s0] step 7000/19350 val 0.6730 test 0.6887 loss 7.851 bo 4 (216s)
  [random_mask d=0.005 fg lr=0.001875 s0] step 8000/19350 val 0.6558 test 0.6747 loss 6.885 bo 4 (243s)
  [random_mask d=0.005 fg lr=0.001875 s0] step 9000/19350 val 0.6744 test 0.6921 loss 5.919 bo 4 (269s)
  [random_mask d=0.005 fg lr=0.001875 s0] step 10000/19350 val 0.6926 test 0.7073 loss 8.205 bo 4 (296s)
  [random_mask d=0.005 fg lr=0.001875 s0] step 11000/19350 val 0.7396 test 0.7366 loss 6.786 bo 4 (322s)
  [random_mask d=0.005 fg lr=0.001875 s0] step 12000/19350 val 0.7332 test 0.7447 loss 5.238 bo 4 (349s)
  [random_mask d=0.005 fg lr=0.001875 s0] step 13000/19350 val 0.7428 test 0.7491 loss 6.587 bo 4 (376s)
  [random_mask d=0.005 fg lr=0.001875 s0] step 14000/19350 val 0.7518 test 0.7620 loss 2.815 bo 4 (402s)
  [random_mask d=0.005 fg lr=0.001875 s0] step 15000/19350 val 0.7644 test 0.7742 loss 4.589 bo 4 (429s)
  [random_mask d=0.005 fg lr=0.001875 s0] step 16000/19350 val 0.7710 test 0.7818 loss 3.180 bo 4 (456s)
  [random_mask d=0.005 fg lr=0.001875 s0] step 17000/19350 val 0.7748 test 0.7818 loss 4.737 bo 4 (483s)
  [random_mask d=0.005 fg lr=0.001875 s0] step 18000/19350 val 0.7764 test 0.7841 loss 6.069 bo 4 (510s)
  [random_mask d=0.005 fg lr=0.001875 s0] step 19000/19350 val 0.7790 test 0.7847 loss 3.174 bo 4 (537s)
  [random_mask d=0.005 fg lr=0.001875 s0] step 19350/19350 val 0.7790 test 0.7847 loss 3.668 bo 4 (546s)
  -> results\p3\h3long\random_mask_d0.005\fg\seed0.json val 0.7791 test 0.7847 acc0 0.096 backoffs 4 perturbed 11,318 (546s)
  [random_mask d=0.005 np s0] diverged at step 492: restore to 200 + lr -> 0.015 (backoff 1)
  [random_mask d=0.005 np s0] diverged at step 1000: restore to 700 + lr -> 0.0075 (backoff 2)
  [random_mask d=0.005 np lr=0.0075 s0] step 1000/19350 val 0.6144 test 0.6273 loss 1.127 bo 2 (3s)
  [random_mask d=0.005 np s0] diverged at step 1762: restore to 1500 + lr -> 0.00375 (backoff 3)
  [random_mask d=0.005 np lr=0.00375 s0] step 2000/19350 val 0.6536 test 0.6639 loss 1.249 bo 3 (6s)
  [random_mask d=0.005 np s0] diverged at step 2998: restore to 2700 + lr -> 0.001875 (backoff 4)
  [random_mask d=0.005 np lr=0.001875 s0] step 3000/19350 val 0.7060 test 0.7141 loss 1.902 bo 4 (9s)
  [random_mask d=0.005 np lr=0.001875 s0] step 4000/19350 val 0.6120 test 0.6125 loss 1.881 bo 4 (11s)
  [random_mask d=0.005 np lr=0.001875 s0] step 5000/19350 val 0.6484 test 0.6569 loss 1.773 bo 4 (13s)
  [random_mask d=0.005 np lr=0.001875 s0] step 6000/19350 val 0.6602 test 0.6758 loss 1.684 bo 4 (15s)
  [random_mask d=0.005 np lr=0.001875 s0] step 7000/19350 val 0.5732 test 0.5879 loss 4.260 bo 4 (17s)
  [random_mask d=0.005 np lr=0.001875 s0] step 8000/19350 val 0.3634 test 0.3885 loss 15.501 bo 4 (20s)
  [random_mask d=0.005 np s0] diverged at step 8003: restore to 7800 + lr -> 0.0009375 (backoff 5)
  [random_mask d=0.005 np lr=0.0009375 s0] step 8000/19350 val 0.6370 test 0.6591 loss 3.786 bo 5 (20s)
  [random_mask d=0.005 np lr=0.0009375 s0] step 9000/19350 val 0.7282 test 0.7447 loss 2.209 bo 5 (22s)
  [random_mask d=0.005 np lr=0.0009375 s0] step 10000/19350 val 0.7218 test 0.7427 loss 2.546 bo 5 (24s)
  [random_mask d=0.005 np lr=0.0009375 s0] step 11000/19350 val 0.7502 test 0.7632 loss 1.942 bo 5 (26s)
  [random_mask d=0.005 np lr=0.0009375 s0] step 12000/19350 val 0.7460 test 0.7647 loss 1.378 bo 5 (28s)
  [random_mask d=0.005 np lr=0.0009375 s0] step 13000/19350 val 0.7650 test 0.7869 loss 1.855 bo 5 (30s)
  [random_mask d=0.005 np lr=0.0009375 s0] step 14000/19350 val 0.7672 test 0.7840 loss 0.818 bo 5 (32s)
  [random_mask d=0.005 np lr=0.0009375 s0] step 15000/19350 val 0.7732 test 0.7898 loss 0.919 bo 5 (34s)
  [random_mask d=0.005 np lr=0.0009375 s0] step 16000/19350 val 0.7910 test 0.8046 loss 0.527 bo 5 (37s)
  [random_mask d=0.005 np lr=0.0009375 s0] step 17000/19350 val 0.7922 test 0.8064 loss 1.200 bo 5 (39s)
  [random_mask d=0.005 np lr=0.0009375 s0] step 18000/19350 val 0.7942 test 0.8055 loss 1.390 bo 5 (41s)
  [random_mask d=0.005 np lr=0.0009375 s0] step 19000/19350 val 0.7958 test 0.8065 loss 0.904 bo 5 (43s)
  [random_mask d=0.005 np lr=0.0009375 s0] step 19350/19350 val 0.7962 test 0.8066 loss 1.026 bo 5 (44s)
  -> results\p3\h3long\random_mask_d0.005\np\seed0.json val 0.7962 test 0.8066 acc0 0.096 backoffs 5 perturbed 11,318 (44s)
  [dense d=1 fg lr=0.0002 s0] step 1000/19350 val 0.7768 test 0.7840 loss 0.743 bo 0 (14s)
  [dense d=1 fg s0] diverged at step 1213: restore to 1000 + lr -> 0.0001 (backoff 1)
  [dense d=1 fg lr=0.0001 s0] step 2000/19350 val 0.6810 test 0.6909 loss 1.120 bo 1 (31s)
  [dense d=1 fg s0] diverged at step 2206: restore to 2000 + lr -> 5e-05 (backoff 2)
  [dense d=1 fg lr=5e-05 s0] step 3000/19350 val 0.6958 test 0.7100 loss 4.970 bo 2 (48s)
  [dense d=1 fg s0] diverged at step 3453: restore to 3200 + lr -> 2.5e-05 (backoff 3)
  [dense d=1 fg lr=2.5e-05 s0] step 4000/19350 val 0.7088 test 0.7201 loss 5.944 bo 3 (66s)
  [dense d=1 fg s0] diverged at step 4828: restore to 4600 + lr -> 1.25e-05 (backoff 4)
  [dense d=1 fg lr=1.25e-05 s0] step 5000/19350 val 0.7398 test 0.7484 loss 8.581 bo 4 (83s)
  [dense d=1 fg lr=1.25e-05 s0] step 6000/19350 val 0.7738 test 0.7834 loss 6.800 bo 4 (98s)
  [dense d=1 fg lr=1.25e-05 s0] step 7000/19350 val 0.7926 test 0.8005 loss 14.687 bo 4 (112s)
  [dense d=1 fg lr=1.25e-05 s0] step 8000/19350 val 0.8076 test 0.8200 loss 11.163 bo 4 (126s)
  [dense d=1 fg s0] diverged at step 8419: restore to 8200 + lr -> 6.25e-06 (backoff 5)
  [dense d=1 fg lr=6.25e-06 s0] step 9000/19350 val 0.8164 test 0.8300 loss 7.752 bo 5 (143s)
  [dense d=1 fg lr=6.25e-06 s0] step 10000/19350 val 0.8294 test 0.8417 loss 7.395 bo 5 (158s)
  [dense d=1 fg lr=6.25e-06 s0] step 11000/19350 val 0.8328 test 0.8478 loss 11.480 bo 5 (172s)
  [dense d=1 fg lr=6.25e-06 s0] step 12000/19350 val 0.8358 test 0.8498 loss 5.395 bo 5 (186s)
  [dense d=1 fg lr=6.25e-06 s0] step 13000/19350 val 0.8418 test 0.8494 loss 6.986 bo 5 (200s)
  [dense d=1 fg lr=6.25e-06 s0] step 14000/19350 val 0.8410 test 0.8523 loss 5.934 bo 5 (215s)
  [dense d=1 fg lr=6.25e-06 s0] step 15000/19350 val 0.8462 test 0.8542 loss 8.790 bo 5 (229s)
  [dense d=1 fg lr=6.25e-06 s0] step 16000/19350 val 0.8474 test 0.8553 loss 14.330 bo 5 (244s)
  [dense d=1 fg lr=6.25e-06 s0] step 17000/19350 val 0.8480 test 0.8553 loss 9.829 bo 5 (258s)
  [dense d=1 fg lr=6.25e-06 s0] step 18000/19350 val 0.8486 test 0.8558 loss 9.886 bo 5 (272s)
  [dense d=1 fg lr=6.25e-06 s0] step 19000/19350 val 0.8484 test 0.8559 loss 7.093 bo 5 (287s)
  [dense d=1 fg lr=6.25e-06 s0] step 19350/19350 val 0.8486 test 0.8559 loss 5.029 bo 5 (292s)
  -> results\p3\h3long\dense_d1\fg\seed0.json val 0.8485 test 0.8559 acc0 0.109 backoffs 5 perturbed 1,863,690 (292s)
  [dense d=1 np s0] diverged at step 61: restore to 0 + lr -> 0.0075 (backoff 1)
  [dense d=1 np s0] diverged at step 90: restore to 0 + lr -> 0.00375 (backoff 2)
  [dense d=1 np s0] diverged at step 138: restore to 0 + lr -> 0.001875 (backoff 3)
  [dense d=1 np s0] diverged at step 228: restore to 0 + lr -> 0.0009375 (backoff 4)
  [dense d=1 np s0] diverged at step 382: restore to 100 + lr -> 0.00046875 (backoff 5)
  [dense d=1 np lr=0.00046875 s0] step 1000/19350 val 0.5402 test 0.5386 loss 3.084 bo 5 (3s)
  [dense d=1 np s0] FAILED after 5 backoffs at step 1766
  -> results\p3\h3long\dense_d1\np\seed0.json val 0.6694 test 0.6601 acc0 0.109 backoffs 6 perturbed 1,863,690 (4s)
==== stage h3long end 18:58:02
P3_CHAIN4_DONE 2026-10-07 18:58:02.69 
